type,key,query,seller,seller_name,title,price_min,price_max,variants,option_names,personalization_words,dietary_words,url
category,favors,party favors,boite-fete.myshopify.com,Bonjour Fête ,Cake Slice Surprise Balls,3000,3000,1,,,,https://www.bonjourfete.com/products/cake-slice-surprise-balls?variant=45773297975434&_gsid=t6us6cKvsN42&utm_source=shopify&utm_medium=catalog
category,favors,party favors,f5fbe0.myshopify.com,Inkbond,Beer Birthday!,2499,2499,1,Buy more & save!,personaliz,,https://www.ink-bond.com/products/beer-birthday-temporary-tattoo?variant=45044276396323&_gsid=t6us6cKvsN42&utm_source=shopify&utm_medium=catalog
category,favors,party favors,meri-meri3.myshopify.com,Meri Meri,Surprise Mushrooms (x 3),1000,1000,1,,,,https://merimeri.com/products/surprise-mushrooms-x-3?variant=40223841091670&_gsid=t6us6cKvsN42&utm_source=shopify&utm_medium=catalog
category,favors,party favors,1agzjw-e1.myshopify.com,Party City,"Moana Mega Mix Favors, 48ct",1200,1200,1,,,,https://www.partycity.com/products/moana-mega-mix-favors-48ct?variant=52438673588503&_gsid=t6us6cKvsN42&utm_source=shopify&utm_medium=catalog
category,favors,party favors,1agzjw-e1.myshopify.com,Party City,Mickey Mouse Forever Favor Pack 48pc,1200,1200,1,,,,https://www.partycity.com/products/mickey-mouse-forever-favor-pack-48pc?variant=52439146332439&_gsid=t6us6cKvsN42&utm_source=shopify&utm_medium=catalog
category,favors,party favors,meri-meri3.myshopify.com,Meri Meri,Smiley Face Surprise Balls (x 6),3200,3200,1,,,,https://merimeri.com/products/happy-face-icons-surprise-balls-x-6?variant=40488145846358&_gsid=t6us6cKvsN42&utm_source=shopify&utm_medium=catalog
category,favors,party favors,1agzjw-e1.myshopify.com,Party City,"Frozen Mega Mix Favors, 48ct",1200,1200,1,,,,https://www.partycity.com/products/frozen-mega-mix-favors-48ct?variant=52438823797015&_gsid=t6us6cKvsN42&utm_source=shopify&utm_medium=catalog
category,favors,party favors,tantrum.myshopify.com,TANTRUM,Multi Surprise Balls (pk6),2900,2900,1,,,,https://shoptantrum.com/products/multi-surprise-balls?variant=45002905714928&_gsid=t6us6cKvsN42&utm_source=shopify&utm_medium=catalog
category,favors,party favors,meri-meri3.myshopify.com,Meri Meri,Surprise Cake Slices (x 6),3200,3200,1,,,,https://merimeri.com/products/surprise-cake-slices-x-6?variant=41969637752918&_gsid=t6us6cKvsN42&utm_source=shopify&utm_medium=catalog
category,favors,party favors,meri-meri3.myshopify.com,Meri Meri,Rainbow Surprise Balls (x 6),3200,3200,1,,,,https://merimeri.com/products/rainbow-surprise-balls?variant=39274469523542&_gsid=t6us6cKvsN42&utm_source=shopify&utm_medium=catalog
category,favors,party favors,jjspartyfavors.myshopify.com,JJsPartyFavors,Custom Party Package,9000,9000,1,Style,custom; personaliz,,https://jjspartyfavors.net/products/party-favors?variant=39992502485049&_gsid=t6us6cKvsN42&utm_source=shopify&utm_medium=catalog
category,favors,party favors,sunkissed-party-co.myshopify.com,Sunkissed Party Co,Face on a Stick,1199,1199,1,Quantity; Add confetti stickers?,personaliz,,https://www.sunkissedpartyco.com/products/face-on-a-stick?variant=46232251433185&_gsid=t6us6cKvsN42&utm_source=shopify&utm_medium=catalog
category,favors,party favors,meri-meri3.myshopify.com,Meri Meri,Multicolor Party Favor Bags (x 8),2000,2000,1,,,,https://merimeri.com/products/multicolor-party-bags-set-of-8?variant=39841005862998&_gsid=t6us6cKvsN42&utm_source=shopify&utm_medium=catalog
category,favors,party favors,meri-meri3.myshopify.com,Meri Meri,Fairy Party Favor Bags (x 8),2000,2000,1,,,,https://merimeri.com/products/fairy-party-bags?variant=33455693693014&_gsid=t6us6cKvsN42&utm_source=shopify&utm_medium=catalog
category,favors,party favors,9b0dac-b6.myshopify.com,Factory Direct Party,Super Mario Party Favour Mega Mix Pack - 48 Pieces,1405,1405,1,,,,https://factorydirectparty.com/products/nintendo-super-mario-bros-luigi-princess-peach-yoshi-mega-mix-party-favour-pack-blue-red-48-pk-for-birthday-party-favour?variant=51495476756785&_gsid=t6us6cKvsN42&utm_source=shopify&utm_medium=catalog
category,favors,party favors,nordic-trade-design.myshopify.com,SOCKERBIT,Party Favor Swedish Candy Bag,700,700,1,Mix,,,https://sockerbit.com/products/favor-bags?variant=31811062792234&_gsid=t6us6cKvsN42&utm_source=shopify&utm_medium=catalog
category,favors,party favors,efavormart-new.myshopify.com,efavormart.com,"25 Pack Pink Butterfly Themed Party Favor Boxes with ""Thank You"" Print, Cardstock Paper Candy Gift Boxes - 4""x4""x2""",599,599,1,Color,,,https://www.efavormart.com/products/25-pack-pink-butterfly-themed-party-favor-boxes-with-thank-you-print-cardstock-paper-candy-gift-boxes-4x4x2?variant=40906106306606&_gsid=t6us6cKvsN42&utm_source=shopify&utm_medium=catalog
category,favors,party favors,1agzjw-e1.myshopify.com,Party City,"Disney Princess Once Upon A Time Mega Mix Favors, 48ct",1200,1200,1,,,,https://www.partycity.com/products/disney-princess-once-upon-a-time-mega-mix-favors-48ct?variant=52439072964887&_gsid=t6us6cKvsN42&utm_source=shopify&utm_medium=catalog
category,favors,party favors,meri-meri3.myshopify.com,Meri Meri,Striped Party Favor Bags (x 8),2000,2000,1,,,,https://merimeri.com/products/stripe-party-bags-x-8?variant=40488061501526&_gsid=t6us6cKvsN42&utm_source=shopify&utm_medium=catalog
category,favors,party favors,party-mania-usa.myshopify.com,Party Mania USA,"Godzilla Treat Favor Boxes, 8 Per pack, Measures  8x5x3 inches Made in the USA",1899,1899,1,,,,https://partymaniausa.com/products/godzilla-favor-treat-boxes-8ct?variant=40819130958014&_gsid=t6us6cKvsN42&utm_source=shopify&utm_medium=catalog
category,favors,party favors,9b0dac-b6.myshopify.com,Factory Direct Party,Get Wild Jungle Birthday Mega Mix Favor Pack - 48 Pieces,1354,1354,1,,,,https://factorydirectparty.com/products/get-wild-rawr-jungle-animals-mega-mix-party-favour-pack-green-orange-yellow-48-pk-for-birthday-party-favour?variant=51490278506801&_gsid=t6us6cKvsN42&utm_source=shopify&utm_medium=catalog
category,favors,party favors,meri-meri3.myshopify.com,Meri Meri,Velvet Bow Surprise Balls (x 6),3200,3200,1,Occasion,,,https://merimeri.com/products/velvet-bow-surprise-balls-x-6?variant=41969644404822&_gsid=t6us6cKvsN42&utm_source=shopify&utm_medium=catalog
category,favors,party favors,9b0dac-b6.myshopify.com,Factory Direct Party,Spider-Man Goo Slime Party Favor Set,446,446,1,,,,https://factorydirectparty.com/products/spider-man-goo-slime-party-favor-set?variant=51491506389297&_gsid=t6us6cKvsN42&utm_source=shopify&utm_medium=catalog
category,favors,party favors,meri-meri3.myshopify.com,Meri Meri,Meri Meri x Liberty Floral Party Favor Bags (x 8),2400,2400,1,,,,https://merimeri.com/products/meri-meri-x-liberty-party-bags-x-8?variant=43791598485590&_gsid=t6us6cKvsN42&utm_source=shopify&utm_medium=catalog
category,favors,party favors,prime-party.myshopify.com,Prime Party,Monster Jam Tire Favor Boxes (Pack of 8),1099,1099,1,,,,https://primeparty.com/products/monster-jam-tire-favor-boxes-pack-of-8?variant=40136166441018&_gsid=t6us6cKvsN42&utm_source=shopify&utm_medium=catalog
category,favors,party favors,ad4903-c2.myshopify.com,Maisonette,Velvet Bow Surprise Balls,3200,3200,1,Color,,,https://www.maisonette.com/products/velvet-bow-surprise-balls?variant=43165611556927&_gsid=t6us6cKvsN42&utm_source=shopify&utm_medium=catalog
category,favors,party favors,simplysweetfavors.myshopify.com,SimplySweetFavors,"Popcorn Party Favors – Flat Bottom Bags, Salty Popcorn Treats, Baby Shower, Birthday & Event Favor Bags",3600,3600,1,Label type; Quantity,,,https://simplysweetfavors.com/products/a-little-cutie-baby-shower-cotton-candy-favors-small-flat-bottom-bags-personalized-citrus-theme-party-treats-orange-baby-shower-favors-copy?variant=46668277907595&_gsid=t6us6cKvsN42&utm_source=shopify&utm_medium=catalog
category,favors,party favors,f5fbe0.myshopify.com,Inkbond,"The Man, The Myth, The Legend",2499,2499,1,Buy more & save!,personaliz,,https://www.ink-bond.com/products/the-man-the-myth-the-legend-birthday-tattoo?variant=48198336774435&_gsid=t6us6cKvsN42&utm_source=shopify&utm_medium=catalog
category,favors,party favors,prime-party.myshopify.com,Prime Party,Monsters Inc. Favor Boxes (Pack of 8),1099,1099,1,,,,https://primeparty.com/products/monsters-inc-favor-boxes-pack-of-8?variant=41102345371706&_gsid=t6us6cKvsN42&utm_source=shopify&utm_medium=catalog
category,favors,party favors,tantrum.myshopify.com,TANTRUM,24 Assorted Party Favor Bags and Stickers,1700,1700,1,,,,https://shoptantrum.com/products/24-assorted-pattern-paper-party-favour-bags-and-stickers?variant=47770788626672&_gsid=t6us6cKvsN42&utm_source=shopify&utm_medium=catalog
category,favors,party favors,2sj189-iu.myshopify.com,Party Time Today,"Batman Favor Pack, 48ct",1275,1275,1,,,,https://partytimetoday.com/products/batman-favor-pack-48ct?variant=51547541078296&_gsid=t6us6cKvsN42&utm_source=shopify&utm_medium=catalog
category,favors,party favors,seed-bloom-gifts.myshopify.com,Seed Bloom Gifts,Bloom Footprint Favors,1895,1895,1,Color; Set,,,https://seedbloomgifts.com/products/baby-in-bloom-baby-footprints-seed-paper-baby-shower-favors?variant=42847524749401&_gsid=t6us6cKvsN42&utm_source=shopify&utm_medium=catalog
category,favors,party favors,1agzjw-e1.myshopify.com,Party City,Spider-Man Webbed Wonder Favor Pack 48pc,1000,1000,1,,,,https://www.partycity.com/products/spider-man-webbed-wonder-favor-pack-48pc?variant=52438140354839&_gsid=t6us6cKvsN42&utm_source=shopify&utm_medium=catalog
category,favors,party favors,1agzjw-e1.myshopify.com,Party City,"Hot Wheels Party Favor Pack, 48pc",1000,1000,1,,,,https://www.partycity.com/products/hot-wheels-party-favor-pack-48pc?variant=52438489104663&_gsid=t6us6cKvsN42&utm_source=shopify&utm_medium=catalog
category,favors,party favors,efavormart-new.myshopify.com,efavormart.com,"12 Pack Clear Bow Top Plastic Candy Container Gift Boxes, Transparent Party Favor Boxes 3"" Square",1099,1099,1,Color,,,https://www.efavormart.com/products/12-pack-3-square-clear-bow-top-plastic-candy-container-gift-boxes-transparent-party-favor-boxes?variant=39663941189678&_gsid=t6us6cKvsN42&utm_source=shopify&utm_medium=catalog
category,favors,party favors,boite-fete.myshopify.com,Bonjour Fête ,Dinosaur Themed Favor Bags,1800,1800,1,,,,https://www.bonjourfete.com/products/dinosaur-themed-favor-bags?variant=31587960455306&_gsid=t6us6cKvsN42&utm_source=shopify&utm_medium=catalog
category,favors,party favors,prime-party.myshopify.com,Prime Party,Toy Story 4 Paper Favor Bags (Set of 8),449,449,1,,,,https://primeparty.com/products/toy-story-4-paper-favor-bags-set-of-8?variant=40792928157754&_gsid=t6us6cKvsN42&utm_source=shopify&utm_medium=catalog
category,favors,party favors,meri-meri3.myshopify.com,Meri Meri,Mermaid Party Favor Bags (x 8),2000,2000,1,,,,https://merimeri.com/products/mermaid-party-bags?variant=39274469589078&_gsid=t6us6cKvsN42&utm_source=shopify&utm_medium=catalog
category,favors,party favors,wrapped-by-brat.myshopify.com,Wrapped By Brat ,Party Favor Packages,10000,10000,1,Options,custom,,https://wrappedbybrat.com/products/party-favors-2?variant=44108684361968&_gsid=t6us6cKvsN42&utm_source=shopify&utm_medium=catalog
category,favors,party favors,earles-folly.myshopify.com,Earle's Folly,Custom Face Fans,2299,2299,1,Quantity included,custom; personaliz,,https://earlesfolly.com/products/custom-face-fans?variant=47463706394789&_gsid=t6us6cKvsN42&utm_source=shopify&utm_medium=catalog
category,favors,party favors,7epq0z-0c.myshopify.com,armniworks,Kids Party Favor Bundle,15500,15500,1,,custom,,https://armniworks.com/products/kids-party-favor-bundle?variant=46992278290589&_gsid=t6us6cKvsN42&utm_source=shopify&utm_medium=catalog
category,favors,party favors,boite-fete.myshopify.com,Bonjour Fête ,Lemon Surprise Ball,1500,1500,1,,,,https://www.bonjourfete.com/products/lemon-surprise-ball?variant=41175451795594&_gsid=t6us6cKvsN42&utm_source=shopify&utm_medium=catalog
category,favors,party favors,party-mania-usa.myshopify.com,Party Mania USA,"Godzilla vs. King Kong Treat Favor Boxes, 8 Per pack, Measures  8x5x3 inches Made in the USA",1899,1899,1,,,,https://partymaniausa.com/products/godzilla-vs-kong-favor-treat-boxes-8ct-party-supplies?variant=40819148849342&_gsid=t6us6cKvsN42&utm_source=shopify&utm_medium=catalog
category,favors,party favors,prime-party.myshopify.com,Prime Party,Ghostbusters Ghost Trap Favor Boxes (Set of 8),1099,1099,1,,,,https://primeparty.com/products/ghostbusters-ghost-trap-favor-boxes?variant=40486081265722&_gsid=t6us6cKvsN42&utm_source=shopify&utm_medium=catalog
category,favors,party favors,simplysweetfavors.myshopify.com,SimplySweetFavors,Personalized Cotton Candy OG Bags – One Flavor per Bag Custom Party Favors | Simply Sweet Favors,3600,3600,1,Label type; Quantity,personaliz; custom,,https://simplysweetfavors.com/products/personalized-original-cotton-candy-bags-1-flavor-per-bag-10-bags-minimum-per-flavor-1?variant=43059708199051&_gsid=t6us6cKvsN42&utm_source=shopify&utm_medium=catalog
category,favors,party favors,1agzjw-e1.myshopify.com,Party City,Rainbow Springs 24ct,600,600,1,,,,https://www.partycity.com/products/rainbow-springs-24ct?variant=52438775791895&_gsid=t6us6cKvsN42&utm_source=shopify&utm_medium=catalog
category,favors,party favors,tableclothsfactory-com.myshopify.com,tableclothsfactory.com,"12 Pack 4"" Clear Gold Mini Crown Treats Party Favor Boxes, Small Treats Jar Party Favor Boxes With Dome Lid",1099,1099,1,,,,https://tableclothsfactory.com/products/12-pack-4-clear-gold-mini-crown-treats-party-favor-boxes-small-treats-jar-party-favor-boxes-with-dome-lid?variant=38922356261049&_gsid=t6us6cKvsN42&utm_source=shopify&utm_medium=catalog
category,favors,party favors,shop-bellavita.myshopify.com,Bella Vita,Unicorn Piñata Favor,1300,1300,1,,,,https://bellavitahome.com/products/unicorn-pinata-favor?variant=43959688593625&_gsid=t6us6cKvsN42&utm_source=shopify&utm_medium=catalog
category,favors,party favors,1agzjw-e1.myshopify.com,Party City,"Diggin Dinos Mega Mix Favors, 48ct",1000,1000,1,,,,https://www.partycity.com/products/diggin-dinos-mega-mix-favors-48ct?variant=52438818652439&_gsid=t6us6cKvsN42&utm_source=shopify&utm_medium=catalog
category,favors,party favors,1agzjw-e1.myshopify.com,Party City,"Enchanted Unicorn Favor Pack, 48pc",1000,1000,1,,,,https://www.partycity.com/products/enchanted-unicorn-favor-pack-48pc?variant=52438906208535&_gsid=t6us6cKvsN42&utm_source=shopify&utm_medium=catalog
category,cookies,cookie favors,d5ffd8-ca.myshopify.com,Romero,COOKIE FAVORS,1200,1200,1,,,,https://romerocookies.com/products/cookie-favors-box?variant=43855585476748&_gsid=idoLtfaM4Auj&utm_source=shopify&utm_medium=catalog
category,cookies,cookie favors,misericordia-ae.myshopify.com,Misericordia ,Cookie Favors,350,350,1,Flavors,,,https://www.misericordia.com/products/cookie-favors?variant=43843377070140&_gsid=idoLtfaM4Auj&utm_source=shopify&utm_medium=catalog
category,cookies,cookie favors,k07ked-t5.myshopify.com,Tate's Bake Shop,Party Favors,4500,4500,1,,,,https://shop.tatesbakeshop.com/products/chocolate-chip-party-favors?variant=43932612067362&_gsid=idoLtfaM4Auj&utm_source=shopify&utm_medium=catalog
category,cookies,cookie favors,jkchocolatetreats.myshopify.com,Microchip Cookies,Classic Party Favor,650,650,1,Title,custom,,https://microchipcookies.com/products/classic-party-favor?variant=42292039221444&_gsid=idoLtfaM4Auj&utm_source=shopify&utm_medium=catalog
category,cookies,cookie favors,cookiesbydesignprod.myshopify.com,Cookies by Design,School Love Favor Tray,6199,6199,1,,custom,,https://www.cookiesbydesign.com/products/school-love-favor-cookie-tray-try75?variant=46893599523054&_gsid=idoLtfaM4Auj&utm_source=shopify&utm_medium=catalog
category,cookies,cookie favors,cookiesbydesignprod.myshopify.com,Cookies by Design,USA250 Favor Tray,5699,5699,1,,,,https://www.cookiesbydesign.com/products/usa-250-cookie-favor-tray-try250?variant=48129680048366&_gsid=idoLtfaM4Auj&utm_source=shopify&utm_medium=catalog
category,cookies,cookie favors,k07ked-t5.myshopify.com,Tate's Bake Shop,Wedding Favors,4500,4500,1,,,,https://shop.tatesbakeshop.com/products/wedding-favors?variant=43832149573666&_gsid=idoLtfaM4Auj&utm_source=shopify&utm_medium=catalog
category,cookies,cookie favors,cookiesbydesignprod.myshopify.com,Cookies by Design,Party Cupcakes Favor Tray,5699,5699,1,,,,https://www.cookiesbydesign.com/products/party-cupcake-favor-tray-try475?variant=46893598605550&_gsid=idoLtfaM4Auj&utm_source=shopify&utm_medium=catalog
category,cookies,cookie favors,the-rounds-dev.myshopify.com,The Rounds™,Sweet Party Favors,400,400,1,Icing style; Sticker,,,https://www.theroundsnyc.com/products/sweet-party-favors?variant=47020824822056&_gsid=idoLtfaM4Auj&utm_source=shopify&utm_medium=catalog
category,cookies,cookie favors,jkchocolatetreats.myshopify.com,Microchip Cookies,Party Favor Jar,850,850,1,Title,,,https://microchipcookies.com/products/party-favor-jar?variant=42239973392580&_gsid=idoLtfaM4Auj&utm_source=shopify&utm_medium=catalog
category,cookies,cookie favors,rosebudchocolates.myshopify.com,Rosebud Chocolates,12 FLIP FLOP Chocolate Covered Oreo Cookie Candy Party Favors,3500,3500,1,,custom,,https://www.rosebudchocolates.com/products/12-flip-flop-chocolate-covered-oreo-cookie-candy-party-favors?variant=31371568316512&_gsid=idoLtfaM4Auj&utm_source=shopify&utm_medium=catalog
category,cookies,cookie favors,cookie-hq.myshopify.com,Custom Cookie Co.,Chocolate Halloween Oreo Cookie Favors - 6 Favor Boxes,3695,3695,1,,,,https://thecustomcookiecompany.com/products/2pc-chocolate-halloween-oreo-favors?variant=32101264818287&_gsid=idoLtfaM4Auj&utm_source=shopify&utm_medium=catalog
category,cookies,cookie favors,cookiesbydesignprod.myshopify.com,Cookies by Design,Pool Party Favor Tray,6199,6199,1,,,,https://www.cookiesbydesign.com/products/pool-party-favor-cookie-tray-try71?variant=45894157009134&_gsid=idoLtfaM4Auj&utm_source=shopify&utm_medium=catalog
category,cookies,cookie favors,phkge6-ha.myshopify.com,Whimsy,Heart Bites Cookie Favors,6000,6000,1,,,,https://whimsycookieco.com/products/whimsy-heart-bites-cookie-favors?variant=47797762392289&_gsid=idoLtfaM4Auj&utm_source=shopify&utm_medium=catalog
category,cookies,cookie favors,cookiesbydesignprod.myshopify.com,Cookies by Design,It’s a Girl Favor Tray,5699,5699,1,,,,https://www.cookiesbydesign.com/products/its-a-girl-cookie-favor-tray-try471?variant=46893598572782&_gsid=idoLtfaM4Auj&utm_source=shopify&utm_medium=catalog
category,cookies,cookie favors,cookie-hq.myshopify.com,Custom Cookie Co.,Logo or Photo Oreo Favor Bag - 4 pcs,5495,5495,1,,personaliz; custom,,https://thecustomcookiecompany.com/products/logo-or-photo-oreo-favor-bag-4pcs?variant=31696405725295&_gsid=idoLtfaM4Auj&utm_source=shopify&utm_medium=catalog
category,cookies,cookie favors,qihc60-rm.myshopify.com,Simply Sweets by Lauren,Cookie Favors,7500,7500,1,,custom; monogram,,https://www.simplysweetsbylauren.com/products/cookie-favors?variant=44755737542756&_gsid=idoLtfaM4Auj&utm_source=shopify&utm_medium=catalog
category,cookies,cookie favors,cookiesbydesignprod.myshopify.com,Cookies by Design,Cookies for Santa Cookie Favors,499,499,1,,,,https://www.cookiesbydesign.com/products/cookies-for-santa-favors-cfa488?variant=47362559181038&_gsid=idoLtfaM4Auj&utm_source=shopify&utm_medium=catalog
category,cookies,cookie favors,cookie-hq.myshopify.com,Custom Cookie Co.,Wedding Favor Crystal Clear Favor Gift Box  - 6 Favor Boxes,3995,3995,1,,,,https://thecustomcookiecompany.com/products/wedding-favor-crystal-clear-2pc-favor-gift-box-6-pcs?variant=31294013309039&_gsid=idoLtfaM4Auj&utm_source=shopify&utm_medium=catalog
category,cookies,cookie favors,incrediblecookies.myshopify.com,Incredible Cookies,"Logo Upload - Personalized Direct Print On Round Sugar Cookie w/ Matching Personalized Favor Box, Sticker & Bow Choice",699,699,1,,personaliz; custom,,https://incrediblecookies.com/products/logo-upload-personalized-direct-print-on-round-sugar-cookie-w-matching-personalized-favor-box-sticker?variant=50547919454508&_gsid=idoLtfaM4Auj&utm_source=shopify&utm_medium=catalog
category,cookies,cookie favors,drunkencookies.myshopify.com,Drunken Cookies,6 Pack Cookie Build a Box,4400,4400,1,,,,https://drunkencookies.com/products/6-pack-cookie-build-a-box?variant=46044674031842&_gsid=idoLtfaM4Auj&utm_source=shopify&utm_medium=catalog
category,cookies,cookie favors,cookiesbydesignprod.myshopify.com,Cookies by Design,Summer Vibes Favor Tray,5699,5699,1,,,,https://www.cookiesbydesign.com/products/summer-vibes-flamingo-cookie-favor-tray-try483?variant=46893598769390&_gsid=idoLtfaM4Auj&utm_source=shopify&utm_medium=catalog
category,cookies,cookie favors,milk-bar-development.myshopify.com,Milk Bar,Assorted Cookie Tin - 6 Count,2800,2800,1,Size,,,https://milkbarstore.com/products/assorted-cookie-tin?variant=31411263012937&_gsid=idoLtfaM4Auj&utm_source=shopify&utm_medium=catalog
category,cookies,cookie favors,cookie-hq.myshopify.com,Custom Cookie Co.,Crystal Clear 3Pc Favor Gift Box  - 6 pcs,7395,7395,1,Select bow,,,https://thecustomcookiecompany.com/products/crystal-clear-3pc-favor-gift-box-6-pcs?variant=33953161930&_gsid=idoLtfaM4Auj&utm_source=shopify&utm_medium=catalog
category,cookies,cookie favors,new-food-brand.myshopify.com,Veeha Foods,Dohful Assorted Cookies,1979,1979,1,Pack size,,,https://veehafoods.com/products/assorted-cookies?variant=43531155963951&_gsid=idoLtfaM4Auj&utm_source=shopify&utm_medium=catalog
category,cookies,cookie favors,rosebudchocolates.myshopify.com,Rosebud Chocolates,12 SCALES OF JUSTICE Chocolate Covered Oreo Cookie Candy Party Favors,3600,3600,1,Flavor,,,https://www.rosebudchocolates.com/products/12-justice-scales-chocolate-covered-oreo-cookie-candy-party-favors?variant=42648190976155&_gsid=idoLtfaM4Auj&utm_source=shopify&utm_medium=catalog
category,cookies,cookie favors,cookiesbydesignprod.myshopify.com,Cookies by Design,Gender Reveal Favor Tray,5699,5699,1,,,,https://www.cookiesbydesign.com/products/gender-reveal-favor-cookie-tray-try74?variant=46893599195374&_gsid=idoLtfaM4Auj&utm_source=shopify&utm_medium=catalog
category,cookies,cookie favors,cookiesbydesignprod.myshopify.com,Cookies by Design,Oh Baby! Favor Tray,5699,5699,1,,,,https://www.cookiesbydesign.com/products/oh-baby-favor-cookie-tray-try73?variant=46893599162606&_gsid=idoLtfaM4Auj&utm_source=shopify&utm_medium=catalog
category,cookies,cookie favors,oreo-prod.myshopify.com,OREO,OREOiD Favor Box - 1ct,283,283,1,Volume price,personaliz,,https://shop.oreo.com/products/oreoid-favor-box-1-ct-1?variant=41334386491526&_gsid=idoLtfaM4Auj&utm_source=shopify&utm_medium=catalog
category,cookies,cookie favors,ee753e-5.myshopify.com,Ollie's Great Bakery,Red Cookie Party Favors,12000,12000,1,Size,,,https://olliesgreatbakery.com/products/red-cookie-party-favors?variant=47573367718066&_gsid=idoLtfaM4Auj&utm_source=shopify&utm_medium=catalog
category,cookies,cookie favors,cookiesbydesignprod.myshopify.com,Cookies by Design,It's All About Pie Favor Tray,5699,5699,1,,,,https://www.cookiesbydesign.com/products/its-all-about-the-pie-try48?variant=46893598638318&_gsid=idoLtfaM4Auj&utm_source=shopify&utm_medium=catalog
category,cookies,cookie favors,milk-bar-development.myshopify.com,Milk Bar,The Cookie Faves Tin - 12 Count,4800,4800,1,,,,https://milkbarstore.com/products/cookie-faves-tin?variant=31564988907593&_gsid=idoLtfaM4Auj&utm_source=shopify&utm_medium=catalog
category,cookies,cookie favors,r0u31a-se.myshopify.com,Let’s Sprinkle by MG,Sprinkle Cookies - 12ct,2999,2999,1,,,,https://letssprinklebymg.com/products/sprinkle-cookies-12ct?variant=46863991210224&_gsid=idoLtfaM4Auj&utm_source=shopify&utm_medium=catalog
category,cookies,cookie favors,incrediblecookies.myshopify.com,Incredible Cookies,Add your own Photo- Gourmet Chocolate Chip Or Variety Pack W/ Full Color Personalized Sticker,330,330,1,Step 2 - select your cookie flavor; Step 1 - select your cookie size,personaliz; custom,,https://incrediblecookies.com/products/add-your-own-photo-gourmet-chocolate-chip-or-variety-pack-w-full-color-personalized-sticker?variant=49830983532844&_gsid=idoLtfaM4Auj&utm_source=shopify&utm_medium=catalog
category,cookies,cookie favors,rosebudchocolates.myshopify.com,Rosebud Chocolates,12 #90 Chocolate Covered Oreo Cookie Candy Party Favors GOLD DUSTED 90th Birthday,3600,3600,1,Flavor,,,https://www.rosebudchocolates.com/products/12-90-chocolate-covered-oreo-cookie-candy-party-favors-gold-dusted-90th-birthday?variant=48828742336667&_gsid=idoLtfaM4Auj&utm_source=shopify&utm_medium=catalog
category,cookies,cookie favors,cookie-hq.myshopify.com,Custom Cookie Co.,Favor Gift Boxes of Logo Oreo Cookies - 6 Favor Boxes,5595,5595,1,,personaliz; custom,,https://thecustomcookiecompany.com/products/6-gift-boxes-of-2pc-logo-oreo-cookies?variant=31696261447791&_gsid=idoLtfaM4Auj&utm_source=shopify&utm_medium=catalog
category,cookies,cookie favors,incrediblecookies.myshopify.com,Incredible Cookies,"Personalized Custom ""Add Your Own Photo” Direct Print on Round Sugar Cookies",499,499,1,,personaliz; custom,,https://incrediblecookies.com/products/sugar-cookie-round-add-your-own-photo?variant=44783585689900&_gsid=idoLtfaM4Auj&utm_source=shopify&utm_medium=catalog
category,cookies,cookie favors,rosebudchocolates.myshopify.com,Rosebud Chocolates,12 HORSE Chocolate Covered Oreo Cookie Candy Party Favors,3500,3500,1,,,,https://www.rosebudchocolates.com/products/12-horse-chocolate-covered-oreo-cookie-candy-party-favors?variant=41713374625947&_gsid=idoLtfaM4Auj&utm_source=shopify&utm_medium=catalog
category,cookies,cookie favors,cookiesbydesignprod.myshopify.com,Cookies by Design,Majestic Mermaids Favor Tray,5699,5699,1,,,,https://www.cookiesbydesign.com/products/majestic-mermaids-party-cookie-tray-try481?variant=46893598736622&_gsid=idoLtfaM4Auj&utm_source=shopify&utm_medium=catalog
category,cookies,cookie favors,cookiesbydesignprod.myshopify.com,Cookies by Design,Party POP Favor Tray,5699,5699,1,,,,https://www.cookiesbydesign.com/products/party-pop-cookie-favor-tray-try480?variant=46893598703854&_gsid=idoLtfaM4Auj&utm_source=shopify&utm_medium=catalog
category,cookies,cookie favors,cookiesbydesignprod.myshopify.com,Cookies by Design,Halloween Bash Favor Tray,6199,6199,1,,,,https://www.cookiesbydesign.com/products/halloween-bash-cookie-favor-tray-try37?variant=46893597556974&_gsid=idoLtfaM4Auj&utm_source=shopify&utm_medium=catalog
category,cookies,cookie favors,incrediblecookies.myshopify.com,Incredible Cookies,"Custom ""Upload Your Own Photo - Gourmet Chocolate Chip Or Variety Pack W/ Full Color Personalized Sticker, Favor Box & Bow Choice",530,530,1,Step 2 - select your cookie flavor; Step 1 - select your cookie size,custom; personaliz,,https://incrediblecookies.com/products/custom-upload-your-own-photo-gourmet-chocolate-chip-or-variety-pack-w-full-color-personalized-sticker-favor-box-bow-choice?variant=51204768989484&_gsid=idoLtfaM4Auj&utm_source=shopify&utm_medium=catalog
category,cookies,cookie favors,tnt-sweets.myshopify.com,TNT Sweets,The Petite | 10-Piece Cookie Favor Set,4000,4000,1,First flavor selection,,,https://tntsweets.com/products/the-petite-10-piece-cookie-favor-set?variant=40777197551745&_gsid=idoLtfaM4Auj&utm_source=shopify&utm_medium=catalog
category,cookies,cookie favors,ee753e-5.myshopify.com,Ollie's Great Bakery,Light Blue Cookie Party Favors,12000,12000,1,Size,,,https://olliesgreatbakery.com/products/light-blue-cookie-party-favors?variant=47573350744242&_gsid=idoLtfaM4Auj&utm_source=shopify&utm_medium=catalog
category,cookies,cookie favors,rosebudchocolates.myshopify.com,Rosebud Chocolates,8 Sets #75 Chocolate Covered Oreo Cookies Personalized Tags 75th Birthday Party Favors,3800,3800,1,Style of tags,personaliz,,https://www.rosebudchocolates.com/products/8-pairs-number-75-happy-birthday-tag-chocolate-covered-oreo-cookies-75th-birthday-party-favors?variant=42006771499163&_gsid=idoLtfaM4Auj&utm_source=shopify&utm_medium=catalog
category,cookies,cookie favors,flower-hill-cookie-factory.myshopify.com,Flower Hill Cookie Factory,Yellow Polka Dot Bikini Cookie Favor,600,600,1,,,,https://flowerhillcookiefactory.com/products/yellow-polka-dot-bikini-cookie-favor?variant=39380207009858&_gsid=idoLtfaM4Auj&utm_source=shopify&utm_medium=catalog
category,cookies,cookie favors,cookie-hq.myshopify.com,Custom Cookie Co.,Individual Oreo Favors in Gift Boxes  - 12 pcs,5995,5995,1,,personaliz,,https://thecustomcookiecompany.com/products/1pc-favor-gift-box-12-pcs?variant=31696393240687&_gsid=idoLtfaM4Auj&utm_source=shopify&utm_medium=catalog
category,cookies,cookie favors,almotti-gluten-free-bakery.myshopify.com,Almotti Gluten Free Italian Delicacies,Personalized Almotti Favors - 6 pack,3000,3000,1,Size,personaliz; custom,,https://almotti.com/products/favors?variant=37625730072773&_gsid=idoLtfaM4Auj&utm_source=shopify&utm_medium=catalog
category,cookies,cookie favors,incrediblecookies.myshopify.com,Incredible Cookies,"A Sweet Thank You from Logo Upload (Any color) - Gourmet Chocolate Chip Or Variety Pack W/ Full Color Personalized Sticker, Favor Box & Bow Choice",530,530,1,Step 2 - select your cookie flavor; Step 1 - select your cookie size,personaliz; custom,,https://incrediblecookies.com/products/a-sweet-thank-you-from-logo-upload-any-color-gourmet-chocolate-chip-or-variety-pack-w-full-color-personalized-sticker-favor-box-bow-choice?variant=51173911298348&_gsid=idoLtfaM4Auj&utm_source=shopify&utm_medium=catalog
category,cookies,cookie favors,incrediblecookies.myshopify.com,Incredible Cookies,A Sweet Thank You from Logo Upload (Any color)- Gourmet Chocolate Chip Or Variety Pack W/ Full Color Personalized Sticker,330,330,1,Step 2 - select your cookie flavor; Step 1 - select your cookie size,personaliz,,https://incrediblecookies.com/products/a-sweet-thank-you-from-logo-gourmet-chocolate-chip-or-variety-pack-w-full-color-personalized-sticker?variant=49830071075116&_gsid=idoLtfaM4Auj&utm_source=shopify&utm_medium=catalog
category,dessert_box,dessert box gift,californiabaskets.myshopify.com,California Baskets,Birthday Bash Dessert Box,6399,6399,1,,,,https://basketscalifornia.com/products/birthday-bash-dessert-box?variant=41447805648986&_gsid=ht65yTJybf3y&utm_source=shopify&utm_medium=catalog
category,dessert_box,dessert box gift,carnegie-deli-nyc.myshopify.com,Carnegie Deli ,Dessert Gift Box,11500,11500,1,,,,https://carnegiedeli.com/products/dessert-gift-box?variant=33071672492112&_gsid=ht65yTJybf3y&utm_source=shopify&utm_medium=catalog
category,dessert_box,dessert box gift,k07ked-t5.myshopify.com,Tate's Bake Shop,Bakery Bar Gift Box,2700,2700,1,Size,,,https://shop.tatesbakeshop.com/products/dessert-bar-gift-box-assorted?variant=45258190094370&_gsid=ht65yTJybf3y&utm_source=shopify&utm_medium=catalog
category,dessert_box,dessert box gift,caramelsshop.myshopify.com,Caramels.com,Deluxe Caramel Brownie Gift Box,9900,9900,1,,,,https://caramels.com/products/deluxe-caramel-brownie-gift-box?variant=48275950305573&_gsid=ht65yTJybf3y&utm_source=shopify&utm_medium=catalog
category,dessert_box,dessert box gift,bc7b49-2.myshopify.com,Di Bruno Bros.,Dolce Di Bruno Gourmet Gift Box,5999,5999,1,Size,,,https://dibruno.com/products/di-bruno-bros-dolce-di-bruno-gift?variant=49682376261800&_gsid=ht65yTJybf3y&utm_source=shopify&utm_medium=catalog
category,dessert_box,dessert box gift,dessert-gallery-store.myshopify.com,Dessert Gallery Bakery & Cafe,Cake Balls Gift Box,2250,2250,1,,,,https://dessertgallery.com/products/cake-ball-gift-box?variant=50589512892706&_gsid=ht65yTJybf3y&utm_source=shopify&utm_medium=catalog
category,dessert_box,dessert box gift,southern-baked-pie-company.myshopify.com,Southern Baked Pie Company,Dinner & Dessert Box,8500,8500,1,Savory pie; Sweet pie,,,https://www.southernbakedpie.com/products/dinner-dessert-bundle?variant=39564113969249&_gsid=ht65yTJybf3y&utm_source=shopify&utm_medium=catalog
category,dessert_box,dessert box gift,overwood-artisan-platters.myshopify.com,Overwood Artisan Platters®,Dessert Box (serves 8 - 10),11999,11999,1,Gift upgrade,,,https://overwoodartisanplatters.com/products/dessert-box?variant=43877163860180&_gsid=ht65yTJybf3y&utm_source=shopify&utm_medium=catalog
category,dessert_box,dessert box gift,williamgreenberg.myshopify.com,William Greenberg Desserts,NYC Gift Box,10050,10050,1,,,,https://wmgreenbergdesserts.com/products/ny-strong-gift-box?variant=32956290433112&_gsid=ht65yTJybf3y&utm_source=shopify&utm_medium=catalog
category,dessert_box,dessert box gift,ethels-baking-company.myshopify.com,Ethels Baking Company,Build Your Own Dessert Box - 6 Flavors,4800,4800,1,,custom,gluten,https://ethels.com/products/build-your-own-dessert-box-6-flavors?variant=51510150267172&_gsid=ht65yTJybf3y&utm_source=shopify&utm_medium=catalog
category,dessert_box,dessert box gift,kickass-earrings.myshopify.com,Giften Market,Sweets & Treats Share Box,8500,8500,1,,,,https://giftenmarket.com/products/sweets-treats-share-box?variant=45143271833830&_gsid=ht65yTJybf3y&utm_source=shopify&utm_medium=catalog
category,dessert_box,dessert box gift,wondibites.myshopify.com,Nettie's Bakery,Thank You Box,3999,3999,1,Size; Combo,,,https://www.nettiesbakery.com/products/thank-you-box-16?variant=40990978080935&_gsid=ht65yTJybf3y&utm_source=shopify&utm_medium=catalog
category,dessert_box,dessert box gift,ladyyum1.myshopify.com,Lady Yum,Build Your Own Gift Box - Dangerous Slabs,2500,2500,1,,,gluten,https://ladyyum.com/products/build-your-own-gift-box-dangerous-slabs?variant=45995083202790&_gsid=ht65yTJybf3y&utm_source=shopify&utm_medium=catalog
category,dessert_box,dessert box gift,boarderie.myshopify.com,Boarderie,Classic Dessert Board,13900,13900,1,Format; Size,,,https://boarderie.com/products/classic-dessert-board?variant=50000289628393&_gsid=ht65yTJybf3y&utm_source=shopify&utm_medium=catalog
category,dessert_box,dessert box gift,greyston2018.myshopify.com,Greyston Bakery,Indulgent Eight 8 PCS Brownie Gift Box,3195,3195,1,Choose a sleeve:,,,https://shop.greyston.org/products/indulgent-eight?variant=12907488804927&_gsid=ht65yTJybf3y&utm_source=shopify&utm_medium=catalog
category,dessert_box,dessert box gift,thefruitcompany.myshopify.com,The Fruit Company®,Signature Gourmet Gift Box,11900,11900,1,,,,https://www.thefruitcompany.com/products/signature-gourmet-gift-box-summer?variant=43532715688165&_gsid=ht65yTJybf3y&utm_source=shopify&utm_medium=catalog
category,dessert_box,dessert box gift,getgoodies-com.myshopify.com,GetGoodies.com,Deutsch Dessert Sampler Box,8995,8995,1,,,,https://www.getgoodies.com/products/deutsch-dessert-sampler-box-1?variant=52549301272850&_gsid=ht65yTJybf3y&utm_source=shopify&utm_medium=catalog
category,dessert_box,dessert box gift,boarderie.myshopify.com,Boarderie,Thank You Dessert Board Medium,16900,16900,1,,,,https://boarderie.com/products/thank-you-dessert-board-medium?variant=50361056264425&_gsid=ht65yTJybf3y&utm_source=shopify&utm_medium=catalog
category,dessert_box,dessert box gift,misericordia-ae.myshopify.com,Misericordia ,Deluxe Gift Box,8000,8000,1,,,,https://www.misericordia.com/products/deluxe?variant=43837689692220&_gsid=ht65yTJybf3y&utm_source=shopify&utm_medium=catalog
category,dessert_box,dessert box gift,6ce582-5.myshopify.com,Sweet Addison's,Brownie Box,3600,3600,1,Quantity,,,https://sweetaddisons.com/products/brownie-box?variant=42426583646256&_gsid=ht65yTJybf3y&utm_source=shopify&utm_medium=catalog
category,dessert_box,dessert box gift,pretzels-shop.myshopify.com,Pretzels.com,Sweet Tooth Collection Gift Box,4200,4200,1,,,,https://www.pretzels.com/products/sweet-tooth-gift-box?variant=40994288435371&_gsid=ht65yTJybf3y&utm_source=shopify&utm_medium=catalog
category,dessert_box,dessert box gift,thefruitcompany.myshopify.com,The Fruit Company®,Thank You Treats Gift Box,6400,6400,1,,,,https://www.thefruitcompany.com/products/thank-you-treats-gift-box-summer?variant=43518977736933&_gsid=ht65yTJybf3y&utm_source=shopify&utm_medium=catalog
category,dessert_box,dessert box gift,usabaskets.myshopify.com,America Baskets,Birthday Bash Dessert Box,6399,6399,1,,,,https://basketsus.com/products/birthday-bash-dessert-box?variant=46342375342303&_gsid=ht65yTJybf3y&utm_source=shopify&utm_medium=catalog
category,dessert_box,dessert box gift,1affb8-3.myshopify.com,Manhattan Fruitier,Five Sweets Box,6000,6000,1,,,,https://www.manhattanfruitier.com/products/ccc22-five-sweets?variant=41969793433688&_gsid=ht65yTJybf3y&utm_source=shopify&utm_medium=catalog
category,dessert_box,dessert box gift,boarderie.myshopify.com,Boarderie,Classic Medium Dessert Board - E-Gift,16900,16900,1,Format,,,https://boarderie.com/products/medium-dessert-board-e-gift?variant=51678511694057&_gsid=ht65yTJybf3y&utm_source=shopify&utm_medium=catalog
category,dessert_box,dessert box gift,boarderie.myshopify.com,Boarderie,Thinking of You Dessert Board Classic - E-Gift,13900,13900,1,Format; Size,,,https://boarderie.com/products/thinking-of-you-dessert-board-classic-e-gift?variant=51678976409833&_gsid=ht65yTJybf3y&utm_source=shopify&utm_medium=catalog
category,dessert_box,dessert box gift,lets-get-baked-artisan-desserts.myshopify.com,Let's Get Baked Artisan Desserts,Dessert Bar Gift Box,3500,3500,1,,,,https://www.letsgetbakedartisandesserts.com/products/dessert-bar-gift-box?variant=17239568023623&_gsid=ht65yTJybf3y&utm_source=shopify&utm_medium=catalog
category,dessert_box,dessert box gift,4e0164-2.myshopify.com,Cherry Republic,Our Absolute Best Gift Box,10000,10000,1,,,,https://www.cherryrepublic.com/products/our-absolute-best-gift-box-1?variant=44333269647497&_gsid=ht65yTJybf3y&utm_source=shopify&utm_medium=catalog
category,dessert_box,dessert box gift,wondibites.myshopify.com,Nettie's Bakery,Thinking Of You Box,3999,3999,1,Size; Combo,,,https://www.nettiesbakery.com/products/thinking-of-you-box-16?variant=40990989713575&_gsid=ht65yTJybf3y&utm_source=shopify&utm_medium=catalog
category,dessert_box,dessert box gift,boarderie.myshopify.com,Boarderie,Thinking of You Dessert Board Medium,16900,16900,1,,,,https://boarderie.com/products/thinking-of-you-dessert-board-medium?variant=50891221991657&_gsid=ht65yTJybf3y&utm_source=shopify&utm_medium=catalog
category,dessert_box,dessert box gift,gingerbread52.myshopify.com,The Gingerbread Construction Co.,Dessert Sampler Gift Box,4599,4599,1,,,,https://gingerbreadusa.com/products/dessert-sampler-gift-box?variant=43124540670070&_gsid=ht65yTJybf3y&utm_source=shopify&utm_medium=catalog
category,dessert_box,dessert box gift,snack-bundles.myshopify.com,Fun Flavors Box,16 Count Individually Wrapped Dessert Treats – Sweet Gift & Care Package | Fun Flavors Box,3299,3299,1,,,,https://funflavorsbox.com/products/premium-sweets-pastries-variety-pack-16-count-dessert-snack-bundle-care-package-valentines-day-gift-box-for-him-her-for-kids-college?variant=42662019367099&_gsid=ht65yTJybf3y&utm_source=shopify&utm_medium=catalog
category,dessert_box,dessert box gift,virginia-dare-dress-co.myshopify.com,Dare Gift Boxes,The Brownie Sundae,10495,10495,1,Topping choice,custom; personaliz,,https://daregiftboxes.com/products/the-brownie-sundae?variant=48101963169984&_gsid=ht65yTJybf3y&utm_source=shopify&utm_medium=catalog
category,dessert_box,dessert box gift,dulcet-gift-baskets.myshopify.com,Dulcet Gift Baskets,Ultimate Chocolate Collection Gift Box,6695,6695,1,,,,https://www.dulcetgiftbaskets.com/products/dulcet-gift-box-includes-an-assortment-of-individually-wrapped-pastries-in-an-elegant-gift-box-excellent-gift-choice-for-all-occasions?variant=5840776167454&_gsid=ht65yTJybf3y&utm_source=shopify&utm_medium=catalog
category,dessert_box,dessert box gift,sanders-candy.myshopify.com,Second Nature Brands,Decadent Dessert Toppings & Chocolates Box,10499,10499,1,Pack size,,,https://secondnaturebrands.com/products/decadent-dessert-toppings-chocolates-box?variant=43288853250107&_gsid=ht65yTJybf3y&utm_source=shopify&utm_medium=catalog
category,dessert_box,dessert box gift,sanders-candy.myshopify.com,Second Nature Brands,Sanders Signature Gift Box,9599,9599,1,Pack size,,,https://secondnaturebrands.com/products/sanders-signature-gift-box?variant=41519827124283&_gsid=ht65yTJybf3y&utm_source=shopify&utm_medium=catalog
category,dessert_box,dessert box gift,fromyougifts-prod.myshopify.com,The Gift Basket Store,Happy Birthday! Sweet Treats Chocolate Gift Box,7399,7399,1,,,,https://giftbasketstore.com/products/imported-happy-birthday-sweet-treats-chocolate-gift-box?variant=44257039548613&_gsid=ht65yTJybf3y&utm_source=shopify&utm_medium=catalog
category,dessert_box,dessert box gift,feed-your-soul-bakery.myshopify.com,Feed Your Soul ,You Make Life Sweet Dessert Gift Box (24 count),5995,5995,1,,,,https://www.feedyoursoul.com/products/you-make-life-sweet-24-pc?variant=40050701828283&_gsid=ht65yTJybf3y&utm_source=shopify&utm_medium=catalog
category,dessert_box,dessert box gift,b22fa9-cf.myshopify.com,A Taste of Kentucky,Sweet Sampler Gift Box,6250,6250,1,,,,https://atasteofkentucky.com/products/sweet-sampler-gift-box?variant=43792881614892&_gsid=ht65yTJybf3y&utm_source=shopify&utm_medium=catalog
category,dessert_box,dessert box gift,dulcet-gift-baskets.myshopify.com,Dulcet Gift Baskets,Bakery Deluxe Sweets Gift Box,4995,4995,1,,,,https://www.dulcetgiftbaskets.com/products/best-sellers-pastry-gift-box?variant=7654598279198&_gsid=ht65yTJybf3y&utm_source=shopify&utm_medium=catalog
category,dessert_box,dessert box gift,fromyougifts-prod.myshopify.com,The Gift Basket Store,Sweet Treats Chocolate Gift Box,6899,6899,1,,,,https://giftbasketstore.com/products/sweet-treats-chocolate-gift-box?variant=45170949587141&_gsid=ht65yTJybf3y&utm_source=shopify&utm_medium=catalog
category,dessert_box,dessert box gift,4e0164-2.myshopify.com,Cherry Republic,Something for Everyone Gift Box,13500,13500,1,,,,https://www.cherryrepublic.com/products/something-for-everyone-1?variant=44333269385353&_gsid=ht65yTJybf3y&utm_source=shopify&utm_medium=catalog
category,dessert_box,dessert box gift,dulcet-gift-baskets.myshopify.com,Dulcet Gift Baskets,Best Sellers Cookie and Brownie Party Box,7995,7995,1,,,,https://www.dulcetgiftbaskets.com/products/dulcets-festive-assortment-of-macadamia-nut-chocolate-chip-peanut-butter-2?variant=7502742650910&_gsid=ht65yTJybf3y&utm_source=shopify&utm_medium=catalog
category,dessert_box,dessert box gift,a81d51-3.myshopify.com,David's Cookies,Assorted Brownies Dessert Box,2895,2895,1,,,,https://davidscookies.com/products/assorted-brownies-dessert-box?variant=47068032598302&_gsid=ht65yTJybf3y&utm_source=shopify&utm_medium=catalog
category,dessert_box,dessert box gift,kosherline.myshopify.com,Kosherline,Designer Bakery Keepsake Wooden Gift Box,6595,6595,1,,custom,,https://kosherline.com/products/designer-bakery-keepsake-wooden-gift-box?variant=50642535514404&_gsid=ht65yTJybf3y&utm_source=shopify&utm_medium=catalog
category,dessert_box,dessert box gift,mignardises.myshopify.com,Layla's Delicacies,"Appreciation Gift Box, 23 pc.",7400,7400,1,,,vegan; gluten,https://www.laylasdelicacies.com/products/appreciation-gift-box-23-pc?variant=39371803885631&_gsid=ht65yTJybf3y&utm_source=shopify&utm_medium=catalog
category,dessert_box,dessert box gift,983d81-48.myshopify.com,Baked Creations by Crystal Nicole,Deal💰: Sweet Tooth Box,3800,3800,1,,,,https://bcbcnfl.com/products/deal%F0%9F%92%B0-sweet-tooth-box?variant=48195661725851&_gsid=ht65yTJybf3y&utm_source=shopify&utm_medium=catalog
category,dessert_box,dessert box gift,dulcet-gift-baskets.myshopify.com,Dulcet Gift Baskets,Classic Sweet Treats Box,5895,5895,1,,,,https://www.dulcetgiftbaskets.com/products/assorted-kraft-box-filled-with-cookies-brownies-and-ruggelah-1?variant=7360848429086&_gsid=ht65yTJybf3y&utm_source=shopify&utm_medium=catalog
category,dessert_box,dessert box gift,j1mtiw-1t.myshopify.com,Fresh Kart USA,Sweet Celebrations Box,7724,7724,1,,,,https://www.freshkartusa.com/products/sweet-celebrations-box?variant=51561674342706&_gsid=ht65yTJybf3y&utm_source=shopify&utm_medium=catalog
category,dessert_box,dessert box gift,gingerbread52.myshopify.com,The Gingerbread Construction Co.,Large Dessert Sampler,7399,7399,1,,,,https://gingerbreadusa.com/products/large-dessert-sampler?variant=43124545421430&_gsid=ht65yTJybf3y&utm_source=shopify&utm_medium=catalog
category,candles,candle favors,backhouse-fragrances.myshopify.com,backhouse fragrances,Custom Mini Wedding Candle Favors | Personalized Hand-Poured Gifts,1600,1600,1,,custom; personaliz,,https://backhousefragrances.com/products/personalized-wedding-candle-favors?variant=40050144313506&_gsid=NNrmvMJ1NJBh&utm_source=shopify&utm_medium=catalog
category,candles,candle favors,the-dancing-wick.myshopify.com,The Dancing Wick,Corporate Logo Tins - Set of 10,3000,3000,1,Scent; Candle size & color,custom,,https://www.dancingwick.com/products/corporate-logo-tins-set-of-10?variant=41886737957004&_gsid=NNrmvMJ1NJBh&utm_source=shopify&utm_medium=catalog
category,candles,candle favors,the-dancing-wick.myshopify.com,The Dancing Wick,Something Blue Before I Do Tins - Set of 10,3000,3000,1,Scent; Candle size & color,custom,,https://www.dancingwick.com/products/something-blue-before-i-do-tins?variant=43443513262220&_gsid=NNrmvMJ1NJBh&utm_source=shopify&utm_medium=catalog
category,candles,candle favors,vgyypu-v8.myshopify.com,Vera Nest Home,Tealight Candles Party Favor Sets 50 Pack with Gift Bags and Cards - Unscented Paraffin Wax Tea Lights Bulk Set for Weddings Birthdays Baby Showers Pink,4899,4899,1,Quantity,,,https://veranesthome.com/products/tealight-candles-party-favor-set-50-pack-gift-bags-cards-pink?variant=46930390384828&_gsid=NNrmvMJ1NJBh&utm_source=shopify&utm_medium=catalog
category,candles,candle favors,rvyyvb-re.myshopify.com,Candles And Favors,"Thank You Candles Wedding Favors, Bulk Favors for Guests, Set of 10 4 oz Candle Tins, Personalized Wedding Gift, Bridal Shower Favors",6000,6000,1,Scent,personaliz,,https://candlesandfavors.com/products/thank-you-candles-wedding-favors-bulk-favors-for-guests-set-of-10-4-oz-candle-tins-personalized-wedding-gift-bridal-shower-favors?variant=54254839431381&_gsid=NNrmvMJ1NJBh&utm_source=shopify&utm_medium=catalog
category,candles,candle favors,rvyyvb-re.myshopify.com,Candles And Favors,"New York City Skyline Wedding Favors, Bulk Favors for Guests, Set of 10 4 oz Candle Tins, Personalized Wedding Gift, Bridal Shower Favors",6000,6000,1,Scent,personaliz,,https://candlesandfavors.com/products/new-york-city-skyline-wedding-favors-bulk-favors-for-guests-set-of-10-4-oz-candle-tins-personalized-wedding-gift-bridal-shower-favors?variant=54253816905941&_gsid=NNrmvMJ1NJBh&utm_source=shopify&utm_medium=catalog
category,candles,candle favors,bjgv86-s0.myshopify.com,Sparksandmore,"Thank You Candle Gift Box with Matches | Personalized Soy Wax Candle | Appreciation Gift for Teacher, Friend, Colleague, Wedding Favors",1350,1350,1,Scent; Jar color,personaliz,vegan,https://sparksandmore.com/products/thank-you-candle-gift-box-with-matches-personalized-soy-wax-candle-appreciation-gift-for-teacher-friend-colleague-wedding-favors?variant=52347437875563&_gsid=NNrmvMJ1NJBh&utm_source=shopify&utm_medium=catalog
category,candles,candle favors,bx1tbm-f7.myshopify.com,BeautyyBuddy,Personalized Soy Wax Candle Favors - Dried Flowers | White Tin Guest Gifts for Weddings & Showers (10-200 Count),9995,9995,1,,personaliz,,https://beautyybuddy.com/products/personalized-soy-wax-candle-favors-dried-flowers-white-tin-guest-gifts-for-weddings-showers-10-200-count?variant=53579879776570&_gsid=NNrmvMJ1NJBh&utm_source=shopify&utm_medium=catalog
category,candles,candle favors,eukeeb-8v.myshopify.com,PartyBurst,Coffee Scented Soy Wax Candle Favors with Hand-Placed Orange and Cinnamon Stick - Handmade Gift Set for Wedding Guest - Bridal Shower Baby Shower Birthday (10 Pieces),8663,8663,1,,,,https://partyburstshop.com/products/b0crshw3ln?variant=52739178234163&_gsid=NNrmvMJ1NJBh&utm_source=shopify&utm_medium=catalog
category,candles,candle favors,rvyyvb-re.myshopify.com,Candles And Favors,"Champagne Tower Wedding Favors, Bulk Candle Favors for Guests, Set of 10 Candle Tins, Personalized Wedding Gift, 4oz Black Tin",6000,6000,1,Scent,personaliz,,https://candlesandfavors.com/products/champagne-tower-wedding-favors-bulk-candle-favors-for-guests-set-of-10-candle-tins-personalized-wedding-gift-4oz-black-tin?variant=54254992589013&_gsid=NNrmvMJ1NJBh&utm_source=shopify&utm_medium=catalog
category,candles,candle favors,the-dancing-wick.myshopify.com,The Dancing Wick,Hydrangea Bridal Shower Favors,575,575,1,Scent; Material,personaliz; custom,,https://www.dancingwick.com/products/hydrangea-bridal-shower-favors?variant=43443525877900&_gsid=NNrmvMJ1NJBh&utm_source=shopify&utm_medium=catalog
category,candles,candle favors,rvyyvb-re.myshopify.com,Candles And Favors,"Pink Flowers Wedding Favors, Bulk for Guests, Blush Floral Candle Favors, Set of 10 Candle Tins, Personalized Wedding Gift, 4oz White Tin",6000,6000,1,Scent,personaliz,,https://candlesandfavors.com/products/pink-flowers-wedding-favors-bulk-for-guests-blush-floral-candle-favors-set-of-10-candle-tins-personalized-wedding-gift-4oz-white-tin?variant=52012558975189&_gsid=NNrmvMJ1NJBh&utm_source=shopify&utm_medium=catalog
category,candles,candle favors,the-dancing-wick.myshopify.com,The Dancing Wick,Thank You Tin Favor-Set Of 10,3000,3000,1,Scent; Candle size & color,custom,,https://www.dancingwick.com/products/thank-you-tin-favor-set-of-10?variant=42872155373708&_gsid=NNrmvMJ1NJBh&utm_source=shopify&utm_medium=catalog
category,candles,candle favors,eukeeb-8v.myshopify.com,PartyBurst,Coffee Scented Soy Wax Candle Favors with Hand-Placed Orange and Cinnamon Stick - Handmade Gift Set for Wedding Guest - Bridal Shower Baby Shower Birthday (20 Pieces),13545,13545,1,,,,https://partyburstshop.com/products/b0crskkw6t?variant=52739175612723&_gsid=NNrmvMJ1NJBh&utm_source=shopify&utm_medium=catalog
category,candles,candle favors,a406cc-3.myshopify.com,Pippin and Friends LLC,Lavender Candle Favors  – Purple Floral Bridal Shower & Wedding Soy Candle Favors,374,374,1,Scent,,,https://pippinandfriends.com/products/mediterranean-lemon-candle-favors-set-of-12-amalfi-coast-inspired-soy-candle-tins-copy-1?variant=48117933244660&_gsid=NNrmvMJ1NJBh&utm_source=shopify&utm_medium=catalog
category,candles,candle favors,rvyyvb-re.myshopify.com,Candles And Favors,"Last Toast on the Coast Shower Favors, Candle Favors for Guests, Set of 10 4oz Gold Candle Tins, Personalized Bridal Shower Gift",3000,3000,1,Scent; Candle size,personaliz,,https://candlesandfavors.com/products/last-toast-on-the-coast-shower-favors-candle-favors-for-guests-set-of-10-4oz-gold-candle-tins-personalized-bridal-shower-gift?variant=54255000223957&_gsid=NNrmvMJ1NJBh&utm_source=shopify&utm_medium=catalog
category,candles,candle favors,the-dancing-wick.myshopify.com,The Dancing Wick,Personalized Name Wedding Tins - Set Of 10,3000,3000,1,Scent; Candle size & color,personaliz; custom; your name,,https://www.dancingwick.com/products/personalized-name-wedding-tins-set-of-10?variant=42915538370700&_gsid=NNrmvMJ1NJBh&utm_source=shopify&utm_medium=catalog
category,candles,candle favors,soy-into-you-candle-co.myshopify.com,Soy Into You ,"Custom Favors | Bridal, Wedding, Baby Shower, Party, Ect.",15600,15600,1,Scent; Wick style,custom; personaliz,,https://soyintoyou.com/products/custom-favors-bridal-wedding-baby-shower-party-ect?variant=42527642714361&_gsid=NNrmvMJ1NJBh&utm_source=shopify&utm_medium=catalog
category,candles,candle favors,rvyyvb-re.myshopify.com,Candles And Favors,"Popped The Question Bridal Candle Favors, Set of 10 4oz Black Tin Candles, Personalized Shower Gift",6000,6000,1,Scent,personaliz,,https://candlesandfavors.com/products/popped-the-question-bridal-candle-favors-set-of-10-4oz-black-tin-candles-personalized-shower-gift?variant=54254851293397&_gsid=NNrmvMJ1NJBh&utm_source=shopify&utm_medium=catalog
category,candles,candle favors,happytimestr.myshopify.com,Happy Times Favors,"Personalized Candle Favor, Personalized Wedding Gifts",399,399,1,Set options,personaliz; custom,,https://www.happytimesfavors.com/products/personalized-candle-favor?variant=40594994069687&_gsid=NNrmvMJ1NJBh&utm_source=shopify&utm_medium=catalog
category,candles,candle favors,cmagxf-he.myshopify.com,RENAVE Co.,4 oz Glass Candle Favors (12 or 24 Pack) – Double Wick Personalized Candles,14400,14400,1,Scent; Quantity,personaliz; custom,,https://renaveco.com/products/candle-favor-4oz-2wicks?variant=45496819613833&_gsid=NNrmvMJ1NJBh&utm_source=shopify&utm_medium=catalog
category,candles,candle favors,forever-wedding-favors.myshopify.com,Forever Wedding Favors,Greenery Wreath Candle Favor,650,650,1,,,,https://www.foreverweddingfavors.com/products/boho-greenery-candle-favor?variant=41594424524847&_gsid=NNrmvMJ1NJBh&utm_source=shopify&utm_medium=catalog
category,candles,candle favors,ea737e-9b.myshopify.com,adviceerapersonalize,"Luxury Handmade Candle Favor for Weddings, Personalized Favors for Guests, Elegant Favors for Weddings and Parties, Thank You Gift",2911,2911,1,Clear box option; Number,personaliz; custom,,https://www.adviceerapersonalize.com/products/luxury-handmade-candle-favor-for-weddings-personalized-favors-for-guests-elegant-favors-for-weddings-and-parties-thank-you-gift?variant=42076370370646&_gsid=NNrmvMJ1NJBh&utm_source=shopify&utm_medium=catalog
category,candles,candle favors,a406cc-3.myshopify.com,Pippin and Friends LLC,Personalized Hydrangea Candle Favors | Thank You Tin Candle Gifts,374,374,1,Scent,personaliz; custom; your name,,https://pippinandfriends.com/products/personalized-hydrangea-candle-favors-thank-you-tin-candle-gifts?variant=48117966045428&_gsid=NNrmvMJ1NJBh&utm_source=shopify&utm_medium=catalog
category,candles,candle favors,the-dancing-wick.myshopify.com,The Dancing Wick,Something Blue Before I Do Favors,575,575,1,Scent; Material,personaliz,,https://www.dancingwick.com/products/something-blue-before-i-do-favors?variant=43443454181516&_gsid=NNrmvMJ1NJBh&utm_source=shopify&utm_medium=catalog
category,candles,candle favors,ea737e-9b.myshopify.com,adviceerapersonalize,"Personalized Baptism Favor Candle for Any Occasion, Unique  Candle Favor for Events, Thank You Gift for Guests, Glamorous  Favors",2911,2911,1,Clear box option; Number,personaliz; custom,,https://www.adviceerapersonalize.com/products/personalized-baptism-favor-candle-for-any-occasion-unique-candle-favor-for-events-thank-you-gift-for-guests-glamorous-favors?variant=42076355297366&_gsid=NNrmvMJ1NJBh&utm_source=shopify&utm_medium=catalog
category,candles,candle favors,ea737e-9b.myshopify.com,adviceerapersonalize,Personalized Candle Favors | Luxurious Wedding Favors | Thank You Favors for Guests | Engagement Party Favor| Candle with Silver Feather Lid,2911,2911,1,Clear box option; Number,personaliz; custom,,https://www.adviceerapersonalize.com/products/personalized-candle-favors-luxurious-wedding-favors-thank-you-favors-for-guests-engagement-party-favor-candle-with-silver-feather-lid?variant=42076292808790&_gsid=NNrmvMJ1NJBh&utm_source=shopify&utm_medium=catalog
category,candles,candle favors,partyshopco.myshopify.com,MyPartyshopco,"Party Favors, Wedding Anniversary Celebration Candle Favor, InExpensive Favor, 2oz. Favor for Guests, 50th Anniversary, Rose Gold Candle Tin",3400,3400,1,Quantity (number of travel candles); Anniversary,personaliz,,https://www.mypartyshopco.com/products/party-favors-wedding-anniversary-celebration-candle-favor-inexpensive-favor-2oz-favor-for-guests-50th-anniversary-rose-gold-candle-tin?variant=46725010096280&_gsid=NNrmvMJ1NJBh&utm_source=shopify&utm_medium=catalog
category,candles,candle favors,newfavors.myshopify.com,Newfavors,Calla Lily Candle Favor,449,449,1,,,,https://www.newfavors.com/products/calla-lily-candle-favor?variant=40457528770627&_gsid=NNrmvMJ1NJBh&utm_source=shopify&utm_medium=catalog
category,candles,candle favors,ea737e-9b.myshopify.com,adviceerapersonalize,Personalized Crystal Glass Candle Favor with Cross Label | Elegant Customized Favors for Guests | Perfect for Baptism,2911,2911,1,Clear box option; Number,personaliz; custom,,https://www.adviceerapersonalize.com/products/personalized-crystal-glass-candle-favor-with-cross-label-elegant-customized-favors-for-guests-perfect-for-baptism?variant=42076344189014&_gsid=NNrmvMJ1NJBh&utm_source=shopify&utm_medium=catalog
category,candles,candle favors,ea737e-9b.myshopify.com,adviceerapersonalize,"Elegant Party Favor Candle in Glass with Deer Lids | Personalized Luxury Favors for Guests, Silver Lid Candle Favors",2911,2911,1,Clear box option; Number,personaliz,,https://www.adviceerapersonalize.com/products/elegant-party-favor-candle-in-glass-with-deer-lids-personalized-luxury-favors-for-guests-silver-lid-candle-favors?variant=42076289695830&_gsid=NNrmvMJ1NJBh&utm_source=shopify&utm_medium=catalog
category,candles,candle favors,ea737e-9b.myshopify.com,adviceerapersonalize,"Personalized Favors for Weddings and Parties - Elegant Handmade Candle Favors, Luxury Candles, Return Favors for Elegant Events",2911,2911,1,Clear box option; Number,personaliz; custom,,https://www.adviceerapersonalize.com/products/personalized-favors-for-weddings-and-parties-elegant-handmade-candle-favors-luxury-candles-return-favors-for-elegant-events?variant=42076315942998&_gsid=NNrmvMJ1NJBh&utm_source=shopify&utm_medium=catalog
category,candles,candle favors,the-dancing-wick.myshopify.com,The Dancing Wick,Eucalyptus Bridal Shower Favor Candles,575,575,1,Lid color; Scent,,,https://www.dancingwick.com/products/eucalyptus-bridal-shower-favor-candles?variant=41311941656716&_gsid=NNrmvMJ1NJBh&utm_source=shopify&utm_medium=catalog
category,candles,candle favors,ea737e-9b.myshopify.com,adviceerapersonalize,"Personalized Wedding Favor Candle, Party Favor, Crystal Glass Candle, Customized Favors for Guests, Elegant Candle Favor",2911,2911,1,Clear box option; Number,personaliz; custom,,https://www.adviceerapersonalize.com/products/personalized-wedding-favor-candle-party-favor-crystal-glass-candle-customized-favors-for-guests-elegant-candle-favor?variant=42076319416406&_gsid=NNrmvMJ1NJBh&utm_source=shopify&utm_medium=catalog
category,candles,candle favors,rvyyvb-re.myshopify.com,Candles And Favors,"French Floral Wedding Favors, Bulk for Guests, Wildflowers Candle Favors, Set of 10 Candle Tins, Personalized Wedding Gift, 4oz Gold Tin",3000,3000,1,Scent,personaliz,,https://candlesandfavors.com/products/french-floral-wedding-favors-bulk-for-guests-wildflowers-candle-favors-set-of-10-candle-tins-personalized-wedding-gift-4oz-gold-tin?variant=52012561727701&_gsid=NNrmvMJ1NJBh&utm_source=shopify&utm_medium=catalog
category,candles,candle favors,newfavors.myshopify.com,Newfavors,"Butterfly candle Favor, Votive in a Gift Box",399,399,1,,,,https://www.newfavors.com/products/butterfly-candle-favor-votive-in-a-gift-box?variant=40457172713539&_gsid=NNrmvMJ1NJBh&utm_source=shopify&utm_medium=catalog
category,candles,candle favors,ea737e-9b.myshopify.com,adviceerapersonalize,"Luxury Sea Shell Lid Candle Favors - Unique Classy Favors for Elegant Weddings, Baby Showers and Events, Thank You Gifts for Guests",2911,2911,1,Clear box option; Number,personaliz,,https://www.adviceerapersonalize.com/products/luxury-sea-shell-lid-candle-favors-unique-classy-favors-for-elegant-weddings-baby-showers-and-events-thank-you-gifts-for-guests?variant=42076372664406&_gsid=NNrmvMJ1NJBh&utm_source=shopify&utm_medium=catalog
category,candles,candle favors,ea737e-9b.myshopify.com,adviceerapersonalize,"Wedding  Favor Candle With Glittering Ribbon, Bridal Shower Favor Glass Candle, Personalized Thank You Gift, Favor for Guests, Custom Label",748,748,1,Clear box option,personaliz; custom,,https://www.adviceerapersonalize.com/products/wedding-favor-candle-with-glittering-ribbon-bridal-shower-favor-glass-candle-personalized-thank-you-gift-favor-for-guests-custom-label?variant=42076290973782&_gsid=NNrmvMJ1NJBh&utm_source=shopify&utm_medium=catalog
category,candles,candle favors,rvyyvb-re.myshopify.com,Candles And Favors,"Welcome Wedding Favors, Candle Favors for Guests, Set of 10 Candle Tins, Personalized Wedding Gift, 4oz Gold Tin, BULK Candles",3000,3000,1,Scent; Candle size,personaliz,,https://candlesandfavors.com/products/welcome-wedding-favors-candle-favors-for-guests-set-of-10-candle-tins-personalized-wedding-gift-4oz-gold-tin-bulk-candles?variant=54255324659925&_gsid=NNrmvMJ1NJBh&utm_source=shopify&utm_medium=catalog
category,candles,candle favors,rvyyvb-re.myshopify.com,Candles And Favors,Last Sail Before The Veil - Bridal Shower Gold Tin Candle Favors,450,450,1,,,,https://candlesandfavors.com/products/last-sail-before-the-veil-bridal-shower-gold-tin-candle-favors?variant=53466479132885&_gsid=NNrmvMJ1NJBh&utm_source=shopify&utm_medium=catalog
category,candles,candle favors,whiteroomfavors.myshopify.com,Whiteroomfavors,"5 pcs Baptism Candle Favors, Personalized Baptism Gifts, Baby Shower Favors, Custom Favors, Angel Favors, Party Favors, Baby Girl",3800,3800,1,,personaliz; custom,,https://whiteroomfavor.com/products/copy-baptism-candle-favors-personalized-baptism-gifts-baby-shower-favors-custom-favors-angel-favors-party-favors-baby-girl?variant=44983763304609&_gsid=NNrmvMJ1NJBh&utm_source=shopify&utm_medium=catalog
category,candles,candle favors,the-dancing-wick.myshopify.com,The Dancing Wick,Boho Terracotta Falling in Love  Favors Set of 10 Tins,3000,3000,1,Scent; Candle size & color,personaliz,,https://www.dancingwick.com/products/falling-in-love-wedding-favors-set-of-95370?variant=44402032541836&_gsid=NNrmvMJ1NJBh&utm_source=shopify&utm_medium=catalog
category,candles,candle favors,rvyyvb-re.myshopify.com,Candles And Favors,Modern Thatch Grey -  Gold Tin Candle Favors,450,450,1,,,,https://candlesandfavors.com/products/modern-thatch-grey-gold-tin-candle-favors?variant=53467228700885&_gsid=NNrmvMJ1NJBh&utm_source=shopify&utm_medium=catalog
category,candles,candle favors,best-day-ever-spot.myshopify.com,Best Day Ever Spot,"Custom Candle Wedding Favors, Girls Trip, Hand Drawn Camp Bachelorette, 2oz Mini Lavender Candles",265,265,1,Color,custom; personaliz,,https://www.bestdayeverspot.com/products/custom-candle-wedding-favors-girls-trip-hand-drawn-camp-bachelorette-2oz-mini-lavender-candles?variant=45160237170859&_gsid=NNrmvMJ1NJBh&utm_source=shopify&utm_medium=catalog
category,candles,candle favors,happytimestr.myshopify.com,Happy Times Favors,"Personalized Wedding Gifts Candle, Bridal Shower Gifts, Bridal Shower Presents",299,299,1,,personaliz; custom,,https://www.happytimesfavors.com/products/personalized-wedding-gifts-candle-bridal-shower-gifts-bridal-shower-presents-5?variant=45246501159164&_gsid=NNrmvMJ1NJBh&utm_source=shopify&utm_medium=catalog
category,candles,candle favors,the-dancing-wick.myshopify.com,The Dancing Wick,Minimalist Wedding Favors Tins-Set Of 10,3000,3000,1,Scent; Candle size & color,custom,,https://www.dancingwick.com/products/minimalist-wedding-favors-tins-set-of-10?variant=42872574738572&_gsid=NNrmvMJ1NJBh&utm_source=shopify&utm_medium=catalog
category,candles,candle favors,the-dancing-wick.myshopify.com,The Dancing Wick,A Little Cutie Baby Shower Tins - Set of 10,3000,3000,1,Scent; Candle size & color,personaliz,,https://www.dancingwick.com/products/a-little-cutie-baby-shower-tins-set-of-10?variant=43163404337292&_gsid=NNrmvMJ1NJBh&utm_source=shopify&utm_medium=catalog
category,candles,candle favors,happytimestr.myshopify.com,Happy Times Favors,"Scented Candle, Baby Shower Favors, Baptism Favors, Candle Tin, Its A Girl, Baby Boy",229,229,1,,personaliz,,https://www.happytimesfavors.com/products/scented-candle-baby-shower-favors-baptism-favors-candle-tin-its-a-girl-baby-boy?variant=47208990179580&_gsid=NNrmvMJ1NJBh&utm_source=shopify&utm_medium=catalog
category,candles,candle favors,1uhjt0-d8.myshopify.com,Craft Me A Candle Co LLC,Customized Tin Candle - Scented Soy Wax Favors for Wedding - Wedding Favors - Bulk for Guests Candle Favors - Personalized Wedding Favors,6799,6799,1,Scent; Color,custom; personaliz,,https://craftmeacandle.com/products/customized-tin-candle-scented-soy-wax-favors-for-wedding-wedding-favors-bulk-for-guests-candle-favors-personalized-wedding-favors?variant=47475360235658&_gsid=NNrmvMJ1NJBh&utm_source=shopify&utm_medium=catalog
category,candles,candle favors,ea737e-9b.myshopify.com,adviceerapersonalize,"Rose Gold Candle Favors with Sycamore Leaf Lid - Elegant Wedding, Party & Baby Shower Gifts for Guests",2911,2911,1,Clear box option; Number,personaliz,,https://www.adviceerapersonalize.com/products/rose-gold-candle-favors-with-sycamore-leaf-lid-elegant-wedding-party-baby-shower-gifts-for-guests?variant=42076318236758&_gsid=NNrmvMJ1NJBh&utm_source=shopify&utm_medium=catalog
category,stickers,sticker sheet,faststickersus.myshopify.com,CustomStickers.com,Custom Sticker Sheets,1099,1099,1,Sticker finish; Quantity; Size,custom; personaliz,,https://customstickers.com/products/sticker-sheets?variant=42945856143604&_gsid=AEGcGnWMWyLY&utm_source=shopify&utm_medium=catalog
category,stickers,sticker sheet,randyamyjones.myshopify.com,Milky Tomato,Star Babies Sticker Sheet,700,700,1,,,,https://www.milkytomato.com/products/star-babies-sticker-sheet?variant=40565312782359&_gsid=AEGcGnWMWyLY&utm_source=shopify&utm_medium=catalog
category,stickers,sticker sheet,rifle-paper.myshopify.com,Rifle Paper Co.,Planner Sticker Set,800,800,1,,,,https://riflepaperco.com/products/planner-sticker-set?variant=44569981059266&_gsid=AEGcGnWMWyLY&utm_source=shopify&utm_medium=catalog
category,stickers,sticker sheet,clothandpaperco.myshopify.com,CLOTH & PAPER,Raised Sticker Set,800,800,1,Color,,,https://www.clothandpaper.com/products/raised-sticker-set?variant=44734931894462&_gsid=AEGcGnWMWyLY&utm_source=shopify&utm_medium=catalog
category,stickers,sticker sheet,unicorneclipse.myshopify.com,Unicorn Eclipse,Sticker Sheets Surprise Pack,2200,2200,1,,,,https://unicorneclipse.com/products/sticker-sheets-surprise-pack?variant=42261843673337&_gsid=AEGcGnWMWyLY&utm_source=shopify&utm_medium=catalog
category,stickers,sticker sheet,randyamyjones.myshopify.com,Milky Tomato,Mystery Sticker Sheet Packs!,1600,1600,1,How many?,,,https://www.milkytomato.com/products/mystery-stickersheet-packs?variant=40519564754967&_gsid=AEGcGnWMWyLY&utm_source=shopify&utm_medium=catalog
category,stickers,sticker sheet,thrill-seekers-collection-2019.myshopify.com,Thrill Seekers,Classic Sticker Sheet,700,700,1,,custom,,https://thrillseekers.com/products/classic-sticker-sheet?variant=31763272269878&_gsid=AEGcGnWMWyLY&utm_source=shopify&utm_medium=catalog
category,stickers,sticker sheet,tuner-cult.myshopify.com,Tuner Cult,GODZILLA STICKER SHEET,2500,2500,1,Quantity,,,https://checkout.tunercult.com/products/godzilla-sticker-sheet?variant=43063609557037&_gsid=AEGcGnWMWyLY&utm_source=shopify&utm_medium=catalog
category,stickers,sticker sheet,fasthousedev.myshopify.com,Fasthouse,Fasthouse Sticker Sheet,1600,1600,1,,custom,,https://www.fasthouse.com/products/fasthouse-sticker-sheet?variant=831908345&_gsid=AEGcGnWMWyLY&utm_source=shopify&utm_medium=catalog
category,stickers,sticker sheet,unicorneclipse.myshopify.com,Unicorn Eclipse,Peaches Sticker Sheet,500,500,1,,,,https://unicorneclipse.com/products/peaches-sticker-sheet?variant=48805517525241&_gsid=AEGcGnWMWyLY&utm_source=shopify&utm_medium=catalog
category,stickers,sticker sheet,gossamer-gear.myshopify.com,Gossamer Gear,Sticker Sheet,300,300,1,,personaliz,,https://www.gossamergear.com/products/sticker-pack?variant=114105483276&_gsid=AEGcGnWMWyLY&utm_source=shopify&utm_medium=catalog
category,stickers,sticker sheet,project-maverick.myshopify.com,BRUNT Workwear,Sticker Sheet,299,299,1,,,,https://bruntworkwear.com/products/sticker-sheet-1?variant=39754787651742&_gsid=AEGcGnWMWyLY&utm_source=shopify&utm_medium=catalog
category,stickers,sticker sheet,mahoukarp.myshopify.com,Mahoukarp ,[New] Deco Sticker Sheet,800,800,1,Design,,,https://mahoukarp.com/products/new-deco-sticker-sheets?variant=50171651260722&_gsid=AEGcGnWMWyLY&utm_source=shopify&utm_medium=catalog
category,stickers,sticker sheet,peppercut.myshopify.com,PepperCut,A21. Cozy Reading Sticker Sheet Set,800,800,1,,,,https://peppercutstudio.com/products/cozy-reading-sticker-set?variant=43394373288114&_gsid=AEGcGnWMWyLY&utm_source=shopify&utm_medium=catalog
category,stickers,sticker sheet,theramenbae.myshopify.com,The Ramen Bae,Ultimate Sticker Sheet,799,799,1,,,,https://theramenbae.com/products/ultimate-ramen-bae-stickers?variant=49344727580966&_gsid=AEGcGnWMWyLY&utm_source=shopify&utm_medium=catalog
category,stickers,sticker sheet,mambi-shop.myshopify.com,Happy Planner,Spring Florals - 5 Sticker Sheets,279,279,1,,,,https://thehappyplanner.com/products/spring-florals-5-sticker-sheets?variant=39248862969918&_gsid=AEGcGnWMWyLY&utm_source=shopify&utm_medium=catalog
category,stickers,sticker sheet,micashi-store.myshopify.com,Micashi Store,Vol.1 Pirates Cute anime Sticker sheets! :D,500,500,1,Style,personaliz,,https://micashi.com/products/sticker-sheets-d?variant=47634934464825&_gsid=AEGcGnWMWyLY&utm_source=shopify&utm_medium=catalog
category,stickers,sticker sheet,sugarbones.myshopify.com,Sugarbones,Hollanov | Sticker Sheets,1100,1100,1,Design,,,https://sugarbones.net/products/hollanov-sticker-sheet?variant=48188951658715&_gsid=AEGcGnWMWyLY&utm_source=shopify&utm_medium=catalog
category,stickers,sticker sheet,unicorneclipse.myshopify.com,Unicorn Eclipse,Cherries Sticker Sheet,500,500,1,,,,https://unicorneclipse.com/products/cherries-sticker-sheet?variant=48805515526393&_gsid=AEGcGnWMWyLY&utm_source=shopify&utm_medium=catalog
category,stickers,sticker sheet,22d753-6d.myshopify.com,Mathews Archery,Stockpile Sticker Sheet 2.0,999,999,1,,personaliz,,https://mathewsinc.com/products/stockpile-sticker-sheet-copy?variant=51733093974329&_gsid=AEGcGnWMWyLY&utm_source=shopify&utm_medium=catalog
category,stickers,sticker sheet,aam4cs-g1.myshopify.com,Peko Puff,Green Onion Sticker Sheet,700,700,1,,,,https://pekopuff.store/products/green-onion-sticker-sheet?variant=50475224596727&_gsid=AEGcGnWMWyLY&utm_source=shopify&utm_medium=catalog
category,stickers,sticker sheet,23837f-5a.myshopify.com,REN-O-GRAPHICS,TINY STICKER SHEET,600,600,1,,,,https://renographics.shop/products/tiny-sticker-sheet?variant=50333726441791&_gsid=AEGcGnWMWyLY&utm_source=shopify&utm_medium=catalog
category,stickers,sticker sheet,loppy-rae.myshopify.com,LoppyRae,"""Little Adventurer” Sticker Sheet",1000,1000,1,,,,https://shop.loppyrae.com/products/little-adventurer-sticker-sheet?variant=45429870231742&_gsid=AEGcGnWMWyLY&utm_source=shopify&utm_medium=catalog
category,stickers,sticker sheet,boston-general-store.myshopify.com,Boston General Store,Aiko Fukawa Sticker Set,700,700,1,Style,,,https://www.bostongeneralstore.com/products/aiko-fukawa-sticker-set?variant=42335177015361&_gsid=AEGcGnWMWyLY&utm_source=shopify&utm_medium=catalog
category,stickers,sticker sheet,stickerbros-com.myshopify.com,StickerBros ,Sticker Sheets,10290,10290,1,,personaliz,,https://www.stickerbros.com/products/custom-sticker-sheets?variant=45053276291272&_gsid=AEGcGnWMWyLY&utm_source=shopify&utm_medium=catalog
category,stickers,sticker sheet,unicorneclipse.myshopify.com,Unicorn Eclipse,Beach Sticker Sheet,500,500,1,,,,https://unicorneclipse.com/products/beach-sticker-sheet?variant=46681839403257&_gsid=AEGcGnWMWyLY&utm_source=shopify&utm_medium=catalog
category,stickers,sticker sheet,peppercut.myshopify.com,PepperCut,A23. Coffee House Sticker Sheets,800,800,1,,,,https://peppercutstudio.com/products/a23-coffee-house-sticker-sheets?variant=46761536815282&_gsid=AEGcGnWMWyLY&utm_source=shopify&utm_medium=catalog
category,stickers,sticker sheet,unicorneclipse.myshopify.com,Unicorn Eclipse,Library Sticker Sheet,500,500,1,,,,https://unicorneclipse.com/products/library-sticker-sheet?variant=43017720922361&_gsid=AEGcGnWMWyLY&utm_source=shopify&utm_medium=catalog
category,stickers,sticker sheet,strike-gently-co.myshopify.com,Strike Gently,Good Girl Sticker Sheet,500,500,1,,,,https://www.strikegently.co/products/good-girl-sticker-sheet?variant=41242542407760&_gsid=AEGcGnWMWyLY&utm_source=shopify&utm_medium=catalog
category,stickers,sticker sheet,unicorneclipse.myshopify.com,Unicorn Eclipse,Clouds Sticker Sheet,500,500,1,,,,https://unicorneclipse.com/products/clouds-sticker-sheet?variant=39565626540189&_gsid=AEGcGnWMWyLY&utm_source=shopify&utm_medium=catalog
category,stickers,sticker sheet,postix-sticker-club.myshopify.com,Moonbow Creative Co.,Summer Seashell Sticker Sheet,395,395,1,,,,https://moonbowcreative.com/products/summer-seashell-sticker-sheet?variant=49941032599809&_gsid=AEGcGnWMWyLY&utm_source=shopify&utm_medium=catalog
category,stickers,sticker sheet,sullenclothing.myshopify.com,Sullen,Sullen Logo Sticker Sheet,995,995,1,Color; Size,personaliz,,https://sullenclothing.com/products/sullen-logo-sticket-sheet?variant=40624966074467&_gsid=AEGcGnWMWyLY&utm_source=shopify&utm_medium=catalog
category,stickers,sticker sheet,pibyhr-jy.myshopify.com,Feel Good Stickers,Premium Vinyl Sticker Sheets On Sale,1300,1300,1,Lamination option; Sizes; Pack size,custom,,https://feelgoodstickers.com/products/premium-vinyl-sticker-sheets-on-sale?variant=43834027966550&_gsid=AEGcGnWMWyLY&utm_source=shopify&utm_medium=catalog
category,stickers,sticker sheet,inner-peachy.myshopify.com,Inner Peach Design,Sketchbook Sticker Sheet,1000,1000,1,,,,https://innerpeach.co/products/sketchbook-sticker-sheet?variant=43295685836967&_gsid=AEGcGnWMWyLY&utm_source=shopify&utm_medium=catalog
category,stickers,sticker sheet,mambi-shop.myshopify.com,Happy Planner,Simple Faith - 5 Sticker Sheets,209,209,1,,,,https://thehappyplanner.com/products/simple-faith-5-sticker-sheets?variant=39248861823038&_gsid=AEGcGnWMWyLY&utm_source=shopify&utm_medium=catalog
category,stickers,sticker sheet,sterling-ink.myshopify.com,STERLING INK,Monthly Tab Sticker Sheet,400,400,1,,,,https://sterling-ink.com/products/monthly-tab-sticker-sheet?variant=43004616179735&_gsid=AEGcGnWMWyLY&utm_source=shopify&utm_medium=catalog
category,stickers,sticker sheet,emilylex.myshopify.com,emily lex studio,autumn sticker sheets,800,800,1,,,,https://shop.emilylex.com/products/autumn-sticker-sheets?variant=47726445002983&_gsid=AEGcGnWMWyLY&utm_source=shopify&utm_medium=catalog
category,stickers,sticker sheet,nbcuniversal.myshopify.com,NBCUniversal Shop,Obsession Nikki Sticker Sheet,995,995,1,,personaliz,,https://www.nbcstore.com/products/obsession-nikki-sticker-sheet?variant=53605872402798&_gsid=AEGcGnWMWyLY&utm_source=shopify&utm_medium=catalog
category,stickers,sticker sheet,be4901-86.myshopify.com,Art by Elowyn,Spooky Season - 5x7 Sticker Sheet,1599,1599,1,,,,https://shopartbyelowyn.com/products/spooky-season-5x7-sticker-sheet?variant=53415936229725&_gsid=AEGcGnWMWyLY&utm_source=shopify&utm_medium=catalog
category,stickers,sticker sheet,micashi-store.myshopify.com,Micashi Store,Silly Wanted Posters sticker Sheet - Vinyl Waterproof,2000,2000,1,Style,personaliz,,https://micashi.com/products/op-silly-wanted-posters-sticker-sheet-vinyl-waterproof?variant=46386724962617&_gsid=AEGcGnWMWyLY&utm_source=shopify&utm_medium=catalog
category,stickers,sticker sheet,unicorneclipse.myshopify.com,Unicorn Eclipse,Botanical Bliss Sticker Sheet,500,500,1,,,,https://unicorneclipse.com/products/botanical-bliss-sticker-sheet?variant=44614266585337&_gsid=AEGcGnWMWyLY&utm_source=shopify&utm_medium=catalog
category,stickers,sticker sheet,junbi-la.myshopify.com,Junbi,Peanuts Sticker Sheet,800,800,1,,,,https://junbishop.com/products/peanuts-sticker-sheet?variant=51366821364010&_gsid=AEGcGnWMWyLY&utm_source=shopify&utm_medium=catalog
category,stickers,sticker sheet,peppercut.myshopify.com,PepperCut,A22. Rainy Day Sticker Sheets,700,700,1,,,,https://peppercutstudio.com/products/a22-rainy-day-sticker-sheets?variant=46761536880818&_gsid=AEGcGnWMWyLY&utm_source=shopify&utm_medium=catalog
category,stickers,sticker sheet,be4901-86.myshopify.com,Art by Elowyn,"The BIGGEST Teenie Tiny Sticker Sheet- 100 Mini Stickers (8.5"" x 11"")",2499,2499,1,,,,https://shopartbyelowyn.com/products/the-biggest-teenie-tiny-sticker-sheet-8-5x11-sticker-sheet?variant=57624395841885&_gsid=AEGcGnWMWyLY&utm_source=shopify&utm_medium=catalog
category,stickers,sticker sheet,mambi-shop.myshopify.com,Happy Planner,Seasonal Watercolor - 5 Sticker Sheets,279,279,1,,,,https://thehappyplanner.com/products/seasonal-watercolor-5-sticker-sheets?variant=39532535054398&_gsid=AEGcGnWMWyLY&utm_source=shopify&utm_medium=catalog
category,stickers,sticker sheet,unicorneclipse.myshopify.com,Unicorn Eclipse,Midnight Carnival Sticker Sheet,500,500,1,,,,https://unicorneclipse.com/products/midnight-carnival-sticker-sheet?variant=46836260438265&_gsid=AEGcGnWMWyLY&utm_source=shopify&utm_medium=catalog
category,stickers,sticker sheet,micashi-store.myshopify.com,Micashi Store,JJK Sticker sheets! :D,1500,1500,1,Style; Laminate,personaliz,,https://micashi.com/products/gojo-and-geto-sticker-sheet?variant=49850377929017&_gsid=AEGcGnWMWyLY&utm_source=shopify&utm_medium=catalog
category,stickers,sticker sheet,p3wdby-g5.myshopify.com,Maura K Spain,STICKER SHEET: A Savory Summer Evening,1100,1100,1,,,,https://maurakspain.com/products/sticker-sheet-a-savory-summer-evening?variant=48451883401443&_gsid=AEGcGnWMWyLY&utm_source=shopify&utm_medium=catalog
category,stickers,sticker sheet,randyamyjones.myshopify.com,Milky Tomato,Cute Lil Clowns Sticker Sheet,700,700,1,,,,https://www.milkytomato.com/products/cute-lil-clowns-sticker-sheet?variant=40615307477015&_gsid=AEGcGnWMWyLY&utm_source=shopify&utm_medium=catalog
category,stickers,sticker sheet,needlejuice.myshopify.com,Needlejuice Records,Friday Night Funkin' Loading Sticker Sheet Set,800,800,1,,,,https://needlejuicerecords.com/products/friday-night-funkin-loading-sticker-sheet-set?variant=49107770868017&_gsid=AEGcGnWMWyLY&utm_source=shopify&utm_medium=catalog
category,coasters,coasters gift,46338f-fd.myshopify.com,Macorner ,Your Drink Here - Personalized Ceramic Coaster,1995,1995,1,Buy more save more (different designs),personaliz; custom,,https://macorner.co/products/your-drink-here-personalized-ceramic-coaster-oho121201tvht?variant=45763405217948&_gsid=msntN7VEnmG5&utm_source=shopify&utm_medium=catalog
category,coasters,coasters gift,paynes-gray.myshopify.com,Paynes Gray,Jonathan Adler Playa Coaster Set of 4,8500,8500,1,,,,https://www.paynesgray.com/products/jonathan-adler-playa-coaster-set-of-3?variant=45699936256154&_gsid=msntN7VEnmG5&utm_source=shopify&utm_medium=catalog
category,coasters,coasters gift,enrforce.myshopify.com,ENRFORCE,Coaster Set,3500,3500,1,Wood type,,,https://enrforce.com/products/walnut-coaster-set?variant=42252665421906&_gsid=msntN7VEnmG5&utm_source=shopify&utm_medium=catalog
category,coasters,coasters gift,vgyypu-v8.myshopify.com,Vera Nest Home,Rattan Woven Coasters Set of 6 Handcrafted Heat-Resistant Non-Slip Drink Mats Boho Table Decor for Kitchen Dining Room Coffee Table Tabletop Protection Holiday Gift,4099,4099,1,Color,,,https://veranesthome.com/products/rattan-woven-coasters-set-of-6-heat-resistant-non-slip?variant=46930627428540&_gsid=msntN7VEnmG5&utm_source=shopify&utm_medium=catalog
category,coasters,coasters gift,millwoodart.myshopify.com,Mill Wood Art,Hey Y'all Drink Coaster Set,2995,2995,1,Title,,,https://millwoodart.com/products/coa5-say3?variant=46161497161987&_gsid=msntN7VEnmG5&utm_source=shopify&utm_medium=catalog
category,coasters,coasters gift,personalizedpubsigns.myshopify.com,Groovy Guy Gifts,Stone Cold Coasters,3499,3499,1,Design options,,,https://www.groovyguygifts.com/products/stone-cold-coasters?variant=40071487062101&_gsid=msntN7VEnmG5&utm_source=shopify&utm_medium=catalog
category,coasters,coasters gift,fig-pillows.myshopify.com,FIG LINENS AND HOME,Strata Drink Coasters in Beige Taupe & Gray Set of 4 in Gift Box by Kim Seybert,5400,5400,1,Color; Size,,,https://www.figlinensandhome.com/products/strata-drink-coasters-beige-taupe-gray-set-of-4-gift-box-kim-seybert?variant=42285782433894&_gsid=msntN7VEnmG5&utm_source=shopify&utm_medium=catalog
category,coasters,coasters gift,fig-pillows.myshopify.com,FIG LINENS AND HOME,Dahlia Drink Coasters Set of 4 in a Gift Bag by Kim Seybert,12500,12500,1,Color; Size,,,https://www.figlinensandhome.com/products/dahlia-coaster-multi-set-of-4-a-gift-bag-kim-seybert?variant=42285788463206&_gsid=msntN7VEnmG5&utm_source=shopify&utm_medium=catalog
category,coasters,coasters gift,averylanegifts.myshopify.com,Avery Lane Gifts,Wooden Spoon Survivor Stone Coaster,350,350,1,,,,https://www.averylanegifts.com/products/wooden-spoon-survivor-stone-coaster?variant=46169562742980&_gsid=msntN7VEnmG5&utm_source=shopify&utm_medium=catalog
category,coasters,coasters gift,jonathanadler-com.myshopify.com,Jonathan Adler,Sirena Coasters,8500,8500,1,,,,https://jonathanadler.com/products/sirena-coasters?variant=43997380444194&_gsid=msntN7VEnmG5&utm_source=shopify&utm_medium=catalog
category,coasters,coasters gift,sabavihome-com.myshopify.com,Sabavi® Home,"Bodrum Linens Skate Coasters, Set of 4",6800,6800,1,Color,,,https://www.sabavihome.com/products/skate-boxed-coaster-set?variant=42288395124921&_gsid=msntN7VEnmG5&utm_source=shopify&utm_medium=catalog
category,coasters,coasters gift,karens-world-art.myshopify.com,Lincoln City Gifts,Coasters - 4.5″ x 4.5″ Navy White Metallic Ceramic Resin,3500,3500,1,,,,https://lincolncitygifts.com/products/ceramic-resin-coasters-3?variant=46095198028093&_gsid=msntN7VEnmG5&utm_source=shopify&utm_medium=catalog
category,coasters,coasters gift,subtle-art-studios.myshopify.com,Subtle Art Studios,Glass Tile Coaster – Cotton Candy | Handmade Drink Coaster,1800,1800,1,Style,,,https://subtleartstudios.com/products/glass-tile-coaster-its-rose-1?variant=43932811985137&_gsid=msntN7VEnmG5&utm_source=shopify&utm_medium=catalog
category,coasters,coasters gift,over-the-moon-dev.myshopify.com,Over The Moon,"Oasis Coasters in Ivory, Green & Gold, Set of 4 in a Gift Bag",11500,11500,1,Color,,,https://overthemoon.com/products/oasis-coasters-in-ivory-green-gold-set-of-4-in-a-gift-bag?variant=46414669742297&_gsid=msntN7VEnmG5&utm_source=shopify&utm_medium=catalog
category,coasters,coasters gift,the-neighborgoods.myshopify.com,The Neighborgoods,"Homegrown Herbs Coasters, Set of 4",2800,2800,1,,,vegan,https://theneighborgoods.com/products/homegrown-herbs-coasters-set-of-4?variant=51307163451711&_gsid=msntN7VEnmG5&utm_source=shopify&utm_medium=catalog
category,coasters,coasters gift,kimseybert.myshopify.com,Kim Seybert,"Papillon Coasters in Ivory & Gold, Set of 4 in Gift Bag",7700,7700,1,,,,https://kimseybert.com/products/papillon-coastera-in-ivory-gold-set-of-4-in-gift-bag?variant=40796402647101&_gsid=msntN7VEnmG5&utm_source=shopify&utm_medium=catalog
category,coasters,coasters gift,over-the-moon-dev.myshopify.com,Over The Moon,Images Drink Coaster Set,19300,19300,1,,,,https://overthemoon.com/products/images-drink-coaster-set?variant=44956977529049&_gsid=msntN7VEnmG5&utm_source=shopify&utm_medium=catalog
category,coasters,coasters gift,subtle-art-studios.myshopify.com,Subtle Art Studios,Glass Tile Coaster – a Love Letter | Handmade Drink Coaster,1800,1800,1,Style,,,https://subtleartstudios.com/products/glass-tile-coaster-a-love-letter?variant=44585714614513&_gsid=msntN7VEnmG5&utm_source=shopify&utm_medium=catalog
category,coasters,coasters gift,46338f-fd.myshopify.com,Macorner ,Best Team Ever Gift For Coworkers - Personalized Coasters,599,599,1,Shape,personaliz,,https://macorner.co/products/best-team-ever-gift-for-coworkers-personalized-coasters-ma2y2r11k?variant=47245514997916&_gsid=msntN7VEnmG5&utm_source=shopify&utm_medium=catalog
category,coasters,coasters gift,4uivy0-n3.myshopify.com,BeeRusty,Snail Magnetic Wooden Coasters with Holder - Set of 6,3500,3500,1,,,,https://www.beerusty.com/products/snail-magnetic-wooden-coasters-with-holder-set-of-6?variant=46223644983447&_gsid=msntN7VEnmG5&utm_source=shopify&utm_medium=catalog
category,coasters,coasters gift,jonathanadler-com.myshopify.com,Jonathan Adler,Hôtel De Rêve Coasters,9500,9500,1,,,,https://jonathanadler.com/products/hotel-de-reve-coasters?variant=44257807499298&_gsid=msntN7VEnmG5&utm_source=shopify&utm_medium=catalog
category,coasters,coasters gift,the-james-trading-group.myshopify.com,The James Trading Group,Guinness Archive Label - 4Pk Ceramic Coasters,1595,1595,1,,,,https://thejtg.com/products/guinness-archive-label-4pk-ceramic-coasters?variant=45075252707575&_gsid=msntN7VEnmG5&utm_source=shopify&utm_medium=catalog
category,coasters,coasters gift,jonathanadler-com.myshopify.com,Jonathan Adler,Eden Coasters,9500,9500,1,,,,https://jonathanadler.com/products/eden-coasters?variant=33058398076962&_gsid=msntN7VEnmG5&utm_source=shopify&utm_medium=catalog
category,coasters,coasters gift,jonathanadler-com.myshopify.com,Jonathan Adler,Versailles Coasters,8500,8500,1,,,,https://jonathanadler.com/products/versailles-coasters?variant=31498387914786&_gsid=msntN7VEnmG5&utm_source=shopify&utm_medium=catalog
category,coasters,coasters gift,dinosaur-designs-studio-us.myshopify.com,Dinosaur Designs US,Boulder Coaster,4500,4500,1,Colour,,,https://www.dinosaurdesigns.com/products/boulder-coaster?variant=41157062492271&_gsid=msntN7VEnmG5&utm_source=shopify&utm_medium=catalog
category,coasters,coasters gift,kitross-los-angeles.myshopify.com,Kitson LA,FULL DOSE COASTERS,8500,8500,1,Style,,,https://www.kitsonlosangeles.com/products/jonathan-adler-full-dose-coasters?variant=30595578572&_gsid=msntN7VEnmG5&utm_source=shopify&utm_medium=catalog
category,coasters,coasters gift,holtzleather.myshopify.com,Holtz Leather,The Farm House Circle Personalized Fine Leather Coaster Set of 4 Coasters,4900,4900,1,Color,personaliz,,https://www.holtzleather.com/products/farm-house-circle-coasters?variant=31944666939485&_gsid=msntN7VEnmG5&utm_source=shopify&utm_medium=catalog
category,coasters,coasters gift,kimseybert.myshopify.com,Kim Seybert,"Bevel Drink Coasters in Gold & Silver, Set of 4 in a Gift Box",9500,9500,1,Color,,,https://kimseybert.com/products/bevel-drink-coasters-in-a-gift-box?variant=39556160651325&_gsid=msntN7VEnmG5&utm_source=shopify&utm_medium=catalog
category,coasters,coasters gift,fig-pillows.myshopify.com,FIG LINENS AND HOME,Woodland Drink Coasters in Natural & Brown Set of 4 in a Gift Box by Kim Seybert,5100,5100,1,Color; Size,,,https://www.figlinensandhome.com/products/woodland-coaster-natural-brown-set-of-4-a-gift-box-kim-seybert?variant=42285789249638&_gsid=msntN7VEnmG5&utm_source=shopify&utm_medium=catalog
category,coasters,coasters gift,subtle-art-studios.myshopify.com,Subtle Art Studios,Glass Tile Coaster Set – Triple Sprinkles | Set of 3 Drink Coasters,4860,4860,1,,,,https://subtleartstudios.com/products/tile-coaster-set-triple-sprinkles?variant=43363021652209&_gsid=msntN7VEnmG5&utm_source=shopify&utm_medium=catalog
category,coasters,coasters gift,subtle-art-studios.myshopify.com,Subtle Art Studios,Glass Tile Coaster – The Summer Sprinkles | Handmade Drink Coaster,1800,1800,1,Style,,,https://subtleartstudios.com/products/glass-tile-coaster-the-new-sprinkles?variant=43932811165937&_gsid=msntN7VEnmG5&utm_source=shopify&utm_medium=catalog
category,coasters,coasters gift,0wjec4-et.myshopify.com,Organhome,"Wood Coasters Set of 4 with Holder, 4 Inch 100% Natural Walnut Wooden Drink Coasters for Housewarming Gifts New Home, Gifts, Wedding, Coffee Table, Office, Home Decor, Bar, Christmas",3599,3599,1,,,,https://organhome.com/products/wood-coasters-set-of-4-with-holder-4-inch-100-natural-walnut-wooden-drink-coasters-for-housewarming-gifts-new-home-gifts-wedding-coffee-table-office-home-decor-bar-christmas?variant=51275329142820&_gsid=msntN7VEnmG5&utm_source=shopify&utm_medium=catalog
category,coasters,coasters gift,subtle-art-studios.myshopify.com,Subtle Art Studios,Glass Tile Coaster – The Autumn Sprinkles | Handmade Drink Coaster,1800,1800,1,Style,,,https://subtleartstudios.com/products/glass-tile-coaster-the-autumn-sprinkles?variant=43932795666673&_gsid=msntN7VEnmG5&utm_source=shopify&utm_medium=catalog
category,coasters,coasters gift,fig-pillows.myshopify.com,FIG LINENS AND HOME,Petrified Wood Drink Coasters in Multi Set of 4 in a Gift Box by Kim Seybert,5100,5100,1,Color; Size,,,https://www.figlinensandhome.com/products/petrified-wood-coaster-multi-set-of-4-a-gift-box-kim-seybert?variant=42285782106214&_gsid=msntN7VEnmG5&utm_source=shopify&utm_medium=catalog
category,coasters,coasters gift,boutique-lulubelles.myshopify.com,Lulubelles Boutique,Believe in Your(Shelf) Coasters,2800,2800,1,,,vegan,https://lulubelles.com/products/believe-in-yourshelf-coasters-set-of-4?variant=51663270314274&_gsid=msntN7VEnmG5&utm_source=shopify&utm_medium=catalog
category,coasters,coasters gift,subtle-art-studios.myshopify.com,Subtle Art Studios,Glass Tile Coaster Set – Veri Berri | Set of 4 Drink Coasters,6480,6480,1,,,,https://subtleartstudios.com/products/tile-coaster-set-veri-berri?variant=42356314931441&_gsid=msntN7VEnmG5&utm_source=shopify&utm_medium=catalog
category,coasters,coasters gift,ce861d-d4.myshopify.com,Ama La Vita,Snarky Orange Coaster // Tart By Taylor,1800,1800,1,Option,,,https://shopamalavita.com/products/snarky-orange-coaster-tart-by-taylor?variant=44077225508929&_gsid=msntN7VEnmG5&utm_source=shopify&utm_medium=catalog
category,coasters,coasters gift,elizabeth-lamont.myshopify.com,Elizabeth Lamont,Palisade Coaster,10000,10000,1,Color; Quantity,,,https://elizabethlamont.com/products/palisade-coaster?variant=47239121764576&_gsid=msntN7VEnmG5&utm_source=shopify&utm_medium=catalog
category,coasters,coasters gift,addisonrossusa.myshopify.com,Addison Ross Ltd USA,Cappuccino Coasters – Set of 4,10800,10800,1,Color,,,https://usa.addisonross.com/products/cappuccino-coasters-set-of-4?variant=40220753920073&_gsid=msntN7VEnmG5&utm_source=shopify&utm_medium=catalog
category,coasters,coasters gift,tart-by-taylor-wholesale.myshopify.com,Tart By Taylor Wholesale,Classic Pill Coaster,850,850,1,,,,https://www.tartbytaylorwholesale.com/products/classic-pill-coasters-wholesale?variant=48410695008564&_gsid=msntN7VEnmG5&utm_source=shopify&utm_medium=catalog
category,coasters,coasters gift,e9c22f-3.myshopify.com,Barnes & Noble,Acrylic Scalloped Coaster Set,2999,2999,1,,,,https://shop.barnesandnoble.com/products/0802299315908?variant=46245451432177&_gsid=msntN7VEnmG5&utm_source=shopify&utm_medium=catalog
category,coasters,coasters gift,ivy-and-stone.myshopify.com,Ivy & Stone,Scalloped Marble Coasters Set,2900,2900,1,,,,https://ivyandstonehome.com/products/scalloped-marble-coasters-set-of-4?variant=47977027633382&_gsid=msntN7VEnmG5&utm_source=shopify&utm_medium=catalog
category,coasters,coasters gift,paper-anchor-co.myshopify.com,Paper Anchor Co.,Vibrant Rosa Gold Drink Coasters,1800,1800,1,,,,https://paper-anchor.com/products/vibrant-rosa-gold-drink-coasters?variant=50761113043250&_gsid=msntN7VEnmG5&utm_source=shopify&utm_medium=catalog
category,coasters,coasters gift,ctsaltbox.myshopify.com,Anastasio Home,Box Coaster Set,14500,14500,1,Stone,,,https://anastasiohome.com/products/box-coaster-set?variant=44013242056755&_gsid=msntN7VEnmG5&utm_source=shopify&utm_medium=catalog
category,coasters,coasters gift,over-the-moon-dev.myshopify.com,Over The Moon,"Tortoise Drink Coasters in Brown, Set of 6 in a Caddy",7500,7500,1,Color,,,https://overthemoon.com/products/tortoise-drink-coasters-in-brown-set-of-6-in-a-caddy?variant=46414671347929&_gsid=msntN7VEnmG5&utm_source=shopify&utm_medium=catalog
category,coasters,coasters gift,therapy-an-auburn-boutique.myshopify.com,Therapy Boutique,Lemon Beaded Coasters,2600,2600,1,Style; Color,,,https://www.shoptherapyauburn.com/products/lemon-beaded-coasters?variant=44323679928429&_gsid=msntN7VEnmG5&utm_source=shopify&utm_medium=catalog
category,coasters,coasters gift,subtle-art-studios.myshopify.com,Subtle Art Studios,Glass Tile Coaster – Green Apple | Handmade Drink Coaster,1800,1800,1,,,,https://subtleartstudios.com/products/glass-tile-coaster-green-apple-1?variant=43932767355121&_gsid=msntN7VEnmG5&utm_source=shopify&utm_medium=catalog
category,coasters,coasters gift,meri-meri3.myshopify.com,Meri Meri,Meri Meri x Molly Mahon Coasters (x 6),4000,4000,1,,,,https://merimeri.com/products/meri-meri-x-molly-mahon-coasters-x-6?variant=41969647845462&_gsid=msntN7VEnmG5&utm_source=shopify&utm_medium=catalog
category,coasters,coasters gift,quintessentials-shop.myshopify.com,Quintessentials,Chinese Bouquet Coaster,6000,6000,1,Color,,,https://shopquintessentials.com/products/chinese-bouquet-coaster?variant=45644452561169&_gsid=msntN7VEnmG5&utm_source=shopify&utm_medium=catalog
category,coasters,coasters gift,tarawilsondesigns.myshopify.com,Tara Wilson Designs,Blue Toile Acrylic Scallop Drink Coasters,10000,10000,1,,,,https://tarawilsondesigns.com/products/scallop-coasters-toile-blue?variant=46091947114645&_gsid=msntN7VEnmG5&utm_source=shopify&utm_medium=catalog
category,totes,tote bag gift,aviator-nation.myshopify.com,Aviator Nation,CANVAS LOGO TOTE BAG,2800,2800,1,Size,,,https://www.aviatornation.com/products/canvas-logo-tote-bag?variant=43435447156887&_gsid=PZUzo8snQ75K&utm_source=shopify&utm_medium=catalog
category,totes,tote bag gift,happyhyggegifts-com.myshopify.com,Happy Hygge Gifts,Personalized Tote Bag | Spa Gift for Women,6800,6800,1,Gift variation; Greeting card; Tote text,personaliz,,https://happyhyggegifts.com/products/personalized-tote-bag-spa-gift-for-women-thinking-of-you-care-package?variant=44792526012665&_gsid=PZUzo8snQ75K&utm_source=shopify&utm_medium=catalog
category,totes,tote bag gift,e47cb7-82.myshopify.com,Sew Charming Design Co,Charming Quilted Tote Bag,4500,4500,1,Large quilted tote bag,,,https://www.sewcharmingdesignco.com/products/charming-quilted-tote-bag?variant=52599966433594&_gsid=PZUzo8snQ75K&utm_source=shopify&utm_medium=catalog
category,totes,tote bag gift,happyhyggegifts-com.myshopify.com,Happy Hygge Gifts,Personalized Tote Bag for Women,1000,1000,1,Tote text,personaliz; custom,,https://happyhyggegifts.com/products/personalized-tote-bag-for-women?variant=45318873088249&_gsid=PZUzo8snQ75K&utm_source=shopify&utm_medium=catalog
category,totes,tote bag gift,nailsbestbuy.myshopify.com,iNAIL SUPPLY,OPI Tote Gift Bag,9000,9000,1,Color,,,https://nailsbestbuy.com/products/opi-gift-bag?variant=49577002664248&_gsid=PZUzo8snQ75K&utm_source=shopify&utm_medium=catalog
category,totes,tote bag gift,spwxti-kd.myshopify.com,Amber Marie and Company,Brighton Striped Love Clear Vinyl Tote Gift with Purchase,12800,12800,1,,,,https://ambermarieandcompany.com/products/brighton-striped-loved-vinyl-tote?variant=46964286324892&_gsid=PZUzo8snQ75K&utm_source=shopify&utm_medium=catalog
category,totes,tote bag gift,passionatepennypincher.myshopify.com,Passionate Penny Pincher,Canvas Tote Bag,1900,1900,1,Color,,,https://shop.passionatepennypincher.com/products/canvas-tote-bag?variant=44616702165036&_gsid=PZUzo8snQ75K&utm_source=shopify&utm_medium=catalog
category,totes,tote bag gift,forgedleather.myshopify.com,Portland Leather,Verona Tote,16000,16000,1,Color; Size,,,https://www.portlandleathergoods.com/products/verona-tote?variant=42027248549970&_gsid=PZUzo8snQ75K&utm_source=shopify&utm_medium=catalog
category,totes,tote bag gift,us2pw5-16.myshopify.com,Cozyseam,"Cat Quilted Tote Bag, Floral Garden, Gift for Cat Moms, Everyday Bag",4299,4299,1,,,,https://www.cozyseam.com/products/cat-quilted-tote-bag-floral-garden-gift-for-cat-moms-everyday-bag?variant=50468777951469&_gsid=PZUzo8snQ75K&utm_source=shopify&utm_medium=catalog
category,totes,tote bag gift,frances-valentine.myshopify.com,Frances Valentine,Canvas Heart Easy Tote,4800,4800,1,Color,,,https://francesvalentine.com/products/easy-tote-heart-natural-red-os?variant=41118492917823&_gsid=PZUzo8snQ75K&utm_source=shopify&utm_medium=catalog
category,totes,tote bag gift,j03b0x-tm.myshopify.com,Sea Bags,Love Notes Medium Tote,13125,13125,1,,,,https://seabags.com/products/love-notes-medium-tote?variant=44464972136630&_gsid=PZUzo8snQ75K&utm_source=shopify&utm_medium=catalog
category,totes,tote bag gift,the-maryland-store-online.myshopify.com,The Maryland Store,Scout Maryland Toile Small Gift Tote Bag,1495,1495,1,,,,https://themarylandstore.com/products/scout-maryland-toile-small-gift-tote-bag?variant=48428168085749&_gsid=PZUzo8snQ75K&utm_source=shopify&utm_medium=catalog
category,totes,tote bag gift,piyama-usa.myshopify.com,Piyama USD,Embroidered Cotton Tote,350,350,1,,,,https://www.piyama.com/products/embroidered-cotton-tote?variant=46454529622265&_gsid=PZUzo8snQ75K&utm_source=shopify&utm_medium=catalog
category,totes,tote bag gift,mpr-apmg.myshopify.com,Public Media Market,Beyg Tote Bag,3000,3000,1,,,,https://www.publicmediamarket.org/products/beyg-tote-bag?variant=50404344365360&_gsid=PZUzo8snQ75K&utm_source=shopify&utm_medium=catalog
category,totes,tote bag gift,pink-poppy-party-shoppe.myshopify.com,Rubi and Lib Design Studio,Monogrammed Tote Bag,2880,2880,1,Select bag size and color,monogram; custom; personaliz,,https://rubiandlib.com/products/monogrammed-boat-tote-bag?variant=51199151964441&_gsid=PZUzo8snQ75K&utm_source=shopify&utm_medium=catalog
category,totes,tote bag gift,46338f-fd.myshopify.com,Macorner ,"Custom Name & Birth Flower For Her, Coworkers, Boss, Teachers, Friends - Personalized Tote Bag",2995,2995,1,Color,custom; personaliz,,https://macorner.co/products/custom-name-birth-flower-for-her-coworkers-boss-teachers-friends-personalized-tote-bag-maehe7ncj?variant=47433849274524&_gsid=PZUzo8snQ75K&utm_source=shopify&utm_medium=catalog
category,totes,tote bag gift,united-monograms.myshopify.com,United Monograms,Make It Yours™ Icon Large Charm Tote,8495,8495,1,Color,custom; initials,,https://www.united-monograms.com/products/make-it-yours-spring-icon-large-charm-tote?variant=52556318867735&_gsid=PZUzo8snQ75K&utm_source=shopify&utm_medium=catalog
category,totes,tote bag gift,imaginaryauthors.myshopify.com,Imaginary Authors,HOW TO SAY BICYCLE IN FRENCH TOTE BAG,4000,4000,1,,,,https://imaginaryauthors.com/products/tote-bag?variant=46878466408684&_gsid=PZUzo8snQ75K&utm_source=shopify&utm_medium=catalog
category,totes,tote bag gift,46338f-fd.myshopify.com,Macorner ,"Custom Birth Flower & Name For Friends, Daughter, Granddaughter, Coworkers - Personalized Tote Bag",3695,3695,1,Color,custom; personaliz,,https://macorner.co/products/custom-birth-flower-name-for-friends-daughter-granddaughter-coworkers-personalized-tote-bag-mapaeu591?variant=47171500376220&_gsid=PZUzo8snQ75K&utm_source=shopify&utm_medium=catalog
category,totes,tote bag gift,forgedleather.myshopify.com,Portland Leather,Leather Tote Bag,16000,16000,1,Style; Color; Size,,,https://www.portlandleathergoods.com/products/classic-tote?variant=32820506591314&_gsid=PZUzo8snQ75K&utm_source=shopify&utm_medium=catalog
category,totes,tote bag gift,mjgbr8-4v.myshopify.com,Gabby and Threads,Barre Girl Tote Bag,4500,4500,1,Tote bag color,custom,,https://gabbyandthreads.com/products/barre-girl-tote-bag?variant=49963303239873&_gsid=PZUzo8snQ75K&utm_source=shopify&utm_medium=catalog
category,totes,tote bag gift,e4d148.myshopify.com,Palomas Gifts,Sailcloth Tote Bag,3500,3500,1,Bag design,,,https://www.palomasgifts.com/products/sailcloth-tote-small-blue-anchor?variant=52681565339961&_gsid=PZUzo8snQ75K&utm_source=shopify&utm_medium=catalog
category,totes,tote bag gift,vickiesgifts.myshopify.com,Vickie's Gifts,Polka Dot Tote Bag,2400,2400,1,,,,https://www.vickiesgifts.net/products/polka-dot-tote-bag?variant=48764165488855&_gsid=PZUzo8snQ75K&utm_source=shopify&utm_medium=catalog
category,totes,tote bag gift,us2pw5-16.myshopify.com,Cozyseam,"White Cat Quilted Tote Bag, Cottagecore Floral, Cat Lover Gift",4299,4299,1,Size,,,https://www.cozyseam.com/products/white-cat-quilted-tote-bag-cottagecore-floral-cat-lover-gift?variant=50485353644269&_gsid=PZUzo8snQ75K&utm_source=shopify&utm_medium=catalog
category,totes,tote bag gift,givenkind-donation-catalog.myshopify.com,GiveNKind,"Jute Tote Bag / Gift Basket / Hanging Basket, IKEA Tolkning",50,50,1,,,,https://givenkind-donation-catalog.myshopify.com/products/jute-tote-bag-hanging-basket-ikea-tolkning?variant=46233792086153&_gsid=PZUzo8snQ75K&utm_source=shopify&utm_medium=catalog
category,totes,tote bag gift,f5a0e5-3.myshopify.com,Onic Brands LLC,"Shiraleah ""VERY MERRY"" GIFTING TOTE, RED",4999,4999,1,,,,https://www.onicbrands.com/products/very-merry-gifting-tote-red?variant=46651734229189&_gsid=PZUzo8snQ75K&utm_source=shopify&utm_medium=catalog
category,totes,tote bag gift,77xwkd-xx.myshopify.com,Sew Brooklynn,"Custom Phrase/Name Embroidered Tote Bag, Canvas Grocery Bag, Bridesmaid Gifts, Holiday Teen Gift, Sister Gift, Christmas Gift, Personalized",3500,3500,1,Bag color,custom; personaliz,,https://sewbrooklynn.com/products/custom-phrase-name-embroidered-tote-bag-canvas-grocery-bag-bridesmaid-gifts-holiday-teen-gift-sister-gift-christmas-gift-personalized?variant=41889540014155&_gsid=PZUzo8snQ75K&utm_source=shopify&utm_medium=catalog
category,totes,tote bag gift,out-of-the-box-ny.myshopify.com,Out of the Box NY Gifts,BANDANA TOTE BAGS WITH PERSONALIZATION,10800,10800,1,Color,personaliz,,https://www.outoftheboxnygifts.com/products/bandana-tote-bags-with-personalization?variant=48008800600238&_gsid=PZUzo8snQ75K&utm_source=shopify&utm_medium=catalog
category,totes,tote bag gift,forgedleather.myshopify.com,Portland Leather,Devan Bucket Tote,12800,12800,1,Color; Size,,,https://www.portlandleathergoods.com/products/devan-bucket-tote?variant=40864468893778&_gsid=PZUzo8snQ75K&utm_source=shopify&utm_medium=catalog
category,totes,tote bag gift,alice-wonder.myshopify.com,Alice & Wonder,Texas Icons Tote,5500,5500,1,Size,custom,,https://aliceandwonder.com/products/texas-icons-tote?variant=41942551003207&_gsid=PZUzo8snQ75K&utm_source=shopify&utm_medium=catalog
category,totes,tote bag gift,dandy-lions-maryville.myshopify.com,Dandy Lions Gifts,Quilted Tote Bag,3500,3500,1,Syle,,,https://shop.dandylionsgifts.com/products/quilted-tote-bag?variant=54728765112611&_gsid=PZUzo8snQ75K&utm_source=shopify&utm_medium=catalog
category,totes,tote bag gift,forgedleather.myshopify.com,Portland Leather,'Almost Perfect' Leather Tote Bag,9000,9000,1,Style; Color; Size,,,https://www.portlandleathergoods.com/products/almost-perfect-leather-tote-bag?variant=32509437182034&_gsid=PZUzo8snQ75K&utm_source=shopify&utm_medium=catalog
category,totes,tote bag gift,alice-wonder.myshopify.com,Alice & Wonder,Boston Icons Tote,5500,5500,1,,,,https://aliceandwonder.com/products/boston-icons-tote?variant=41942529212487&_gsid=PZUzo8snQ75K&utm_source=shopify&utm_medium=catalog
category,totes,tote bag gift,out-of-the-box-ny.myshopify.com,Out of the Box NY Gifts,BANDANA TOTE BAGS,8300,8300,1,Color,,,https://www.outoftheboxnygifts.com/products/bandana-tote-bags?variant=47864493146286&_gsid=PZUzo8snQ75K&utm_source=shopify&utm_medium=catalog
category,totes,tote bag gift,1f5wn2-sy.myshopify.com,PawPowPet,"Personalized Birth Flower Tote Bag, Custom Name Corduroy Handbag with Mother of Pearl Floral Design, Birthday Gift for Women Mom",2395,2395,1,,personaliz; custom,,https://pawpowpet.com/products/custom-name-mother-of-pearl-effect-birth-flower-corduroy-tote-bag-large-capacity-zippered-handbag-with-side-pockets-birthday-gift-for-her-mom-women?variant=50988348342519&_gsid=PZUzo8snQ75K&utm_source=shopify&utm_medium=catalog
category,totes,tote bag gift,twinoakstest.myshopify.com,Natural Life,"Large Happy Bag, Set of 3 - Spread Kindness",1350,1350,1,Color,,,https://www.naturallife.com/products/large-happy-bag-set-of-3-spread-kindness?variant=41713810768045&_gsid=PZUzo8snQ75K&utm_source=shopify&utm_medium=catalog
category,totes,tote bag gift,sisters-flowers-and-gifts.myshopify.com,Sisters Flowers and Gifts,"Large Classic Tote, Assorted Colors",7000,7000,1,Color,,,https://www.sistersharrison.com/products/large-classic-tote?variant=50035662029095&_gsid=PZUzo8snQ75K&utm_source=shopify&utm_medium=catalog
category,totes,tote bag gift,clearly-yours-gifts.myshopify.com,Clearly Yours Gifts,Ezra Tote,10200,10200,1,Color,,,https://clearlyyoursgifts.com/products/ezra-tote?variant=44331255234787&_gsid=PZUzo8snQ75K&utm_source=shopify&utm_medium=catalog
category,totes,tote bag gift,forgedleather.myshopify.com,Portland Leather,August Tote,13200,13200,1,Color; Size,,,https://www.portlandleathergoods.com/products/august-tote?variant=42063145107538&_gsid=PZUzo8snQ75K&utm_source=shopify&utm_medium=catalog
category,totes,tote bag gift,newstatebags.myshopify.com,STATE Bags,Graham Tote,12800,12800,1,Color,,,https://statebags.com/products/graham-tote-purple?variant=45189031690430&_gsid=PZUzo8snQ75K&utm_source=shopify&utm_medium=catalog
category,totes,tote bag gift,10701a-4.myshopify.com,Pawesome House,"Personalized Birth Flower Tote Bag – Custom Name Gift for Friends, Daughter & Granddaughter",3499,3499,1,Color,personaliz; custom,,https://pawesomehouse.com/products/personalized-birth-flower-tote-bag-custom-name-gift-for-friends-daughter-granddaughter-2220?variant=53024962281761&_gsid=PZUzo8snQ75K&utm_source=shopify&utm_medium=catalog
category,totes,tote bag gift,elizabeth-scarlett.myshopify.com,Elizabeth Scarlett,Poppy Meadow Tote,9800,9800,1,Color; Fabric,,,https://www.elizabethscarlett.com/products/poppy-meadow-tote?variant=57349100306805&_gsid=PZUzo8snQ75K&utm_source=shopify&utm_medium=catalog
category,totes,tote bag gift,forgedleather.myshopify.com,Portland Leather,Montana Tote,15800,15800,1,Style; Color; Size,,,https://www.portlandleathergoods.com/products/montana-tote?variant=42030115094610&_gsid=PZUzo8snQ75K&utm_source=shopify&utm_medium=catalog
category,totes,tote bag gift,wdp-us.myshopify.com,Wander Prints,Birth Month Flowers Bloom Where You're Planted Women - Personalized Canvas Tote Bag,3595,3595,1,Size,personaliz; custom,,https://wanderprints.com/products/birth-month-flowers-bloom-where-youre-planted-women-personalized-canvas-tote-bag-bd1230nah3697?variant=50384151118107&_gsid=PZUzo8snQ75K&utm_source=shopify&utm_medium=catalog
category,totes,tote bag gift,elizabeth-scarlett.myshopify.com,Elizabeth Scarlett,Lobster Velvet Tote,9800,9800,1,Color; Fabric,,,https://www.elizabethscarlett.com/products/lobster-velvet-tote?variant=55898124845429&_gsid=PZUzo8snQ75K&utm_source=shopify&utm_medium=catalog
category,totes,tote bag gift,46338f-fd.myshopify.com,Macorner ,Custom Birth Flower & Name - Personalized Tote Bag,3695,3695,1,Buy more save more (different designs),custom; personaliz,,https://macorner.co/products/custom-birth-flower-name-personalized-tote-bag-mairdio87?variant=47199714574492&_gsid=PZUzo8snQ75K&utm_source=shopify&utm_medium=catalog
category,totes,tote bag gift,i9uk0c-ia.myshopify.com,The Embroider Spot,"Bluebonnet Quilted Tote Bag, Blue Flower Quilted Tote Bag, Fabric Quilted Bag, Women Tote Bag Gift QTOTE04",3200,3200,1,,,,https://theembroiderspot.com/products/bluebonnet-quilted-tote-bag-qtote04?variant=52541373415556&_gsid=PZUzo8snQ75K&utm_source=shopify&utm_medium=catalog
category,totes,tote bag gift,twinoakstest.myshopify.com,Natural Life,"Small Happy Bag, Set of 3 - Happy Bag",1050,1050,1,Color,,,https://www.naturallife.com/products/small-happy-bag-set-of-3-happy-bag?variant=41713852645549&_gsid=PZUzo8snQ75K&utm_source=shopify&utm_medium=catalog
category,totes,tote bag gift,2ad980-2.myshopify.com,Pavilion - Retail,Lake Corduroy Tote Bag,4200,4200,1,,,,https://paviliongift.com/products/lake-corduroy-tote-bag?variant=44107786485940&_gsid=PZUzo8snQ75K&utm_source=shopify&utm_medium=catalog
category,totes,tote bag gift,mpicgt-t3.myshopify.com,Blindly,Book Club Member Tote Bag,2000,2000,1,,,,https://blindlybooks.com/products/book-club-member-tote-bag?variant=43564691718209&_gsid=PZUzo8snQ75K&utm_source=shopify&utm_medium=catalog
personalization,favors_personalized,personalized party favors,f5fbe0.myshopify.com,Inkbond,Beer Birthday!,2499,2499,1,Buy more & save!,personaliz,,https://www.ink-bond.com/products/beer-birthday-temporary-tattoo?variant=45044276396323&_gsid=b2xbDZ14H8Sv&utm_source=shopify&utm_medium=catalog
personalization,favors_personalized,personalized party favors,sunkissed-party-co.myshopify.com,Sunkissed Party Co,Face on a Stick,1199,1199,1,Quantity; Add confetti stickers?,personaliz,,https://www.sunkissedpartyco.com/products/face-on-a-stick?variant=46232251433185&_gsid=b2xbDZ14H8Sv&utm_source=shopify&utm_medium=catalog
personalization,favors_personalized,personalized party favors,jjspartyfavors.myshopify.com,JJsPartyFavors,Custom Party Package,9000,9000,1,Style,custom; personaliz,,https://jjspartyfavors.net/products/party-favors?variant=39992502485049&_gsid=b2xbDZ14H8Sv&utm_source=shopify&utm_medium=catalog
personalization,favors_personalized,personalized party favors,f5fbe0.myshopify.com,Inkbond,"The Man, The Myth, The Legend",2499,2499,1,Buy more & save!,personaliz,,https://www.ink-bond.com/products/the-man-the-myth-the-legend-birthday-tattoo?variant=48198336774435&_gsid=b2xbDZ14H8Sv&utm_source=shopify&utm_medium=catalog
personalization,favors_personalized,personalized party favors,earles-folly.myshopify.com,Earle's Folly,Custom Face Fans,2299,2299,1,Quantity included,custom; personaliz,,https://earlesfolly.com/products/custom-face-fans?variant=47463706394789&_gsid=b2xbDZ14H8Sv&utm_source=shopify&utm_medium=catalog
personalization,favors_personalized,personalized party favors,simplysweetfavors.myshopify.com,SimplySweetFavors,Personalized Cotton Candy OG Bags – One Flavor per Bag Custom Party Favors | Simply Sweet Favors,3900,3900,1,Label type; Quantity,personaliz; custom,,https://simplysweetfavors.com/products/personalized-original-cotton-candy-bags-1-flavor-per-bag-10-bags-minimum-per-flavor-1?variant=43059708231819&_gsid=b2xbDZ14H8Sv&utm_source=shopify&utm_medium=catalog
personalization,favors_personalized,personalized party favors,sunkissed-party-co.myshopify.com,Sunkissed Party Co,Custom Face Confetti Stickers,1197,1197,1,Size & quantity,custom; personaliz,,https://www.sunkissedpartyco.com/products/custom-face-confetti-stickers?variant=45418177003745&_gsid=b2xbDZ14H8Sv&utm_source=shopify&utm_medium=catalog
personalization,favors_personalized,personalized party favors,efavormart-new.myshopify.com,efavormart.com,"100 Pack Personalized Wedding Favor Gift Boxes, Mini Cupcake Boxes 3""x3""x3""",3299,3299,1,,personaliz,,https://www.efavormart.com/products/100-pack-personalized-wedding-favor-gift-boxes-mini-cupcake-boxes-3x3x3?variant=8210280808494&_gsid=b2xbDZ14H8Sv&utm_source=shopify&utm_medium=catalog
personalization,favors_personalized,personalized party favors,jazznjaycreations.myshopify.com,Jazz N Jay Creations,Chip Bag Special - ANY THEME,4000,4000,1,,personaliz,,https://jazznjaycreations.com/products/chip-bag-special-any-theme?variant=43624543977546&_gsid=b2xbDZ14H8Sv&utm_source=shopify&utm_medium=catalog
personalization,favors_personalized,personalized party favors,peculiar-7634.myshopify.com,Peculiar,CUSTOM PARTY FAVORS,3000,3000,1,Size,custom; personaliz,,https://peculiar-7634.myshopify.com/products/custom-party-favors?variant=50391831249171&_gsid=b2xbDZ14H8Sv&utm_source=shopify&utm_medium=catalog
personalization,favors_personalized,personalized party favors,wrapped-by-brat.myshopify.com,Wrapped By Brat ,Party Favor Packages,10000,10000,1,Options,custom,,https://wrappedbybrat.com/products/party-favors-2?variant=44108684361968&_gsid=b2xbDZ14H8Sv&utm_source=shopify&utm_medium=catalog
personalization,favors_personalized,personalized party favors,e13812-2.myshopify.com,"Midtown POP – Gourmet Popcorn in Wilmington, NC",Mini Bag Custom Party  🥳 Favors (2 Cups) Gourmet Popcorn,213,213,1,,custom,,https://midtownpop.com/products/mini-bag-party-favors?variant=40514680586302&_gsid=b2xbDZ14H8Sv&utm_source=shopify&utm_medium=catalog
personalization,favors_personalized,personalized party favors,bigdotofhappiness.myshopify.com,Big Dot of Happiness LLC,Custom Photo Party Time Fun Face Cut-Out Stickers - Set of 24,1499,1499,1,,custom; personaliz,,https://www.bigdotofhappiness.com/products/colorful-birthday-hat-custom-photo-stickers?variant=45864537325720&_gsid=b2xbDZ14H8Sv&utm_source=shopify&utm_medium=catalog
personalization,favors_personalized,personalized party favors,2489c4.myshopify.com,The Party Crafter ,"Set of 12 Custom-Made Candy Bar Favors – Physical, Personalized (Purse, Wallet & Mini Wallet)",16000,16000,1,Favor box style (set of 12),custom; personaliz,,https://thepartycrafter.com/products/custom-candy-bar-party-favors-purse-wallet-or-mini-wallet-favor-boxes-personalized-party-favors-for-birthdays-showers-and-events?variant=50049798635820&_gsid=b2xbDZ14H8Sv&utm_source=shopify&utm_medium=catalog
personalization,favors_personalized,personalized party favors,1537b6-52.myshopify.com,ProCardPartyShoppe,"Gracie’s Corner Party Personalized Favor Boxes, Pink & Gold, GRACIE only, 8 count",2000,2000,1,,personaliz,,https://acc123.com/products/gracie-s-corner-party-personalized-favor-boxes-pink-gold-gracie-only-8-count-official-licensed-product?variant=44142313668783&_gsid=b2xbDZ14H8Sv&utm_source=shopify&utm_medium=catalog
personalization,favors_personalized,personalized party favors,jazznjaycreations.myshopify.com,Jazz N Jay Creations,Custom Party Favors,12000,12000,1,Style,custom; personaliz,,https://jazznjaycreations.com/products/party-favors-1?variant=39559814545482&_gsid=b2xbDZ14H8Sv&utm_source=shopify&utm_medium=catalog
personalization,favors_personalized,personalized party favors,doughiejax.myshopify.com,doughiejax,Custom Party Favors 4oz,900,900,1,,custom; personaliz,,https://doughiejax.com/products/party-favor-4oz?variant=40064733773897&_gsid=b2xbDZ14H8Sv&utm_source=shopify&utm_medium=catalog
personalization,favors_personalized,personalized party favors,happytimestr.myshopify.com,Happy Times Favors,"Personalized Mini Dry Flowers Bouquet, Custom Floral Magnet Favors for Guest",159,159,1,,personaliz; custom,,https://www.happytimesfavors.com/products/personalized-mini-dry-flowers-bouquet-custom-floral-magnet-favors-for-guest-1?variant=45284341842172&_gsid=b2xbDZ14H8Sv&utm_source=shopify&utm_medium=catalog
personalization,favors_personalized,personalized party favors,thegiftshire.myshopify.com,GiftShire,Head on a Stick – Custom Big Head Cut Out with Hat Options,240,240,1,Size; Choose your material; Choose your set of,custom; personaliz,,https://www.giftshire.com/products/head-on-a-stick-custom-big-head-cut-out-with-hat-options?variant=46279902134443&_gsid=b2xbDZ14H8Sv&utm_source=shopify&utm_medium=catalog
personalization,favors_personalized,personalized party favors,mhhkem-k2.myshopify.com,FavorsOnFleek,Personalized Party Gift: 6pc Lilac Crochet Quinceañera Favors - Custom Name Crown Charm & Gold Hanger Personalized Party Favor,2199,2199,1,Options,personaliz; custom,,https://favorsonfleek.com/products/personalized-party-gift-6pc-lilac-crochet-quinceanera-favors-custom-name-crown-charm-gold-hanger-personalized-party-favor?variant=47459977986297&_gsid=b2xbDZ14H8Sv&utm_source=shopify&utm_medium=catalog
personalization,favors_personalized,personalized party favors,chacin-fyre-designs.myshopify.com,Chacin Fyre,Custom Pyramid Favors,3000,3000,1,Snack; Finish,custom; personaliz,,https://chacinfyre.com/products/custom-pyramid-snack?variant=42983727235222&_gsid=b2xbDZ14H8Sv&utm_source=shopify&utm_medium=catalog
personalization,favors_personalized,personalized party favors,aqztn6-ex.myshopify.com,Extravagant Customs ,Custom Kids Party Favors,8000,8000,1,Packages,custom,,https://everythingextravagant.com/products/party-favor-packages?variant=41556528005216&_gsid=b2xbDZ14H8Sv&utm_source=shopify&utm_medium=catalog
personalization,favors_personalized,personalized party favors,creative-hands-printing-services-llc-dba-beyond-the-decor.myshopify.com,"Creative Hands Printing Services, LLC. DBA Beyond the Décor ",Custom Party Décor & Personalized Party Favors,5000,5000,1,Pick,custom; personaliz,,https://creative-hands-printing-services-llc-dba-beyond-the-decor.myshopify.com/products/custom-party-favors-personalized-birthday-treat-packages?variant=47536241344669&_gsid=b2xbDZ14H8Sv&utm_source=shopify&utm_medium=catalog
personalization,favors_personalized,personalized party favors,d8fcee-8b.myshopify.com,CraftyourWayy,"Gummy bears Haribo Party Favors Bundle of Personalized Snack Gummies Kids Party favor, Tabletop decoration, Custom w/ name",1999,1999,1,Case pack,personaliz; custom,,https://craftyourwayy.shop/products/gummy-bears-haribo-party-favors-bundle-of-38248?variant=43819533697078&_gsid=b2xbDZ14H8Sv&utm_source=shopify&utm_medium=catalog
personalization,favors_personalized,personalized party favors,dyksth-ja.myshopify.com,FAVOR'D,Photo Buttons,350,350,1,Backing,custom; your name,,https://favordshop.com/products/photo-buttons?variant=42741271593022&_gsid=b2xbDZ14H8Sv&utm_source=shopify&utm_medium=catalog
personalization,favors_personalized,personalized party favors,jmxg17-i2.myshopify.com,Feescustomgoodies,Custom Rice Krispies,4500,4500,1,Flavor,custom; personaliz,,https://feescustomgoodies.myshopify.com/products/custom-rice-krispies?variant=46780136030374&_gsid=b2xbDZ14H8Sv&utm_source=shopify&utm_medium=catalog
personalization,favors_personalized,personalized party favors,sweetcardstore.myshopify.com,sweetcardstore,"CUSTOM DIGITAL FAVORS - Custom Printable Party favors, Personalized party favor wrappers and labels, Any theme favors, Made to Order",1500,1500,1,Select your option,custom; personaliz,,https://sweetcardstore.com/products/custom-digital-favors-custom-printable-party-favors-personalized-party-favor-wrappers-and-labels-any-theme-favors-made-to-order-351587600?variant=44256675234015&_gsid=b2xbDZ14H8Sv&utm_source=shopify&utm_medium=catalog
personalization,favors_personalized,personalized party favors,divine-beauty-galore-and-more.myshopify.com,Divine Beauty Galore and More,Party Pop Pack™ – Custom Party Favors,5500,5500,1,# of favors,custom; personaliz,,https://www.db-galore.com/products/party-pop-pack%E2%84%A2-custom-favor-bundle-choose-any-3-6-items?variant=50382007992637&_gsid=b2xbDZ14H8Sv&utm_source=shopify&utm_medium=catalog
personalization,favors_personalized,personalized party favors,ys5wur-wu.myshopify.com,TW Bespoke Design,Custom Party Favor Packages | Personalized Favors for Any Event – TW Bespoke Design,15000,15000,1,Options ,custom; personaliz,,https://twbespokedesigns.com/products/custom-party-favor-packages-personalized-favors-for-any-event-tw-bespoke-design?variant=44649691283498&_gsid=b2xbDZ14H8Sv&utm_source=shopify&utm_medium=catalog
personalization,favors_personalized,personalized party favors,f5fbe0.myshopify.com,Inkbond,Bubbly Birthday,2499,2499,1,Buy more & save!,personaliz,,https://www.ink-bond.com/products/bubbly-birthday-temporary-tattoo?variant=46957124518179&_gsid=b2xbDZ14H8Sv&utm_source=shopify&utm_medium=catalog
personalization,favors_personalized,personalized party favors,4gs98t-cj.myshopify.com,Personalizee,(Pack of 6) Spidey Amazing Friends Custom Personalized Birthday Party Favor Gable Treat Boxes,2495,2495,1,,custom; personaliz,,https://personalizee.com/products/pack-of-6-spidey-amazing-friends-custom-personalized-birthday-party-favor-gable-treat-boxes?variant=44186367426647&_gsid=b2xbDZ14H8Sv&utm_source=shopify&utm_medium=catalog
personalization,favors_personalized,personalized party favors,jmxg17-i2.myshopify.com,Feescustomgoodies,Custom Pringles,6000,6000,1,Flavor,custom; personaliz,,https://feescustomgoodies.myshopify.com/products/custom-pringles?variant=46780129575078&_gsid=b2xbDZ14H8Sv&utm_source=shopify&utm_medium=catalog
personalization,favors_personalized,personalized party favors,y12bit-ht.myshopify.com,The Crafty Shaw,🎉 Personalized Party Favor Bundles.🎉,12000,12000,1,Theme,personaliz,,https://thecraftyshaw.com/products/spidey-amazing-friends-party-bundle?variant=52886061351193&_gsid=b2xbDZ14H8Sv&utm_source=shopify&utm_medium=catalog
personalization,favors_personalized,personalized party favors,66c071-6b.myshopify.com,Starr's Party Designs,CUSTOM PARTY DESIGN 5,48500,48500,1,Custom party design 5,custom; personaliz,,https://www.starrspartydesigns.com/products/custom-party-design-5?variant=48587619467581&_gsid=b2xbDZ14H8Sv&utm_source=shopify&utm_medium=catalog
personalization,favors_personalized,personalized party favors,8vjime-au.myshopify.com,Simply Simone,Starter Custom Party Favor Package | Choose 1 Dozen,7500,7500,1,Pick one,custom,,https://simplysimonescreations.com/products/starter-custom-party-favor-package-choose-1-dozen?variant=43151647899746&_gsid=b2xbDZ14H8Sv&utm_source=shopify&utm_medium=catalog
personalization,favors_personalized,personalized party favors,f5fbe0.myshopify.com,Inkbond,In Wine Years,2499,2499,1,Buy more & save!,personaliz,,https://www.ink-bond.com/products/in-wine-years-birthday-temporary-tattoo?variant=46897926570275&_gsid=b2xbDZ14H8Sv&utm_source=shopify&utm_medium=catalog
personalization,favors_personalized,personalized party favors,doughiejax.myshopify.com,doughiejax,Custom Party Favors 2oz,600,600,1,,custom; personaliz,,https://doughiejax.com/products/kit?variant=39857929715785&_gsid=b2xbDZ14H8Sv&utm_source=shopify&utm_medium=catalog
personalization,favors_personalized,personalized party favors,7wdxaz-hd.myshopify.com,The Favored Atelier,Custom Party Paint Sets — Set of 12,9600,9600,1,,custom,,https://thefavoredatelier.com/products/custom-party-paint-sets-set-of-12?variant=47482494681172&_gsid=b2xbDZ14H8Sv&utm_source=shopify&utm_medium=catalog
personalization,favors_personalized,personalized party favors,jmxg17-i2.myshopify.com,Feescustomgoodies,Cute and Basic Bundle,17500,17500,1,,personaliz; custom,,https://feescustomgoodies.myshopify.com/products/cute-and-basic-bundle?variant=46781844095142&_gsid=b2xbDZ14H8Sv&utm_source=shopify&utm_medium=catalog
personalization,favors_personalized,personalized party favors,aqk1k1-1g.myshopify.com,Sarah's Specialty Crafts LLC,"Custom party favors for 6 guests, 4 full size favors in each pack!",3500,3500,1,Party favors,custom; personaliz,,https://sarahscraftsco.com/products/custom-party-favors-12-pack-of-one-favor?variant=51107772629295&_gsid=b2xbDZ14H8Sv&utm_source=shopify&utm_medium=catalog
personalization,favors_personalized,personalized party favors,s8kygg-6z.myshopify.com,ATCustomCreations,Grad Snack Boxes,3000,3000,1,Theme,,,https://atcustomcreation.myshopify.com/products/grad-snack-boxes?variant=52728619860287&_gsid=b2xbDZ14H8Sv&utm_source=shopify&utm_medium=catalog
personalization,favors_personalized,personalized party favors,big-picture-farm.myshopify.com,Big Picture Farm,two piece party favor,700,700,1,Color,custom,,https://bigpicturefarm.com/products/two-piece-party-favor?variant=40750640889892&_gsid=b2xbDZ14H8Sv&utm_source=shopify&utm_medium=catalog
personalization,favors_personalized,personalized party favors,glory-party.myshopify.com,Glory Party,"Ice Cream Shaped Soaps - Birthday Party Favors, Bridal Shower Decorations, She's Been Scooped Up Gift for Guests Pastel Pool Theme Kid Decor",194,194,1,,,,https://gloryparty.net/products/ice-cream-shaped-soaps-birthday-party-favors-bridal-shower-decorations-shes-been-scooped-up-gift-for-guests-pastel-pool-theme-kid-decor?variant=44218683490467&_gsid=b2xbDZ14H8Sv&utm_source=shopify&utm_medium=catalog
personalization,favors_personalized,personalized party favors,4gs98t-cj.myshopify.com,Personalizee,(Pack of 6) Baby Shark Custom Personalized Birthday Party Favor Gable Treat Boxes,2495,2495,1,,custom; personaliz,,https://personalizee.com/products/pack-of-6-baby-shark-custom-personalized-birthday-party-favor-gable-treat-boxes?variant=44186376896599&_gsid=b2xbDZ14H8Sv&utm_source=shopify&utm_medium=catalog
personalization,favors_personalized,personalized party favors,f5fbe0.myshopify.com,Inkbond,Kids Party Hat,2499,2499,1,Buy more & save!,personaliz,,https://www.ink-bond.com/products/kids-party-hat-temporary-tattoo?variant=46022722453795&_gsid=b2xbDZ14H8Sv&utm_source=shopify&utm_medium=catalog
personalization,favors_personalized,personalized party favors,priority-arts-custom-party-favors-gifts.myshopify.com,Priority Arts,CUSTOM ADULT PARTY FAVORS,21250,21250,1,Select your package,custom; personaliz,,https://priorityarts.com/products/custom-adult-party-favors?variant=44472742969541&_gsid=b2xbDZ14H8Sv&utm_source=shopify&utm_medium=catalog
personalization,favors_personalized,personalized party favors,happytimestr.myshopify.com,Happy Times Favors,"Personalized Wedding Favors Plexiglas Magnet, Bridal Shower Favors, Birthday Magnet Favor",149,149,1,,personaliz; custom,,https://www.happytimesfavors.com/products/personalized-wedding-favors-plexiglas-magnet-bridal-shower-favors-birthday-magnet-favor?variant=45297875321084&_gsid=b2xbDZ14H8Sv&utm_source=shopify&utm_medium=catalog
personalization,favors_personalized,personalized party favors,carolina-can-coolers.myshopify.com,Carolina Can Coolers,Personalized Circle Stickers – Your Guest of Honor's Face and Custom Text!,750,750,1,Style,personaliz; custom,,https://www.carolinacancoolers.com/products/copy-of-custom-photo-stickers-with-heartfelt-messages-and-hearts?variant=45845229469864&_gsid=b2xbDZ14H8Sv&utm_source=shopify&utm_medium=catalog
personalization,favors_personalized,personalized party favors,0f615d-2.myshopify.com,OC Gifts Crafts,Chocolate Covered Marshmallow Favors,5999,5999,1,Quantity; Chocolate and bow color,custom,,https://ocgiftscrafts.com/products/party-favors-chocolate-covered-marshmallows-custom-color-candy-favors-wedding-baptism-favors-birthday-party-bridal-shower-bachelorette?variant=48407913791761&_gsid=b2xbDZ14H8Sv&utm_source=shopify&utm_medium=catalog
personalization,favors_personalized,personalized party favors,jkchocolatetreats.myshopify.com,Microchip Cookies,Classic Party Favor,650,650,1,Title,custom,,https://microchipcookies.com/products/classic-party-favor?variant=42292039221444&_gsid=b2xbDZ14H8Sv&utm_source=shopify&utm_medium=catalog
personalization,cookies_custom,custom cookies with names,incrediblecookies.myshopify.com,Incredible Cookies,"Personalized Custom ""Add Your Own Photo” Direct Print on Round Sugar Cookies",499,499,1,,personaliz; custom,,https://incrediblecookies.com/products/sugar-cookie-round-add-your-own-photo?variant=44783585689900&_gsid=fzg86ir5MJky&utm_source=shopify&utm_medium=catalog
personalization,cookies_custom,custom cookies with names,incrediblecookies.myshopify.com,Incredible Cookies,Add Your Own Logo - Personalized Direct Print On Rectangle Sugar Cookie,499,499,1,,personaliz; custom,,https://incrediblecookies.com/products/sugar-cookie-rectangle-add-your-own-logo?variant=44757974778156&_gsid=fzg86ir5MJky&utm_source=shopify&utm_medium=catalog
personalization,cookies_custom,custom cookies with names,customcookies-com.myshopify.com,CustomCookies.com,Heart Anniversary Name Cookies,475,475,1,Cookie style; Flavor; Size,personaliz,,https://customcookies.com/products/heart-anniversary-name-cookies?variant=44058506821852&_gsid=fzg86ir5MJky&utm_source=shopify&utm_medium=catalog
personalization,cookies_custom,custom cookies with names,levainbakery.myshopify.com,Levain Bakery,Build Your Own Cookie Box,5200,5200,1,Size,custom,,https://levainbakery.com/products/build-your-own-pack?variant=42402039726161&_gsid=fzg86ir5MJky&utm_source=shopify&utm_medium=catalog
personalization,cookies_custom,custom cookies with names,customcookies-com.myshopify.com,CustomCookies.com,Betrothed Name Cookies,525,525,1,Cookie style; Flavor; Size,personaliz; custom,,https://customcookies.com/products/betrothed-name-cookies?variant=44056584552668&_gsid=fzg86ir5MJky&utm_source=shopify&utm_medium=catalog
personalization,cookies_custom,custom cookies with names,customcookies-com.myshopify.com,CustomCookies.com,Round Logo Cookie,499,499,1,Flavor; Size,personaliz,,https://customcookies.com/products/round-logo-cookie-3-25-inch?variant=43905327956188&_gsid=fzg86ir5MJky&utm_source=shopify&utm_medium=catalog
personalization,cookies_custom,custom cookies with names,incrediblecookies.myshopify.com,Incredible Cookies,Design Your Own - Personalized Direct Print On Round Sugar Cookie,499,499,1,Shape,personaliz; custom,,https://incrediblecookies.com/products/sugar-cookie-round-add-your-own-design?variant=44783534702892&_gsid=fzg86ir5MJky&utm_source=shopify&utm_medium=catalog
personalization,cookies_custom,custom cookies with names,customcookies-com.myshopify.com,CustomCookies.com,Personalized Heart Cookie,499,499,1,Cookie style; Flavor; Size,personaliz,,https://customcookies.com/products/personalized-heart-cookie?variant=44311746019548&_gsid=fzg86ir5MJky&utm_source=shopify&utm_medium=catalog
personalization,cookies_custom,custom cookies with names,customcookies-com.myshopify.com,CustomCookies.com,Decorated Flower Cookie,525,525,1,Cookie style; Flavor; Size,,,https://customcookies.com/products/decorated-flower-cookie?variant=44055542464732&_gsid=fzg86ir5MJky&utm_source=shopify&utm_medium=catalog
personalization,cookies_custom,custom cookies with names,whitneys-cookies.myshopify.com,Whitney's Cookies,Custom Order Cookie Box,2999,2999,1,Size,custom; personaliz,,https://whitneyscookies.co/products/custom-order-cookie-box?variant=47391522586856&_gsid=fzg86ir5MJky&utm_source=shopify&utm_medium=catalog
personalization,cookies_custom,custom cookies with names,modernbitela.myshopify.com,ModernBiteLA,“Happy Birthday” Peony Design Custom Cookies,2800,2800,1,Quantity; Packaging; Ribbon color,custom; personaliz,,https://www.modernbite.com/products/happy-birthday-custom-cookies-peony-themed?variant=49178857210155&_gsid=fzg86ir5MJky&utm_source=shopify&utm_medium=catalog
personalization,cookies_custom,custom cookies with names,cookie-hq.myshopify.com,Custom Cookie Co.,Corporate Branded Oreo Cookies - 12 pcs,3995,3995,1,,custom,,https://thecustomcookiecompany.com/products/corporate-branded-oreo-cookies?variant=8660064436335&_gsid=fzg86ir5MJky&utm_source=shopify&utm_medium=catalog
personalization,cookies_custom,custom cookies with names,incrediblecookies.myshopify.com,Incredible Cookies,Add your own Photo- Gourmet Chocolate Chip Or Variety Pack W/ Full Color Personalized Sticker,330,330,1,Step 2 - select your cookie flavor; Step 1 - select your cookie size,personaliz; custom,,https://incrediblecookies.com/products/add-your-own-photo-gourmet-chocolate-chip-or-variety-pack-w-full-color-personalized-sticker?variant=49830983532844&_gsid=fzg86ir5MJky&utm_source=shopify&utm_medium=catalog
personalization,cookies_custom,custom cookies with names,e1a8t2-w1.myshopify.com,Love Moore Cookies,One Dozen Custom Cookies (You Pick the Theme),3500,3500,1,,custom; personaliz,,https://lovemoorecookies.com/products/custom-cookies-you-pick-the-theme?variant=45059723821290&_gsid=fzg86ir5MJky&utm_source=shopify&utm_medium=catalog
personalization,cookies_custom,custom cookies with names,customcookies-com.myshopify.com,CustomCookies.com,Family Name Plaque Cookie,525,525,1,Cookie style; Flavor; Size,custom,,https://customcookies.com/products/family-name-plaque-cookie?variant=44303169519836&_gsid=fzg86ir5MJky&utm_source=shopify&utm_medium=catalog
personalization,cookies_custom,custom cookies with names,elenis-cookies-new-york.myshopify.com,Eleni's New York,Custom Photo Cookie - Personalized Printed Sugar Cookie,600,600,1,Cookie shape,custom; personaliz,,https://elenis.com/products/custom-photo-cookie-personalized-printed-sugar-cookie?variant=50858708173101&_gsid=fzg86ir5MJky&utm_source=shopify&utm_medium=catalog
personalization,cookies_custom,custom cookies with names,modernbitela.myshopify.com,ModernBiteLA,“Give Yourself Some Space” Fun Custom Cookies,3000,3000,1,Quantity; Packaging; Ribbon color,custom; personaliz,,https://www.modernbite.com/products/give-yourself-some-space-fun-custom-cookies?variant=49456679715115&_gsid=fzg86ir5MJky&utm_source=shopify&utm_medium=catalog
personalization,cookies_custom,custom cookies with names,customcookies-com.myshopify.com,CustomCookies.com,Wedding Cookies with Intials,525,525,1,Cookie style; Flavor; Size,personaliz; initials,,https://customcookies.com/products/wedding-cookies-with-intials?variant=44055653122268&_gsid=fzg86ir5MJky&utm_source=shopify&utm_medium=catalog
personalization,cookies_custom,custom cookies with names,https-cookiebouquets-com.myshopify.com,Cookie Bouquets,Custom Photo Cookies -  Upload your photo to create Personalized Photo Cookies,175,175,1,,custom; personaliz,,https://cookiebouquets.com/products/custom-single-photo-cookies?variant=41847693246562&_gsid=fzg86ir5MJky&utm_source=shopify&utm_medium=catalog
personalization,cookies_custom,custom cookies with names,customcookies-com.myshopify.com,CustomCookies.com,Cheers Anniversary Cookies,525,525,1,Cookie style; Flavor; Size,custom,,https://customcookies.com/products/cheers-anniversary-cookies?variant=44058511835356&_gsid=fzg86ir5MJky&utm_source=shopify&utm_medium=catalog
personalization,cookies_custom,custom cookies with names,wickedgoodcookies.myshopify.com,Wicked Good Cookies,1/2 Dozen Logo Sugar Cookie Special,2400,2400,1,Gift size,custom; personaliz,,https://wickedgoodcookies.com/products/1-2-dozen-logo-sugar-cookie-special?variant=47862780756226&_gsid=fzg86ir5MJky&utm_source=shopify&utm_medium=catalog
personalization,cookies_custom,custom cookies with names,customcookies-com.myshopify.com,CustomCookies.com,Custom Personalized Name Graduation Cap Cookie,525,525,1,,custom; personaliz,,https://customcookies.com/products/custom-personalized-name-graduation-cap-cookie?variant=50090784194780&_gsid=fzg86ir5MJky&utm_source=shopify&utm_medium=catalog
personalization,cookies_custom,custom cookies with names,d0096f-3.myshopify.com,Custom Gourmet Cookies,"Custom ""Add Your Own Logo"" - Gourmet Cookie w/ Full Color Personalized sticker",299,299,1,Step 2 - select your cookie flavor; Step 1 - select your cookie size,custom; personaliz,,https://customgourmetcookies.com/products/personalized-custom-add-your-own-logo?variant=41225789407311&_gsid=fzg86ir5MJky&utm_source=shopify&utm_medium=catalog
personalization,cookies_custom,custom cookies with names,customcookies-com.myshopify.com,CustomCookies.com,Just Married Car Cookies,575,575,1,Cookie style; Flavor; Size,personaliz; initials,,https://customcookies.com/products/just-married-car-cookies?variant=44055687561436&_gsid=fzg86ir5MJky&utm_source=shopify&utm_medium=catalog
personalization,cookies_custom,custom cookies with names,gq5fer-vv.myshopify.com,South Bay Cookies,Custom Dozen,6000,6000,1,Classic sugar; Size,custom; personaliz,,https://southbaycookies.com/products/custom-sugar-cookies-1-dozen?variant=48055312515227&_gsid=fzg86ir5MJky&utm_source=shopify&utm_medium=catalog
personalization,cookies_custom,custom cookies with names,taylor-chip.myshopify.com,Taylor Chip,Choose Your Own Cookies,6894,6894,1,Special cookie price; Size,custom,,https://taylorchip.com/products/choose-your-own-cookies?variant=41905293852921&_gsid=fzg86ir5MJky&utm_source=shopify&utm_medium=catalog
personalization,cookies_custom,custom cookies with names,customcookies-com.myshopify.com,CustomCookies.com,Rectangle Logo Cookie,499,499,1,Flavor; Size,personaliz,,https://customcookies.com/products/rectangle-logo-cookie-4-by-2-25-inch?variant=43905283490012&_gsid=fzg86ir5MJky&utm_source=shopify&utm_medium=catalog
personalization,cookies_custom,custom cookies with names,pnw-cookie-co.myshopify.com,Pacific Northwest Cookie Company ,Build Your Own Cookie Box of 6,2795,2795,1,,custom,vegan; gluten,https://pnwcookies.com/products/build-your-own-box?variant=21037851279419&_gsid=fzg86ir5MJky&utm_source=shopify&utm_medium=catalog
personalization,cookies_custom,custom cookies with names,customcookies-com.myshopify.com,CustomCookies.com,Yellow Taxi Cookie,525,525,1,Cookie style; Flavor; Size,personaliz,,https://customcookies.com/products/yellow-taxi-cookie?variant=44303225028828&_gsid=fzg86ir5MJky&utm_source=shopify&utm_medium=catalog
personalization,cookies_custom,custom cookies with names,fd61b6-5c.myshopify.com,Kenworthy Cookies,Classic Custom,6600,6600,1,Packaging,custom; personaliz,,https://kenworthycookies.com/products/simple-sweet-copy?variant=48978075025648&_gsid=fzg86ir5MJky&utm_source=shopify&utm_medium=catalog
personalization,cookies_custom,custom cookies with names,customcookies-com.myshopify.com,CustomCookies.com,Rocking Horse Cookie,499,499,1,Cookie style; Flavor; Size,,,https://customcookies.com/products/rocking-horse-cookie?variant=43903421284572&_gsid=fzg86ir5MJky&utm_source=shopify&utm_medium=catalog
personalization,cookies_custom,custom cookies with names,cupcake-market-nyc.myshopify.com,Funny Face Bakery,Custom Fully Printed Cookies,1700,1700,1,,custom; personaliz,,https://funnyfacebakery.com/products/custom-logo-cookie?variant=42438925123796&_gsid=fzg86ir5MJky&utm_source=shopify&utm_medium=catalog
personalization,cookies_custom,custom cookies with names,customcookies-com.myshopify.com,CustomCookies.com,Floral Heart Cookie,475,475,1,Cookie style; Flavor; Size,personaliz,,https://customcookies.com/products/floral-heart-cookie?variant=44056260837596&_gsid=fzg86ir5MJky&utm_source=shopify&utm_medium=catalog
personalization,cookies_custom,custom cookies with names,mad-batter-cookie-company.myshopify.com,Mad Batter Cookie Co.,Custom Order Cookies,500,500,1,,custom,,https://madbattercookie.com/products/custom-order?variant=62688670941343&_gsid=fzg86ir5MJky&utm_source=shopify&utm_medium=catalog
personalization,cookies_custom,custom cookies with names,customcookies-com.myshopify.com,CustomCookies.com,Graduation Cap Cookie,499,499,1,Cookie style; Flavor; Size,personaliz,,https://customcookies.com/products/graduation-cap-cookie?variant=44303199928540&_gsid=fzg86ir5MJky&utm_source=shopify&utm_medium=catalog
personalization,cookies_custom,custom cookies with names,customcookies-com.myshopify.com,CustomCookies.com,Tefillin Cookie With The Name,395,395,1,Cookie style; Flavor; Size,personaliz,,https://customcookies.com/products/tefillin-cookie-with-the-name?variant=43903611338972&_gsid=fzg86ir5MJky&utm_source=shopify&utm_medium=catalog
personalization,cookies_custom,custom cookies with names,oh-sugar-sweets.myshopify.com,Oh Sugar! Sweets,Custom Baby Cookies,13200,13200,1,Size,custom; personaliz,,https://www.ohsugarcookies.com/products/custom-baby-cookies?variant=42609738547285&_gsid=fzg86ir5MJky&utm_source=shopify&utm_medium=catalog
personalization,cookies_custom,custom cookies with names,wickedgoodcookies.myshopify.com,Wicked Good Cookies,Round Custom Photo Sugar Cookies,275,275,1,Choose a size,custom; personaliz,,https://wickedgoodcookies.com/products/round-custom-photo-sugar-cookies?variant=47414238642434&_gsid=fzg86ir5MJky&utm_source=shopify&utm_medium=catalog
personalization,cookies_custom,custom cookies with names,oh-sugar-sweets.myshopify.com,Oh Sugar! Sweets,Custom Sweet Shop Cookies - Upload Your Label,13440,13440,1,Size,custom; personaliz,,https://www.ohsugarcookies.com/products/custom-sweet-shop-cookies-upload-your-label?variant=39262720852053&_gsid=fzg86ir5MJky&utm_source=shopify&utm_medium=catalog
personalization,cookies_custom,custom cookies with names,incrediblecookies.myshopify.com,Incredible Cookies,Wedding Golden Names & Confetti - Personalized Direct Print On Heart Sugar Cookie,499,499,1,,personaliz; custom,,https://incrediblecookies.com/products/wedding-golden-names-confetti-personalized-direct-print-on-heart-sugar-cookie?variant=52672662372652&_gsid=fzg86ir5MJky&utm_source=shopify&utm_medium=catalog
personalization,cookies_custom,custom cookies with names,customcookies-com.myshopify.com,CustomCookies.com,Engagement Cookies,550,550,1,Cookie style; Flavor; Size,personaliz,,https://customcookies.com/products/engagement-cookies?variant=44058536706268&_gsid=fzg86ir5MJky&utm_source=shopify&utm_medium=catalog
personalization,cookies_custom,custom cookies with names,customcookies-com.myshopify.com,CustomCookies.com,Decorated Proposal Cookie,499,499,1,Cookie style; Flavor; Size,,,https://customcookies.com/products/decorated-proposal-cookie?variant=44311750738140&_gsid=fzg86ir5MJky&utm_source=shopify&utm_medium=catalog
personalization,cookies_custom,custom cookies with names,customcookies-com.myshopify.com,CustomCookies.com,Engagement/Wedding Ring Cookies,499,499,1,Cookie style; Flavor; Size,custom,,https://customcookies.com/products/engagement-wedding-ring-cookies?variant=44058563838172&_gsid=fzg86ir5MJky&utm_source=shopify&utm_medium=catalog
personalization,cookies_custom,custom cookies with names,customcookies-com.myshopify.com,CustomCookies.com,Go Golf Cookies,599,599,1,Cookie style; Flavor; Size,personaliz; custom,,https://customcookies.com/products/go-golf-cookies?variant=43930621804764&_gsid=fzg86ir5MJky&utm_source=shopify&utm_medium=catalog
personalization,cookies_custom,custom cookies with names,irolcookies.myshopify.com,irolcookies,Custom Cookies by the Dozen,6200,6200,1,,custom,,https://irolcookies.com/products/custom-cookies-dozen?variant=42399814484211&_gsid=fzg86ir5MJky&utm_source=shopify&utm_medium=catalog
personalization,cookies_custom,custom cookies with names,the-sugar-coated-sisters.myshopify.com,The Sugar Coated Sisters,Custom Cookies - Sugar Coated Sisters,4500,4500,1,Quantity,custom; personaliz,,https://thesugarcoatedsisters.com/products/custom-cookie?variant=43242535616600&_gsid=fzg86ir5MJky&utm_source=shopify&utm_medium=catalog
personalization,cookies_custom,custom cookies with names,incrediblecookies.myshopify.com,Incredible Cookies,"Custom ""Upload Your Own Photo - Gourmet Chocolate Chip Or Variety Pack W/ Full Color Personalized Sticker, Favor Box & Bow Choice",530,530,1,Step 2 - select your cookie flavor; Step 1 - select your cookie size,custom; personaliz,,https://incrediblecookies.com/products/custom-upload-your-own-photo-gourmet-chocolate-chip-or-variety-pack-w-full-color-personalized-sticker-favor-box-bow-choice?variant=51204768989484&_gsid=fzg86ir5MJky&utm_source=shopify&utm_medium=catalog
personalization,cookies_custom,custom cookies with names,https-cookiebouquets-com.myshopify.com,Cookie Bouquets,"Custom Logo Cookies – Upload your logo and turn it into a sweet, edible masterpiece",175,175,1,,custom; personaliz,,https://cookiebouquets.com/products/logo-cookies?variant=42100206239842&_gsid=fzg86ir5MJky&utm_source=shopify&utm_medium=catalog
personalization,cookies_custom,custom cookies with names,modernbitela.myshopify.com,ModernBiteLA,Create Your Custom Cookies | Upload Your Image,2800,2800,1,Choose shape; Quantity in pack; Ribbon color,custom; personaliz,,https://www.modernbite.com/products/custom-cookies?variant=45934081900843&_gsid=fzg86ir5MJky&utm_source=shopify&utm_medium=catalog
personalization,cookies_custom,custom cookies with names,merry-go-sweets.myshopify.com,Merry Go Sweets,Custom Corporate Logo Cookies,5100,5100,1,number of cookies,custom; personaliz,,https://merrygosweets.com/products/logo-cookies?variant=49108606779680&_gsid=fzg86ir5MJky&utm_source=shopify&utm_medium=catalog
personalization,coasters_engraved,engraved coaster,giftstoengrave.myshopify.com,Gifts To Engrave,Personalized Marble Wood Coasters,3500,3500,1,Quantity,personaliz; custom; engrav,,https://giftstoengrave.com/products/personalized-marble-wood-coasters?variant=47750188368166&_gsid=3jXpRgrX8apq&utm_source=shopify&utm_medium=catalog
personalization,coasters_engraved,engraved coaster,wild-side-engraving-4860.myshopify.com,Wild Side Engraving,A CUSTOM ENGRAVED COASTER,800,800,1,Quantity,custom; engrav; personaliz,,https://wildsideengraving.com/products/custom-coaster?variant=44159781830869&_gsid=3jXpRgrX8apq&utm_source=shopify&utm_medium=catalog
personalization,coasters_engraved,engraved coaster,mcevers-awards.myshopify.com,"McEver's Awards, Engraving & Gifts",Personalized Leatherette Coaster Set,2200,2200,1,Color,personaliz; custom; engrav,,https://www.mcevers.org/products/personalized-marble-leatherette-coaster-set?variant=42257653563632&_gsid=3jXpRgrX8apq&utm_source=shopify&utm_medium=catalog
personalization,coasters_engraved,engraved coaster,26cf6f.myshopify.com,Webb's Engravings,Custom Engraved Coaster | Personalized Wood & Slate Coaster Set,2500,2500,1,Coaster set,custom; engrav; personaliz; initials,,https://webbsengravings.com/products/engraved-coaster?variant=45867596316828&_gsid=3jXpRgrX8apq&utm_source=shopify&utm_medium=catalog
personalization,coasters_engraved,engraved coaster,crystalimagery.myshopify.com,Crystal Imagery,"Logo Slate Coasters, Engraved (Set of 4)",5700,5700,1,Printing method,engrav; custom,,https://crystalimagery.com/products/logo-slate-coasters-engraved-set-of-4?variant=32218328596563&_gsid=3jXpRgrX8apq&utm_source=shopify&utm_medium=catalog
personalization,coasters_engraved,engraved coaster,etched-in-time-engraving.myshopify.com,Etched In Time Engraving,Carved Heart | Forever Personalized Marble and Wood Coasters - ZCOS0044,6000,6000,1,Template,personaliz; custom; engrav,,https://etchedintimegifts.com/products/copy-of-rustic-carved-heart-personalized-marble-and-wood-coasters-zcos0044?variant=45689507152059&_gsid=3jXpRgrX8apq&utm_source=shopify&utm_medium=catalog
personalization,coasters_engraved,engraved coaster,get-gifty-with-it.myshopify.com,Savannah Laser Company,Custom | Photo Coasters on Slate (Stone),1500,1500,1,,custom; personaliz; engrav,,https://savannahlasercompany.com/products/photo-coaster?variant=49488574710070&_gsid=3jXpRgrX8apq&utm_source=shopify&utm_medium=catalog
personalization,coasters_engraved,engraved coaster,modernlaser-realestate.myshopify.com,Realty Remembered,Custom Coaster Set of 4 - Square Olive Wood,5999,5999,1,,custom; engrav; personaliz,,https://www.realtyremembered.com/products/custom-coaster-set-of-4-square-olive-wood?variant=44087440867557&_gsid=3jXpRgrX8apq&utm_source=shopify&utm_medium=catalog
personalization,coasters_engraved,engraved coaster,threedesigningwomen.myshopify.com,"Three Designing Women, LLC",Engraved Square Custom Coaster Set,2300,2300,1,Color; Design,engrav; custom; personaliz,vegan,https://orders.threedesigningwomen.com/products/engraved-square-custom-coasters?variant=38092410912941&_gsid=3jXpRgrX8apq&utm_source=shopify&utm_medium=catalog
personalization,coasters_engraved,engraved coaster,a0csnv-nk.myshopify.com,InkPixi,Family Circus : Coasters - Engraved,2999,2999,1,Type; Color; Size,engrav,,https://www.inkpixi.com/products/family-circus-coasters-engraved?variant=47372179538132&_gsid=3jXpRgrX8apq&utm_source=shopify&utm_medium=catalog
personalization,coasters_engraved,engraved coaster,pxytest.myshopify.com,Punxsutawney Groundhog Club,Punxsutawney Phil Engraved Slate Coasters,750,750,1,,engrav,,https://shop.groundhog.org/products/punxsutawney-phil-engraved-slate-coasters?variant=47238504644862&_gsid=3jXpRgrX8apq&utm_source=shopify&utm_medium=catalog
personalization,coasters_engraved,engraved coaster,paper-affair-dallas.myshopify.com,PAPER AFFAIR DALLAS,Engraved Square Acrylic Coasters (Set of 4),3999,3999,1,,engrav; custom; personaliz,,https://paperaffairdallas.com/products/engraved-square-acrylic-coasters-set-of-4?variant=34651992916105&_gsid=3jXpRgrX8apq&utm_source=shopify&utm_medium=catalog
personalization,coasters_engraved,engraved coaster,engrave-me-this.myshopify.com,ENGRAVEMETHIS,Copper Accent Acacia Coaster Set,2079,2079,1,,personaliz; custom; engrav,,https://engravemethis.com/products/copper-accent-acacia-coaster-set?variant=31175334214&_gsid=3jXpRgrX8apq&utm_source=shopify&utm_medium=catalog
personalization,coasters_engraved,engraved coaster,woodartsupply.myshopify.com,WoodArtSupply,"Personalized Coasters, Wedding Gift for couple, Custom Anniversary Gifts, Custom Bar Coasters for Drinks with Monogram Engraved, Great Newlywed",1199,1199,1,,personaliz; custom; monogram; engrav,,https://woodartsupply.com/products/personalized-coasters-wedding-gift-for-couple-custom-anniversary-gifts-custom-bar-coasters-for-drinks-with-monogram-engraved-great-newlywed-christmas-gift?variant=44894882496678&_gsid=3jXpRgrX8apq&utm_source=shopify&utm_medium=catalog
personalization,coasters_engraved,engraved coaster,1e9e7a-4.myshopify.com,Wild Wood Sign Shop,Monogram Personalized Laser Engraved 4 Pack Wood Coasters | Wedding Anniversary Gift Custom Coasters,2000,2000,1,,monogram; personaliz; engrav; custom; initials,,https://wildwoodsignshop.com/products/monogram-personalized-laser-engraved-4-82258?variant=44072732164343&_gsid=3jXpRgrX8apq&utm_source=shopify&utm_medium=catalog
personalization,coasters_engraved,engraved coaster,a0csnv-nk.myshopify.com,InkPixi,Family : Coasters - Engraved,2499,2499,1,Type; Color; Size,engrav; personaliz,,https://www.inkpixi.com/products/family-coasters-engraved?variant=47372181700820&_gsid=3jXpRgrX8apq&utm_source=shopify&utm_medium=catalog
personalization,coasters_engraved,engraved coaster,thegiftshire.myshopify.com,GiftShire,"Custom Engraved Coaster, Set of 4 with Family Names",2082,2082,1,,custom; engrav; personaliz,,https://www.giftshire.com/products/custom-engraved-coaster?variant=42758007357611&_gsid=3jXpRgrX8apq&utm_source=shopify&utm_medium=catalog
personalization,coasters_engraved,engraved coaster,a0csnv-nk.myshopify.com,InkPixi,Tiki Bar : Coasters - Engraved,2499,2499,1,Type; Color; Size,engrav,,https://www.inkpixi.com/products/tiki-bar-coasters-engraved?variant=47376708600020&_gsid=3jXpRgrX8apq&utm_source=shopify&utm_medium=catalog
personalization,coasters_engraved,engraved coaster,pz9kcc-p0.myshopify.com,nuvisionkreations.com,Kappa Alpha Psi Custom Engraved Leatherette Coasters,3499,3499,1,Package; Color,custom; engrav; personaliz,,https://nuvisionkreations.com/products/custom-engraved-kappa-alpha-psi-54879?variant=42673812635710&_gsid=3jXpRgrX8apq&utm_source=shopify&utm_medium=catalog
personalization,coasters_engraved,engraved coaster,wild-side-engraving-4860.myshopify.com,Wild Side Engraving,HOORAY COASTER,800,800,1,Quantity,custom; engrav,,https://wildsideengraving.com/products/hooray-coaster?variant=44159953567957&_gsid=3jXpRgrX8apq&utm_source=shopify&utm_medium=catalog
personalization,coasters_engraved,engraved coaster,hs9cq0-cx.myshopify.com,A&M Freestyle Designs,Custom Engraved Slate Coaster Set,2999,2999,1,Style,custom; engrav; personaliz,,https://amfreestyledesigns.com/products/custom-engraved-slate-coaster-set?variant=53774843445612&_gsid=3jXpRgrX8apq&utm_source=shopify&utm_medium=catalog
personalization,coasters_engraved,engraved coaster,5f3d5e-02.myshopify.com,"Beach, Cats & Wine","North Dakota Slate Coaster Set, Engraved Natural Stone, Set of 4",2495,2495,1,Design; Shape,engrav,,https://beachcatsandwine.com/products/north-dakota-slate-coaster-set?variant=48209816748268&_gsid=3jXpRgrX8apq&utm_source=shopify&utm_medium=catalog
personalization,coasters_engraved,engraved coaster,5f3d5e-02.myshopify.com,"Beach, Cats & Wine","Delaware Slate Coaster Set, Engraved Natural Stone, Set of 4",2495,2495,1,Design; Shape,engrav,,https://beachcatsandwine.com/products/delaware-slate-coaster-set?variant=48209805607148&_gsid=3jXpRgrX8apq&utm_source=shopify&utm_medium=catalog
personalization,coasters_engraved,engraved coaster,a0csnv-nk.myshopify.com,InkPixi,Ranch : Coasters - Engraved,2999,2999,1,Type; Color; Size,engrav,,https://www.inkpixi.com/products/ranch-coasters-engraved?variant=47376364077268&_gsid=3jXpRgrX8apq&utm_source=shopify&utm_medium=catalog
personalization,coasters_engraved,engraved coaster,a0csnv-nk.myshopify.com,InkPixi,Woodworking Monogram : Coasters - Engraved,2999,2999,1,Type; Color; Size,monogram; engrav,,https://www.inkpixi.com/products/woodworking-monogram-coasters-engraved?variant=47376933912788&_gsid=3jXpRgrX8apq&utm_source=shopify&utm_medium=catalog
personalization,coasters_engraved,engraved coaster,5f3d5e-02.myshopify.com,"Beach, Cats & Wine","Alaska Slate Coaster Set, Engraved Natural Stone, Set of 4",2495,2495,1,Design; Shape,engrav,,https://beachcatsandwine.com/products/alaska-slate-coaster-set?variant=48209784799468&_gsid=3jXpRgrX8apq&utm_source=shopify&utm_medium=catalog
personalization,coasters_engraved,engraved coaster,a0csnv-nk.myshopify.com,InkPixi,Observatory : Coasters - Engraved,2999,2999,1,Type; Color; Size,engrav; personaliz,,https://www.inkpixi.com/products/observatory-coasters-engraved?variant=47373246136532&_gsid=3jXpRgrX8apq&utm_source=shopify&utm_medium=catalog
personalization,coasters_engraved,engraved coaster,1d9nky-gh.myshopify.com,DeepWoods Consolidated LLC,Travertine Texas Engraved Stone Coaster Set of 4,4500,4500,1,,engrav,,https://deepwoodsconsolidated.com/products/travertine-texas-engraved-stone-coaster?variant=47157191999588&_gsid=3jXpRgrX8apq&utm_source=shopify&utm_medium=catalog
personalization,coasters_engraved,engraved coaster,e6777b-7d.myshopify.com,The Engrave 90c,"Personalized Coaster Set, any name , text or symbol",3000,3000,1,,personaliz; custom; engrav,,https://e6777b-7d.myshopify.com/products/custom-personalized-coaster-set-any-name-text-or-symbol?variant=45619406110937&_gsid=3jXpRgrX8apq&utm_source=shopify&utm_medium=catalog
personalization,coasters_engraved,engraved coaster,adirondack-etching-4209.myshopify.com,Adirondack Etching,Entering the ADK Sign 4 Inch Square Engraved Stone Coaster,899,899,1,,engrav; custom,,https://adirondacketching.com/products/entering-the-adirondack-park-4-square-slate-coaster?variant=45883113996513&_gsid=3jXpRgrX8apq&utm_source=shopify&utm_medium=catalog
personalization,coasters_engraved,engraved coaster,enchanted-memories-custom-engraving-unique-gifts.myshopify.com,"Enchanted Memories, Custom Engraving & Unique Gifts",Engraved Marble Coasters Set and Caddy,6997,6997,1,,engrav; personaliz,,https://enchantedmemoriesbranson.com/products/engraved-marble-coasters-set-and-caddy?variant=32570480427144&_gsid=3jXpRgrX8apq&utm_source=shopify&utm_medium=catalog
personalization,coasters_engraved,engraved coaster,s14vrk-sf.myshopify.com,JC Saw and Stitch,Engraved Hardwood Drink Coasters with Cork Base,500,500,1,Images,engrav,,https://jcsawandstitch.com/products/engraved-hardwood-drink-coasters-with-cork-base?variant=43068445458641&_gsid=3jXpRgrX8apq&utm_source=shopify&utm_medium=catalog
personalization,coasters_engraved,engraved coaster,5f3d5e-02.myshopify.com,"Beach, Cats & Wine","North Carolina Slate Coaster Set, Engraved Natural Stone, Set of 4",2495,2495,1,Design; Shape,engrav,,https://beachcatsandwine.com/products/north-carolina-slate-coaster-set?variant=48209863082220&_gsid=3jXpRgrX8apq&utm_source=shopify&utm_medium=catalog
personalization,coasters_engraved,engraved coaster,modernlaser-realestate.myshopify.com,Realty Remembered,Custom Coaster Set of 4 - Square Marble and Acacia Wood,3999,3999,1,,custom; engrav; personaliz,,https://www.realtyremembered.com/products/coaster-set-walnut?variant=42333875208421&_gsid=3jXpRgrX8apq&utm_source=shopify&utm_medium=catalog
personalization,coasters_engraved,engraved coaster,run-wild-vinyl-designs.myshopify.com,Run Wild Engraving & UV Printing,Leatherette Coaster Set With Names And Heart,2899,2899,1,,engrav,,https://www.runwildengraving.com/products/leatherette-coaster-set-with-names-and-heart?variant=41620387102887&_gsid=3jXpRgrX8apq&utm_source=shopify&utm_medium=catalog
personalization,coasters_engraved,engraved coaster,a0csnv-nk.myshopify.com,InkPixi,Family Is Everything : Coasters - Engraved,2999,2999,1,Type; Color; Size,engrav; personaliz,,https://www.inkpixi.com/products/family-is-everything-coasters-engraved?variant=47375130984660&_gsid=3jXpRgrX8apq&utm_source=shopify&utm_medium=catalog
personalization,coasters_engraved,engraved coaster,f5dba7-aa.myshopify.com,The Creative Nook,Custom Engraved Leatherette Coasters | Premium Branded Coasters for Corporate Gifts & Events,400,400,1,,custom; engrav,,https://thecreativenookmke.com/products/custom-engraved-leatherette-coasters-premium-branded-coasters-for-corporate-gifts-events?variant=44098424209495&_gsid=3jXpRgrX8apq&utm_source=shopify&utm_medium=catalog
personalization,coasters_engraved,engraved coaster,5f3d5e-02.myshopify.com,"Beach, Cats & Wine","Connecticut Slate Coaster Set, Engraved Natural Stone, Set of 4",2495,2495,1,Design; Shape,engrav,,https://beachcatsandwine.com/products/connecticut-slate-coaster-set?variant=48209802985708&_gsid=3jXpRgrX8apq&utm_source=shopify&utm_medium=catalog
personalization,coasters_engraved,engraved coaster,run-wild-vinyl-designs.myshopify.com,Run Wild Engraving & UV Printing,Personalized Third Anniversary Coaster Set,2899,2899,1,,personaliz; custom; engrav,,https://www.runwildengraving.com/products/personalized-third-anniversary-coaster-set?variant=41620766294183&_gsid=3jXpRgrX8apq&utm_source=shopify&utm_medium=catalog
personalization,coasters_engraved,engraved coaster,c965f3-7a.myshopify.com,My Store,"Custom Coasters, Leather Coasters, Engraved Coasters, Drink Coasters, Leather Coaster Set, Monogram Coasters, Wedding Coasters, Set of 4",890,890,1,Primary color; Quantity,custom; engrav; monogram,,https://rachiba.com/products/custom-coasters-leather-coasters-engraved-coasters-drink-coasters-leather-coaster-set-monogram-coasters-wedding-coasters-set-of-4?variant=45249595343000&_gsid=3jXpRgrX8apq&utm_source=shopify&utm_medium=catalog
personalization,coasters_engraved,engraved coaster,cb1d9b-a4.myshopify.com,Wendell August Forge,Personalized Pub Coaster,2000,2000,1,,personaliz; custom; engrav,,https://www.wendellaugust.com/products/personalized-pub-coaster?variant=43230320394339&_gsid=3jXpRgrX8apq&utm_source=shopify&utm_medium=catalog
personalization,coasters_engraved,engraved coaster,nonaengraving.myshopify.com,Nona Engraving,Personalized Round Leather Coaster with Holder (Set of 6),2899,2899,1,Color,personaliz; custom,,https://nonaengraving.com/products/personalized-round-leather-coaster-with-holder-set-of-6?variant=47320624988473&_gsid=3jXpRgrX8apq&utm_source=shopify&utm_medium=catalog
personalization,coasters_engraved,engraved coaster,a0csnv-nk.myshopify.com,InkPixi,Hunting Camp : Coasters - Engraved,2999,2999,1,Type; Color; Size,engrav,,https://www.inkpixi.com/products/hunting-camp-coasters-engraved?variant=47375565062356&_gsid=3jXpRgrX8apq&utm_source=shopify&utm_medium=catalog
personalization,coasters_engraved,engraved coaster,etched-in-time-engraving.myshopify.com,Etched In Time Engraving,Slate Heart Shaped Coasters with Initials and Year Established - DF1914,5000,5000,1,,initials; personaliz; engrav,,https://etchedintimegifts.com/products/copy-of-cement-and-wood-coasters-with-family-name-and-coordinates?variant=42646526427323&_gsid=3jXpRgrX8apq&utm_source=shopify&utm_medium=catalog
personalization,coasters_engraved,engraved coaster,pz9kcc-p0.myshopify.com,nuvisionkreations.com,Delta Sigma Theta Custom Engraved Coasters,3499,3499,1,Package,custom; engrav; personaliz,,https://nuvisionkreations.com/products/delta-sigma-theta-leatherette-coasters-64084?variant=41778443485246&_gsid=3jXpRgrX8apq&utm_source=shopify&utm_medium=catalog
personalization,coasters_engraved,engraved coaster,a8f04c.myshopify.com,Station 2 Custom Creations,"Custom Engraved 4"" x 4"" Leatherette Coaster",499,499,1,Color,custom; engrav; personaliz,,https://www.station2customcreations.com/products/leatherette-coasters?variant=48745737683221&_gsid=3jXpRgrX8apq&utm_source=shopify&utm_medium=catalog
personalization,coasters_engraved,engraved coaster,5f3d5e-02.myshopify.com,"Beach, Cats & Wine","Montana Slate Coaster Set, Engraved Natural Stone, Set of 4",2495,2495,1,Design; Shape,engrav,,https://beachcatsandwine.com/products/montana-slate-coaster-set?variant=48209815797996&_gsid=3jXpRgrX8apq&utm_source=shopify&utm_medium=catalog
personalization,coasters_engraved,engraved coaster,wauqak-0m.myshopify.com,LoCo Engravings,Dark Academia Raven Coaster | Set of 4 Laser Engraved Wooden Coasters & Gothic Library Wall Art | Book Lover Gift,2500,2500,1,,engrav,,https://loco-engravings.myshopify.com/products/dark-academia-coaster-wall-art?variant=45684123336787&_gsid=3jXpRgrX8apq&utm_source=shopify&utm_medium=catalog
personalization,coasters_engraved,engraved coaster,the-phillips-forest-store.myshopify.com,The Forest Store,Munsell Made - Engraved Wood Bear Coaster,700,700,1,,engrav,,https://store.phillipsforestproducts.com/products/munsell-made-engraved-wood-bear-coaster?variant=41747924385859&_gsid=3jXpRgrX8apq&utm_source=shopify&utm_medium=catalog
personalization,coasters_engraved,engraved coaster,7dfc75.myshopify.com,Seeds & Sawdust,Custom City & Zip Slate Coaster Set – Laser Engraved | Set of 4 Square Coasters,1895,1895,1,Style,custom; engrav; personaliz,,https://seedsandsawdust.com/products/copy-slate-coaster-set-4-piece-set-round-or-square-home-sweet-home-city-zip-coaster-set?variant=48799168495928&_gsid=3jXpRgrX8apq&utm_source=shopify&utm_medium=catalog
personalization,totes_monogram,monogrammed tote bag,glamaholiclifestyle.myshopify.com,Glam-Aholic Lifestyle,MONOGRAM SLEEK TOTE - BLACK,8500,8500,1,Color; Size,monogram,vegan,https://glamaholiclifestyle.com/products/monogram-sleek-tote-black?variant=32879022276687&_gsid=B8x2X8GHgmxQ&utm_source=shopify&utm_medium=catalog
personalization,totes_monogram,monogrammed tote bag,marley-lilly-prod.myshopify.com,Marleylilly,Monogrammed Pocket Tote Bag | Taupe Grey,3999,3999,1,Color,monogram,,https://marleylilly.com/products/monogrammed-pocket-tote-bag-taupe-grey?variant=46460268413118&_gsid=B8x2X8GHgmxQ&utm_source=shopify&utm_medium=catalog
personalization,totes_monogram,monogrammed tote bag,9b6844-68.myshopify.com,FASHIONPHILE,Monogram All-In GM,229500,229500,1,,monogram,,https://www.fashionphile.com/products/louis-vuitton-monogram-all-in-gm-1877997?variant=57940957102383&_gsid=B8x2X8GHgmxQ&utm_source=shopify&utm_medium=catalog
personalization,totes_monogram,monogrammed tote bag,marley-lilly-prod.myshopify.com,Marleylilly,Monogrammed Anywhere Tote Bag | Pine,3999,3999,1,Color,monogram; custom; personaliz,,https://marleylilly.com/products/monogrammed-anywhere-tote-bag?variant=46460258222270&_gsid=B8x2X8GHgmxQ&utm_source=shopify&utm_medium=catalog
personalization,totes_monogram,monogrammed tote bag,glamaholiclifestyle.myshopify.com,Glam-Aholic Lifestyle,MONOGRAM GLAM TOTE WITH WRISTLET - BROWN,9500,9500,1,Color,monogram,,https://glamaholiclifestyle.com/products/monogram-glam-tote-with-wristlet-brown?variant=45031546978383&_gsid=B8x2X8GHgmxQ&utm_source=shopify&utm_medium=catalog
personalization,totes_monogram,monogrammed tote bag,glamaholiclifestyle.myshopify.com,Glam-Aholic Lifestyle,MONOGRAM GLAM TOTE WITH WRISTLET - MIRROR BROWN,9500,9500,1,Color,monogram,,https://glamaholiclifestyle.com/products/monogram-glam-tote-with-wristlet-mirror-brown?variant=45031593115727&_gsid=B8x2X8GHgmxQ&utm_source=shopify&utm_medium=catalog
personalization,totes_monogram,monogrammed tote bag,pink-poppy-party-shoppe.myshopify.com,Rubi and Lib Design Studio,Monogrammed Tote Bag,2880,2880,1,Select bag size and color,monogram; custom; personaliz,,https://rubiandlib.com/products/monogrammed-boat-tote-bag?variant=51199151964441&_gsid=B8x2X8GHgmxQ&utm_source=shopify&utm_medium=catalog
personalization,totes_monogram,monogrammed tote bag,united-monograms.myshopify.com,United Monograms,Make It Yours™ Icon Large Charm Tote,8495,8495,1,Color,custom; initials,,https://www.united-monograms.com/products/make-it-yours-spring-icon-large-charm-tote?variant=52556318867735&_gsid=B8x2X8GHgmxQ&utm_source=shopify&utm_medium=catalog
personalization,totes_monogram,monogrammed tote bag,marley-lilly-prod.myshopify.com,Marleylilly,Monogrammed Tote Bag | Sunset Leopard,3499,3499,1,Color,monogram; custom,,https://marleylilly.com/products/monogrammed-tote-bag-sunset-leopard?variant=46460276146366&_gsid=B8x2X8GHgmxQ&utm_source=shopify&utm_medium=catalog
personalization,totes_monogram,monogrammed tote bag,marley-lilly-prod.myshopify.com,Marleylilly,Monogrammed Purse Tote | Classic Cheetah,3999,3999,1,Color,monogram,,https://marleylilly.com/products/monogrammed-purse-tote?variant=46460269494462&_gsid=B8x2X8GHgmxQ&utm_source=shopify&utm_medium=catalog
personalization,totes_monogram,monogrammed tote bag,marley-lilly-prod.myshopify.com,Marleylilly,Monogrammed Tote Bag | Ivory,3499,3499,1,Color,monogram,,https://marleylilly.com/products/monogrammed-tote-bag?variant=46460276408510&_gsid=B8x2X8GHgmxQ&utm_source=shopify&utm_medium=catalog
personalization,totes_monogram,monogrammed tote bag,marley-lilly-prod.myshopify.com,Marleylilly,Monogrammed Colorblock Tote Bag | Black,4999,4999,1,Color,monogram; custom,,https://marleylilly.com/products/monogrammed-colorblock-tote-bag?variant=46460261073086&_gsid=B8x2X8GHgmxQ&utm_source=shopify&utm_medium=catalog
personalization,totes_monogram,monogrammed tote bag,shopwss.myshopify.com,ShopWSS,Monogram Tote Bag,5997,5997,1,Color; Size,monogram,,https://www.shopwss.com/products/mm0990_023?variant=47406403190914&_gsid=B8x2X8GHgmxQ&utm_source=shopify&utm_medium=catalog
personalization,totes_monogram,monogrammed tote bag,9b6844-68.myshopify.com,FASHIONPHILE,GG Monogram Web Large Giglio Tote Beige Brown,215000,215000,1,,monogram,,https://www.fashionphile.com/products/gucci-gg-monogram-web-large-giglio-tote-beige-brown-1854513?variant=56582164283695&_gsid=B8x2X8GHgmxQ&utm_source=shopify&utm_medium=catalog
personalization,totes_monogram,monogrammed tote bag,marley-lilly-prod.myshopify.com,Marleylilly,Monogrammed Shoulder Tote | Brown,3499,3499,1,Color,monogram; custom,,https://marleylilly.com/products/monogrammed-shoulder-tote-brown?variant=46460272967870&_gsid=B8x2X8GHgmxQ&utm_source=shopify&utm_medium=catalog
personalization,totes_monogram,monogrammed tote bag,pbsy9g-wh.myshopify.com,Plakason,Classic Monogram Tote Bag,15000,15000,1,Color,monogram,,https://plakason.com/products/classic-monogram-tote-bag?variant=52823064281369&_gsid=B8x2X8GHgmxQ&utm_source=shopify&utm_medium=catalog
personalization,totes_monogram,monogrammed tote bag,marley-lilly-prod.myshopify.com,Marleylilly,Monogrammed Leopard Tote Bag | Leopard Print,4999,4999,1,Color,monogram,vegan,https://marleylilly.com/products/monogrammed-leopard-tote-bag?variant=46460265758910&_gsid=B8x2X8GHgmxQ&utm_source=shopify&utm_medium=catalog
personalization,totes_monogram,monogrammed tote bag,united-monograms.myshopify.com,United Monograms,Make It Yours™ Icon Medium Charm Tote,7995,7995,1,Color,custom; personaliz,,https://www.united-monograms.com/products/medium-totes?variant=52556557254935&_gsid=B8x2X8GHgmxQ&utm_source=shopify&utm_medium=catalog
personalization,totes_monogram,monogrammed tote bag,marley-lilly-prod.myshopify.com,Marleylilly,Monogrammed Leather Tote Bag | Brown,14999,14999,1,Color,monogram,,https://marleylilly.com/products/monogrammed-leather-tote-bag?variant=46483893190846&_gsid=B8x2X8GHgmxQ&utm_source=shopify&utm_medium=catalog
personalization,totes_monogram,monogrammed tote bag,dp6pgb-rn.myshopify.com,Lume Signature Global,Monogram Tote Bag,8591,8591,1,Color,monogram,,https://www.lumesignaturefr.com/products/monogram-tote-bag?variant=49932787417365&_gsid=B8x2X8GHgmxQ&utm_source=shopify&utm_medium=catalog
personalization,totes_monogram,monogrammed tote bag,marley-lilly-prod.myshopify.com,Marleylilly,Monogrammed Extra Large Tote Bag | Coral Floral,5999,5999,1,Color,monogram; custom,,https://marleylilly.com/products/monogrammed-extra-large-tote-bag-coral-floral?variant=46460261761214&_gsid=B8x2X8GHgmxQ&utm_source=shopify&utm_medium=catalog
personalization,totes_monogram,monogrammed tote bag,marley-lilly-prod.myshopify.com,Marleylilly,Monogrammed Tote Bag | Watercolor Whimsy,2999,2999,1,Color,monogram; custom,,https://marleylilly.com/products/monogrammed-tote-bag-watercolor-whimsy?variant=46460276637886&_gsid=B8x2X8GHgmxQ&utm_source=shopify&utm_medium=catalog
personalization,totes_monogram,monogrammed tote bag,9b6844-68.myshopify.com,FASHIONPHILE,Soft GG Supreme Monogram Medium Crossbody Tote Beige Cuir,102500,102500,1,,monogram,,https://www.fashionphile.com/products/gucci-soft-gg-supreme-monogram-medium-crossbody-tote-beige-cuir-1906057?variant=58076655812911&_gsid=B8x2X8GHgmxQ&utm_source=shopify&utm_medium=catalog
personalization,totes_monogram,monogrammed tote bag,marley-lilly-prod.myshopify.com,Marleylilly,Monogrammed Striped Tote | Yellow/Pink,2499,2499,1,Color,monogram; personaliz,,https://marleylilly.com/products/monogrammed-striped-tote?variant=46460274278590&_gsid=B8x2X8GHgmxQ&utm_source=shopify&utm_medium=catalog
personalization,totes_monogram,monogrammed tote bag,united-monograms.myshopify.com,United Monograms,Make It Yours™ Icon Crossbody Charm Tote,7895,7895,1,Color,custom,,https://www.united-monograms.com/products/make-it-yours-spring-charm-crossbody-tote?variant=52323167994135&_gsid=B8x2X8GHgmxQ&utm_source=shopify&utm_medium=catalog
personalization,totes_monogram,monogrammed tote bag,alex-mill.myshopify.com,Alex Mill,The Perfect Weekday Tote,17500,17500,1,Color; Size,monogram,,https://www.alexmill.com/products/the-perfect-weekday-tote-in-military-olive?variant=39975352205371&_gsid=B8x2X8GHgmxQ&utm_source=shopify&utm_medium=catalog
personalization,totes_monogram,monogrammed tote bag,9e55cc-2.myshopify.com,Told Ya Sew,Custom Embroidered Monogrammed Premium Canvas Tote Bag,5500,5500,1,Strap color,custom; monogram,,https://toldyasew.com/products/monogram-canvas-tote-bag?variant=41613419217011&_gsid=B8x2X8GHgmxQ&utm_source=shopify&utm_medium=catalog
personalization,totes_monogram,monogrammed tote bag,frsit2-xm.myshopify.com,VeraVive,GG Emblem Maxi Tote Bag Beige Brown Monogram Coated Fabric,29000,29000,1,,monogram,,https://veravive.us/products/gg-emblem-maxi-tote-bag-beige-brown-monogram-coated-fabric?variant=48605295542457&_gsid=B8x2X8GHgmxQ&utm_source=shopify&utm_medium=catalog
personalization,totes_monogram,monogrammed tote bag,bailey-9907.myshopify.com,KenzKustomz,Quilted Block-Print Tote Bag,6400,6400,1,Color,custom,,https://kenzkustomz.com/products/quilted-tote-bag?variant=46446138327285&_gsid=B8x2X8GHgmxQ&utm_source=shopify&utm_medium=catalog
personalization,totes_monogram,monogrammed tote bag,9b6844-68.myshopify.com,FASHIONPHILE,Empreinte Monogram Giant Onthego GM Black Beige,215000,215000,1,,monogram,,https://www.fashionphile.com/products/louis-vuitton-empreinte-monogram-giant-onthego-gm-black-beige-1882162?variant=57949391454511&_gsid=B8x2X8GHgmxQ&utm_source=shopify&utm_medium=catalog
personalization,totes_monogram,monogrammed tote bag,pink-poppy-party-shoppe.myshopify.com,Rubi and Lib Design Studio,Bridesmaid Monogram Classic Tote Bag,2880,2880,1,Select bag size and color,monogram; custom,,https://rubiandlib.com/products/bridesmaid-monogram-boat-tote-bag?variant=51199159697689&_gsid=B8x2X8GHgmxQ&utm_source=shopify&utm_medium=catalog
personalization,totes_monogram,monogrammed tote bag,9b6844-68.myshopify.com,FASHIONPHILE,Monogram Deauville,67500,67500,1,,monogram,,https://www.fashionphile.com/products/louis-vuitton-monogram-deauville-1903470?variant=58098232394031&_gsid=B8x2X8GHgmxQ&utm_source=shopify&utm_medium=catalog
personalization,totes_monogram,monogrammed tote bag,marley-lilly-prod.myshopify.com,Marleylilly,Monogrammed Canvas Bag | Ivory/Brown,2499,2499,1,Color,monogram; custom,,https://marleylilly.com/products/monogrammed-canvas-bag?variant=46483876708542&_gsid=B8x2X8GHgmxQ&utm_source=shopify&utm_medium=catalog
personalization,totes_monogram,monogrammed tote bag,2nd-street-melrose.myshopify.com,2nd STREET USA,GUCCI/Hand Bag/Monogram/BEG/Abbey Tote,27990,27990,1,,monogram,,https://ec.2ndstreetusa.com/products/2341550484338?variant=45366143221869&_gsid=B8x2X8GHgmxQ&utm_source=shopify&utm_medium=catalog
personalization,totes_monogram,monogrammed tote bag,the-monogram-corner-shop.myshopify.com,The Monogram Corner,The Elizabeth Tote,12500,12500,1,Tote color,custom; initials; personaliz,,https://themonogramcorner.com/products/the-elizabeth-tote?variant=51524919689518&_gsid=B8x2X8GHgmxQ&utm_source=shopify&utm_medium=catalog
personalization,totes_monogram,monogrammed tote bag,marley-lilly-prod.myshopify.com,Marleylilly,Monogrammed Football Extra Large Tote Bag | Black Football,2999,2999,1,Color,monogram,,https://marleylilly.com/products/monogrammed-football-extra-large-tote-bag?variant=46460263694526&_gsid=B8x2X8GHgmxQ&utm_source=shopify&utm_medium=catalog
personalization,totes_monogram,monogrammed tote bag,marley-lilly-prod.myshopify.com,Marleylilly,Monogrammed Laptop Tote Bag | Bone,5499,5499,1,Color,monogram,,https://marleylilly.com/products/monogrammed-laptop-tote-bag?variant=46483892011198&_gsid=B8x2X8GHgmxQ&utm_source=shopify&utm_medium=catalog
personalization,totes_monogram,monogrammed tote bag,monogram-goods.myshopify.com,Monogram Goods,Advantage Tote,12500,12500,1,,,,https://monogramgoods.com/products/advantage-tote?variant=28234601955412&_gsid=B8x2X8GHgmxQ&utm_source=shopify&utm_medium=catalog
personalization,totes_monogram,monogrammed tote bag,9b6844-68.myshopify.com,FASHIONPHILE,GG Supreme Monogram Medium Padlock Tote White,135000,135000,1,,monogram,,https://www.fashionphile.com/products/gucci-gg-supreme-monogram-medium-padlock-tote-white-1890382?variant=58014364107055&_gsid=B8x2X8GHgmxQ&utm_source=shopify&utm_medium=catalog
personalization,totes_monogram,monogrammed tote bag,lakeside-asc.myshopify.com,The Lakeside Collection,Women's Monogram Tote Bag,999,999,1,Pattern,monogram; custom,,https://www.lakeside.com/products/womens-monogram-tote-bag?variant=42690591162577&_gsid=B8x2X8GHgmxQ&utm_source=shopify&utm_medium=catalog
personalization,totes_monogram,monogrammed tote bag,9b6844-68.myshopify.com,FASHIONPHILE,Monogram Ramages Neverfull MM,119500,119500,1,,monogram,,https://www.fashionphile.com/products/louis-vuitton-monogram-ramages-neverfull-mm-1943481?variant=58288668180783&_gsid=B8x2X8GHgmxQ&utm_source=shopify&utm_medium=catalog
personalization,totes_monogram,monogrammed tote bag,trendlee.myshopify.com,Rebag,Neverfull NM Tote Monogram Canvas MM,218000,218000,1,Color; Default title,monogram,,https://shop.rebag.com/products/handbags-louis-vuitton-neverfull-nm-tote-monogram-canvas-mm4516651?variant=47847389528241&_gsid=B8x2X8GHgmxQ&utm_source=shopify&utm_medium=catalog
personalization,totes_monogram,monogrammed tote bag,discountwidgets.myshopify.com,ShopCGX,Louis Vuitton Monogram Totally PM Tote Handbag,165000,165000,1,,monogram,,https://shopcgx.com/products/lv-monogram-totally-pm-brown?variant=46917712806063&_gsid=B8x2X8GHgmxQ&utm_source=shopify&utm_medium=catalog
personalization,totes_monogram,monogrammed tote bag,marley-lilly-prod.myshopify.com,Marleylilly,Monogrammed Large Zip Top Tote | Coral Floral,3999,3999,1,Color,monogram; personaliz,,https://marleylilly.com/products/monogrammed-large-zip-top-tote?variant=46483893158078&_gsid=B8x2X8GHgmxQ&utm_source=shopify&utm_medium=catalog
personalization,totes_monogram,monogrammed tote bag,qgxhnx-n8.myshopify.com,HYPE DEAL CLUB,Monogram Multicolor Speedy 30 Black,85000,85000,1,,monogram,,https://hypedealclub.us/products/louis-vuitton-monogram-multicolor-speedy-30-black-1868740?variant=44109133774951&_gsid=B8x2X8GHgmxQ&utm_source=shopify&utm_medium=catalog
personalization,totes_monogram,monogrammed tote bag,marley-lilly-prod.myshopify.com,Marleylilly,Monogrammed Girls Tote Bag | Pink Gingham,2999,2999,1,Color,monogram,,https://marleylilly.com/products/monogrammed-girls-tote-bag?variant=46483884114110&_gsid=B8x2X8GHgmxQ&utm_source=shopify&utm_medium=catalog
personalization,totes_monogram,monogrammed tote bag,2nd-street-melrose.myshopify.com,2nd STREET USA,LOUIS VUITTON/Cross Body Bag/O/S/Monogram/Leather/BRW/Neverfull BB Tote,99990,99990,1,,monogram,,https://ec.2ndstreetusa.com/products/2344100184368?variant=43247464022125&_gsid=B8x2X8GHgmxQ&utm_source=shopify&utm_medium=catalog
personalization,totes_monogram,monogrammed tote bag,kithnyc.myshopify.com,Kith,Kith Monogram Canvas Tote Bag - Lake,18000,18000,1,Color; Size,monogram,,https://kith.com/products/khm040283-482?variant=45140814692480&_gsid=B8x2X8GHgmxQ&utm_source=shopify&utm_medium=catalog
personalization,totes_monogram,monogrammed tote bag,9b6844-68.myshopify.com,FASHIONPHILE,Monogram Neo Neverfull GM,145000,145000,1,,monogram,,https://www.fashionphile.com/products/louis-vuitton-monogram-neo-neverfull-gm-1913717?variant=58098219516207&_gsid=B8x2X8GHgmxQ&utm_source=shopify&utm_medium=catalog
personalization,totes_monogram,monogrammed tote bag,ihysqb-jm.myshopify.com,Lume Signature USA2,Monogram Tote Bag,11990,11990,1,Color,monogram,,https://lumesignaturestore.com/products/m-tote-bag?variant=51826331549828&_gsid=B8x2X8GHgmxQ&utm_source=shopify&utm_medium=catalog
dietary,cookies_vegan,vegan cookie favors,uncle-eddies-vegan-cookies.myshopify.com,Uncle Eddie's Vegan Cookies,Oatmeal Raisin Vegan Cookies,799,799,1,,,vegan,https://www.uncleeddiesvegancookies.com/products/oatmeal-raisin?variant=7233574535231&_gsid=FHRFsYNxzEki&utm_source=shopify&utm_medium=catalog
dietary,cookies_vegan,vegan cookie favors,seven-grams-caffe-nyc.myshopify.com,Seven Grams Caffé,Cookie Gift Box – Vegan Tahini & Olive Oil Dark Chocolate Chip Cookie,4900,4900,1,Qty,,vegan,https://sevengramscaffe.com/products/cookie-gift-box-vegan-tahini-olive-oil-dark-chocolate-chip-cookie?variant=37142344794276&_gsid=FHRFsYNxzEki&utm_source=shopify&utm_medium=catalog
dietary,cookies_vegan,vegan cookie favors,aee66e.myshopify.com,Bee Well Bakery LLC,"Gluten Free Sugar Cookies, Milestones, Age, Dairy Free, Egg Free, 1st Birthday, Nut free, Soy free, Vegan, Cookie Favors, Anniversary, 50th",3000,3000,1,Age - celebration- milestone #; Age cookie package & sugar preference,,gluten; dairy free; nut free; vegan,https://beewellbakery.net/products/sugar-cookies-gluten-free-dairy-free-66937?variant=53242491961653&_gsid=FHRFsYNxzEki&utm_source=shopify&utm_medium=catalog
dietary,cookies_vegan,vegan cookie favors,the-bite-society.myshopify.com,Bite Society,Zesty Chocolate (Vegan),1800,1800,1,,,vegan,https://hellobitesociety.com/products/zesty-chocolate?variant=46845290840313&_gsid=FHRFsYNxzEki&utm_source=shopify&utm_medium=catalog
dietary,cookies_vegan,vegan cookie favors,alyssascookies.myshopify.com,Alyssa's Cookies,Healthy Vegan Bites Bundle 4-Pack,2295,2295,1,Package,,vegan,https://alyssascookies.com/products/vegan-oatmeal-cookies-4-pack?variant=16736893569&_gsid=FHRFsYNxzEki&utm_source=shopify&utm_medium=catalog
dietary,cookies_vegan,vegan cookie favors,aee66e.myshopify.com,Bee Well Bakery LLC,"Gluten Free Coconut Sugar Cookie, Dairy Free, Egg Free, Nut Free, Oat Free, Organic, Gum Free, Vegan, Birthday Gift, Holiday Cookie Exchange",7500,7500,1,Coconut sugar cookie packages; Sprinkle option,,gluten; dairy free; nut free; vegan,https://beewellbakery.net/products/no-refined-coconut-sugar-cookie-gluten-03184?variant=53217569177909&_gsid=FHRFsYNxzEki&utm_source=shopify&utm_medium=catalog
dietary,cookies_vegan,vegan cookie favors,yvonnes-vegan-kitchen.myshopify.com,Yvonne's Vegan Kitchen,Assorted Cookies Gift Box,3500,3500,1,Size,,,https://yvonnesvegankitchen.com/products/12-assorted-cookies-gift-box?variant=48543637537087&_gsid=FHRFsYNxzEki&utm_source=shopify&utm_medium=catalog
dietary,cookies_vegan,vegan cookie favors,uncle-eddies-vegan-cookies.myshopify.com,Uncle Eddie's Vegan Cookies,Individually Wrapped 3oz Cookie Assortment (6 Pack),2499,2499,1,,,vegan,https://www.uncleeddiesvegancookies.com/products/individually-wrapped-3oz-cookie-assortment-6-pack?variant=43674308804671&_gsid=FHRFsYNxzEki&utm_source=shopify&utm_medium=catalog
dietary,cookies_vegan,vegan cookie favors,southern-roots-vegan-bakery.myshopify.com,Southern Roots Vegan Bakery,Assorted Cookies (Dozen),7900,7900,1,,,vegan,https://southernrootsvegan.com/products/assorted-cookies-dozen?variant=44724342325385&_gsid=FHRFsYNxzEki&utm_source=shopify&utm_medium=catalog
dietary,cookies_vegan,vegan cookie favors,uncle-eddies-vegan-cookies.myshopify.com,Uncle Eddie's Vegan Cookies,Cocoa Spice & Everything Nice Vegan Cookies,799,799,1,,,vegan,https://www.uncleeddiesvegancookies.com/products/cocoa-spice-and-everything-nice?variant=7233599012927&_gsid=FHRFsYNxzEki&utm_source=shopify&utm_medium=catalog
dietary,cookies_vegan,vegan cookie favors,uncle-eddies-vegan-cookies.myshopify.com,Uncle Eddie's Vegan Cookies,Peanut Butter Vegan Cookies,799,799,1,,,vegan,https://www.uncleeddiesvegancookies.com/products/peanut-butter?variant=31779889971263&_gsid=FHRFsYNxzEki&utm_source=shopify&utm_medium=catalog
dietary,cookies_vegan,vegan cookie favors,uncle-eddies-vegan-cookies.myshopify.com,Uncle Eddie's Vegan Cookies,Chocolate Chip with Walnuts Vegan Cookies,799,799,1,,,vegan,https://www.uncleeddiesvegancookies.com/products/chocolate-chip-with-walnuts?variant=7233353056319&_gsid=FHRFsYNxzEki&utm_source=shopify&utm_medium=catalog
dietary,cookies_vegan,vegan cookie favors,6ce582-5.myshopify.com,Sweet Addison's,Vegan Chocolate Chip Cookies,2400,2400,1,Quantity,,vegan,https://sweetaddisons.com/products/vegan-chocolate-chip-cookies?variant=41372195520560&_gsid=FHRFsYNxzEki&utm_source=shopify&utm_medium=catalog
dietary,cookies_vegan,vegan cookie favors,wevegan-eats.myshopify.com,WeVegan Eats,August Munchies Sampler Box,2900,2900,1,,,vegan; dairy-free,https://weveganeats.com/products/august-munchies-sampler-box?variant=39866283622511&_gsid=FHRFsYNxzEki&utm_source=shopify&utm_medium=catalog
dietary,cookies_vegan,vegan cookie favors,bonjourbakehouse.myshopify.com,Bonjour Bakehouse,Vegan Chocolate Chip,2200,2200,1,Box size,,vegan,https://bonjourbakehouse.com/products/vegan-chocolate-chip-bsc?variant=47848925298934&_gsid=FHRFsYNxzEki&utm_source=shopify&utm_medium=catalog
dietary,cookies_vegan,vegan cookie favors,whisked-test.myshopify.com,Whisked by Jenna,Vegan Cranberry Orange Cookie,1895,1895,1,Size,,vegan,https://whiskeddc.com/products/vegan-cranberry-orange?variant=32284760932387&_gsid=FHRFsYNxzEki&utm_source=shopify&utm_medium=catalog
dietary,cookies_vegan,vegan cookie favors,aee66e.myshopify.com,Bee Well Bakery LLC,"Sugar Free, Cookie Sampler, Gluten Free, Dairy Free, Egg Free, Nut Free, Vegan, Erythritol Free, Birthday, Celebration, Dessert, Party favor",3500,3500,1,Sugar free cookie package,,gluten; dairy free; nut free; vegan,https://beewellbakery.net/products/sugar-free-cookie-sampler-gluten-free-14180?variant=45350543851829&_gsid=FHRFsYNxzEki&utm_source=shopify&utm_medium=catalog
dietary,cookies_vegan,vegan cookie favors,glutenbox.myshopify.com,Wildgrain,Vegan Giant Chocolate Chip Cookie (6-pack),1300,1300,1,,,vegan,https://wildgrain.com/products/giant-chocolate-chip-cookie-6-pack?variant=41422308999235&_gsid=FHRFsYNxzEki&utm_source=shopify&utm_medium=catalog
dietary,cookies_vegan,vegan cookie favors,uncle-eddies-vegan-cookies.myshopify.com,Uncle Eddie's Vegan Cookies,Peanut Butter Chocolate Chip Vegan Cookies,799,799,1,,,vegan,https://www.uncleeddiesvegancookies.com/products/peanut-butter-chocolate-chip?variant=7233548091455&_gsid=FHRFsYNxzEki&utm_source=shopify&utm_medium=catalog
dietary,cookies_vegan,vegan cookie favors,lenny-and-larrys.myshopify.com,Lenny and Larrys,Chocolate Chip - 4oz - Box of 12,2449,2449,1,Size,,vegan,https://www.lennylarry.com/products/protein-cookie-chocolate-chip?variant=39923490062494&_gsid=FHRFsYNxzEki&utm_source=shopify&utm_medium=catalog
dietary,cookies_vegan,vegan cookie favors,gift-baskets-by-design-sb.myshopify.com,"Gift Baskets By Design SB, Inc.",Healthy Vegan Cookies ** 4 -options,8995,8995,1,Flavor,,vegan,https://www.gbydesignsb.com/products/vegan-cookies-in-bloom-new?variant=49535492227374&_gsid=FHRFsYNxzEki&utm_source=shopify&utm_medium=catalog
dietary,cookies_vegan,vegan cookie favors,seven-grams-caffe-nyc.myshopify.com,Seven Grams Caffé,Vegan Tahini & Olive Oil Dark Chocolate Chip Cookie,4400,4400,1,Qty,,vegan; dairy-free,https://sevengramscaffe.com/products/vegan-tahini-chocolate-chip-cookie?variant=35467553112228&_gsid=FHRFsYNxzEki&utm_source=shopify&utm_medium=catalog
dietary,cookies_vegan,vegan cookie favors,yvonnes-vegan-kitchen.myshopify.com,Yvonne's Vegan Kitchen,Ginger Date Molasses Cookies,1050,1050,1,Size,,vegan,https://yvonnesvegankitchen.com/products/ginger-date-molasses-cookies?variant=32481372766292&_gsid=FHRFsYNxzEki&utm_source=shopify&utm_medium=catalog
dietary,cookies_vegan,vegan cookie favors,lenny-and-larrys.myshopify.com,Lenny and Larrys,Snickerdoodle - 4oz - Box of 12,2449,2449,1,Size,,vegan,https://www.lennylarry.com/products/protein-cookie-snickerdoodle?variant=39923487998110&_gsid=FHRFsYNxzEki&utm_source=shopify&utm_medium=catalog
dietary,cookies_vegan,vegan cookie favors,thehungrygnomeny.myshopify.com,The Hungry Gnome,Vegan Cookie Butter Chip Cookies (6 Cookies),2400,2400,1,,,vegan; dairy free,https://thehungrygnomeny.com/products/vegan-cookie-butter-chip-cookies-6-cookies?variant=39968565461058&_gsid=FHRFsYNxzEki&utm_source=shopify&utm_medium=catalog
dietary,cookies_vegan,vegan cookie favors,seven-grams-caffe-nyc.myshopify.com,Seven Grams Caffé,Cookie Gift Box – The New Gluten Free & Vegan Chocolate Chip Cookie,4900,4900,1,Qty,,gluten; vegan,https://sevengramscaffe.com/products/holiday-limited-edition-gift-box-the-new-gluten-free-vegan-chocolate-chip-cookie-copy?variant=46815239504096&_gsid=FHRFsYNxzEki&utm_source=shopify&utm_medium=catalog
dietary,cookies_vegan,vegan cookie favors,uncle-eddies-vegan-cookies.myshopify.com,Uncle Eddie's Vegan Cookies,Molasses Vegan Cookies,799,799,1,,,vegan,https://www.uncleeddiesvegancookies.com/products/molassas?variant=7233582301247&_gsid=FHRFsYNxzEki&utm_source=shopify&utm_medium=catalog
dietary,cookies_vegan,vegan cookie favors,sans-bakery-6401.myshopify.com,Sans Bakery,Vegan Confetti Cookies,1800,1800,1,Pack,,vegan,https://sansbakery-nyc.com/products/vegan-confetti-cookies?variant=49592028332348&_gsid=FHRFsYNxzEki&utm_source=shopify&utm_medium=catalog
dietary,cookies_vegan,vegan cookie favors,fresh-beauty-co-usa.myshopify.com,Fresh Beauty Co. USA,Crumble Charms Hazelnut Haze Love Wheel 8x55g,8480,8480,1,,,vegan; gluten,https://thefreshbeautyco.com/products/cw646417-crumble-charms-hazelnut-haze-love-wheel?variant=48484197826777&_gsid=FHRFsYNxzEki&utm_source=shopify&utm_medium=catalog
dietary,cookies_vegan,vegan cookie favors,southern-roots-vegan-bakery.myshopify.com,Southern Roots Vegan Bakery,Oatmeal Raisin Cookies (Dozen),7900,7900,1,,,vegan,https://southernrootsvegan.com/products/vegan-oatmeal-raisin-cookies-dozen?variant=44650842161289&_gsid=FHRFsYNxzEki&utm_source=shopify&utm_medium=catalog
dietary,cookies_vegan,vegan cookie favors,the-rounds-dev.myshopify.com,The Rounds™,Sweet Party Favors,400,400,1,Icing style; Sticker,,,https://www.theroundsnyc.com/products/sweet-party-favors?variant=47020824822056&_gsid=FHRFsYNxzEki&utm_source=shopify&utm_medium=catalog
dietary,cookies_vegan,vegan cookie favors,yvonnes-vegan-kitchen.myshopify.com,Yvonne's Vegan Kitchen,Cookie Gift Basket,7800,7800,1,,,vegan,https://yvonnesvegankitchen.com/products/cookie-gift-basket?variant=44092881535295&_gsid=FHRFsYNxzEki&utm_source=shopify&utm_medium=catalog
dietary,cookies_vegan,vegan cookie favors,the-bite-society.myshopify.com,Bite Society,Coconut Lime Cookie (Vegan),1800,1800,1,,,vegan,https://hellobitesociety.com/products/vegan-lime-coconut-cookie?variant=42607520383225&_gsid=FHRFsYNxzEki&utm_source=shopify&utm_medium=catalog
dietary,cookies_vegan,vegan cookie favors,claudios-kitchen.myshopify.com,Claudio's Kitchen,🍓 Cookie of the Month –  Fruity Vegan Cookie,1299,1299,1,,,vegan,https://claudioskitchennyc.com/products/untitled-aug1_07-35-31?variant=49122991898875&_gsid=FHRFsYNxzEki&utm_source=shopify&utm_medium=catalog
dietary,cookies_vegan,vegan cookie favors,test-store-for-maya.myshopify.com,Maya's Cookies,Special Occasion Gift Bundle,6500,6500,1,Gift bundles,,,https://www.mayascookies.com/products/happy-birthday-box?variant=47224208097494&_gsid=FHRFsYNxzEki&utm_source=shopify&utm_medium=catalog
dietary,cookies_vegan,vegan cookie favors,lenny-and-larrys.myshopify.com,Lenny and Larrys,Big Time Brownie - 4oz - Box of 12,2449,2449,1,Size,,vegan,https://www.lennylarry.com/products/protein-cookie-big-time-brownie?variant=39923495567518&_gsid=FHRFsYNxzEki&utm_source=shopify&utm_medium=catalog
dietary,cookies_vegan,vegan cookie favors,the-naughty-cookie.myshopify.com,Naughty Cookie,Ooey Gooey S'mores (6 cookies),3900,3900,1,# of cookies,,vegan,https://www.thenaughtycookie.com/products/ooey-gooey-smores-cookies?variant=46772629438720&_gsid=FHRFsYNxzEki&utm_source=shopify&utm_medium=catalog
dietary,cookies_vegan,vegan cookie favors,lenny-and-larrys.myshopify.com,Lenny and Larrys,Strawberry Shortcake- 4oz- Box of 12,2449,2449,1,,,vegan,https://www.lennylarry.com/products/strawberry-shortcake-4oz-box-of-12?variant=43769979142302&_gsid=FHRFsYNxzEki&utm_source=shopify&utm_medium=catalog
dietary,cookies_vegan,vegan cookie favors,levainbakery.myshopify.com,Levain Bakery,Floral Cookie Tin Gift Set,7300,7300,1,Style,,,https://levainbakery.com/products/floral-cookie-tin-gift-set?variant=59355956052049&_gsid=FHRFsYNxzEki&utm_source=shopify&utm_medium=catalog
dietary,cookies_vegan,vegan cookie favors,bellscookieco.myshopify.com,Bell's Cookies™,The Gluten Free + Vegan,3199,3199,1,,,gluten; vegan,https://www.bellscookies.com/products/the-vegan-gf?variant=46717303292118&_gsid=FHRFsYNxzEki&utm_source=shopify&utm_medium=catalog
dietary,cookies_vegan,vegan cookie favors,aee66e.myshopify.com,Bee Well Bakery LLC,"Gluten Free Black White Cookies, Dairy Free, Vegan, Nut Free, Birthday Gift, NY Style snacks, July 4th Celebration, School Safe, Graduation",3000,3000,1,Black & white cookie package; Colors,,gluten; dairy free; vegan; nut free; allerg,https://beewellbakery.net/products/black-and-white-cookie-gluten-free-egg-83625?variant=52492834242869&_gsid=FHRFsYNxzEki&utm_source=shopify&utm_medium=catalog
dietary,cookies_vegan,vegan cookie favors,uncle-eddies-vegan-cookies.myshopify.com,Uncle Eddie's Vegan Cookies,Oatmeal Chocolate Chip Vegan Cookies,799,799,1,,,vegan,https://www.uncleeddiesvegancookies.com/products/chocolate-chip-oatmeal?variant=7233469284415&_gsid=FHRFsYNxzEki&utm_source=shopify&utm_medium=catalog
dietary,cookies_vegan,vegan cookie favors,lenny-and-larrys.myshopify.com,Lenny and Larrys,Chocolate Lover's Variety Pack,2599,2599,1,,,vegan,https://www.lennylarry.com/products/chocolate-lovers-variety-pack?variant=52375653253487&_gsid=FHRFsYNxzEki&utm_source=shopify&utm_medium=catalog
dietary,cookies_vegan,vegan cookie favors,bakedcravings.myshopify.com,Baked Cravings,OG Vegan Cookie Box,6900,6900,1,,,vegan,https://www.bakedcravings.com/products/vegan-cookie-gift-box?variant=46117375770859&_gsid=FHRFsYNxzEki&utm_source=shopify&utm_medium=catalog
dietary,cookies_vegan,vegan cookie favors,skout-development.myshopify.com,Skout Organic,Skout Organic Soft Baked Cookie Variety Pack,2199,2199,1,Pack size,,,https://www.skoutorganic.com/products/skout-organic-soft-baked-cookie-variety-pack?variant=40525597605971&_gsid=FHRFsYNxzEki&utm_source=shopify&utm_medium=catalog
dietary,cookies_vegan,vegan cookie favors,butterflake.myshopify.com,ButterFlake,Vegan Cookie Platter,6295,6295,1,Size,,vegan; kosher; nut-free,https://shopbutterflake.com/products/egg-free-cookie-platter?variant=41255956348974&_gsid=FHRFsYNxzEki&utm_source=shopify&utm_medium=catalog
dietary,cookies_vegan,vegan cookie favors,yvonnes-vegan-kitchen.myshopify.com,Yvonne's Vegan Kitchen,Assorted Cookie Gift,2400,2400,1,,,vegan; gluten,https://yvonnesvegankitchen.com/products/assorted-chewy-cookie-gift?variant=17623028695113&_gsid=FHRFsYNxzEki&utm_source=shopify&utm_medium=catalog
dietary,cookies_vegan,vegan cookie favors,aee66e.myshopify.com,Bee Well Bakery LLC,"Lactation Cookies, Gluten Free, Vegan, Dairy Free, Egg Free, Breastfeeding, Brewer's Yeast, New Mom Gift, Breast Milk, Flax, Birthday Gifts",3000,3000,1,Cookie package; Flavor,,gluten; vegan; dairy free,https://beewellbakery.net/products/lactation-cookie-gluten-free-vegan-70509?variant=52175729721653&_gsid=FHRFsYNxzEki&utm_source=shopify&utm_medium=catalog
dietary,cookies_vegan,vegan cookie favors,lenny-and-larrys.myshopify.com,Lenny and Larrys,Lemon Poppy Seed - 4oz - Box of 12,2449,2449,1,Size,,vegan,https://www.lennylarry.com/products/protein-cookie-lemon-poppy-seed?variant=36599778279582&_gsid=FHRFsYNxzEki&utm_source=shopify&utm_medium=catalog
dietary,cookies_vegan,vegan cookie favors,yvonnes-vegan-kitchen.myshopify.com,Yvonne's Vegan Kitchen,Heart Sugar Cookies,2950,2950,1,,,vegan,https://yvonnesvegankitchen.com/products/frosted-oat-cookies?variant=33020012167252&_gsid=FHRFsYNxzEki&utm_source=shopify&utm_medium=catalog
dietary,cookies_gf,gluten free cookies gift,a81d51-3.myshopify.com,David's Cookies,Gluten Free Cookie & Brownie Tin,4295,4295,1,Occasion,,gluten,https://davidscookies.com/products/gluten-free-cookie-brownie-tin?variant=49366773432606&_gsid=yaLYWarVsVCH&utm_source=shopify&utm_medium=catalog
dietary,cookies_gf,gluten free cookies gift,a81d51-3.myshopify.com,David's Cookies,Gluten Free Chocolate Chip & Snickerdoodle Cookie Sampler Tin,2995,2995,1,,,gluten,https://davidscookies.com/products/gluten-free-chocolate-chip-snickerdoodle-cookie-sampler-tin?variant=49930285515038&_gsid=yaLYWarVsVCH&utm_source=shopify&utm_medium=catalog
dietary,cookies_gf,gluten free cookies gift,choczero.myshopify.com,ChocZero,Speculoos Cookies,999,999,1,,,gluten,https://www.choczero.com/products/gluten-free-speculoos-cookies?variant=44110852980936&_gsid=yaLYWarVsVCH&utm_source=shopify&utm_medium=catalog
dietary,cookies_gf,gluten free cookies gift,k07ked-t5.myshopify.com,Tate's Bake Shop,New Gluten Free Cookie Variety Pack,1800,1800,1,Count,,gluten,https://shop.tatesbakeshop.com/products/new-gluten-free-cookie-variety-pack?variant=44743938998306&_gsid=yaLYWarVsVCH&utm_source=shopify&utm_medium=catalog
dietary,cookies_gf,gluten free cookies gift,eban-s-bakehouse.myshopify.com,Eban’s Bakehouse,Gluten Free Cookie Variety Pack - 15 pack,3175,3175,1,,,gluten,https://ebansbakehouse.com/products/gluten-free-cookie-variety-pack?variant=40325383061680&_gsid=yaLYWarVsVCH&utm_source=shopify&utm_medium=catalog
dietary,cookies_gf,gluten free cookies gift,choczero.myshopify.com,ChocZero,Danish Butter Cookies,999,999,1,Size,,gluten,https://www.choczero.com/products/keto-butter-cookies?variant=43626664984776&_gsid=yaLYWarVsVCH&utm_source=shopify&utm_medium=catalog
dietary,cookies_gf,gluten free cookies gift,k07ked-t5.myshopify.com,Tate's Bake Shop,Gluten Free Chocolate Chip Cookies,1800,1800,1,Count,,gluten,https://shop.tatesbakeshop.com/products/gluten-free-chocolate-chip-cookies?variant=43832122245154&_gsid=yaLYWarVsVCH&utm_source=shopify&utm_medium=catalog
dietary,cookies_gf,gluten free cookies gift,k07ked-t5.myshopify.com,Tate's Bake Shop,Gluten Free Ginger Zinger Cookies,1800,1800,1,Count,,gluten,https://shop.tatesbakeshop.com/products/gluten-free-ginger-zinger-cookies?variant=43832122343458&_gsid=yaLYWarVsVCH&utm_source=shopify&utm_medium=catalog
dietary,cookies_gf,gluten free cookies gift,k07ked-t5.myshopify.com,Tate's Bake Shop,Classic Gluten Free Cookie Variety Pack,1800,1800,1,Count,,gluten,https://shop.tatesbakeshop.com/products/gluten-free-variety?variant=43832143872034&_gsid=yaLYWarVsVCH&utm_source=shopify&utm_medium=catalog
dietary,cookies_gf,gluten free cookies gift,k07ked-t5.myshopify.com,Tate's Bake Shop,Gluten Free Double Chocolate Chip Cookies,1800,1800,1,Count,,gluten,https://shop.tatesbakeshop.com/products/gluten-free-double-chocolate-chip-cookies?variant=44626312003618&_gsid=yaLYWarVsVCH&utm_source=shopify&utm_medium=catalog
dietary,cookies_gf,gluten free cookies gift,saltysweet.myshopify.com,Eat Salty Sweet®,Gluten-Free Gift Box,4500,4500,1,,,gluten,https://eatsaltysweet.com/products/gluten-free-gift-box?variant=13321893740599&_gsid=yaLYWarVsVCH&utm_source=shopify&utm_medium=catalog
dietary,cookies_gf,gluten free cookies gift,moonshinemountaincookies.myshopify.com,Moonshine Mountain,One Dozen Cookies ∙ Gluten Free,4699,4699,1,Style,,gluten,https://moonshinemountaincookies.com/products/gluten-free-bakers-box-one-dozen?variant=44642569683169&_gsid=yaLYWarVsVCH&utm_source=shopify&utm_medium=catalog
dietary,cookies_gf,gluten free cookies gift,a81d51-3.myshopify.com,David's Cookies,Gluten Free I Love You Cookie and Brownie Bucket,3995,3995,1,,,gluten; nut free; dairy free,https://davidscookies.com/products/gluten-free-i-love-you-cookie-and-brownie-bucket?variant=48906244587806&_gsid=yaLYWarVsVCH&utm_source=shopify&utm_medium=catalog
dietary,cookies_gf,gluten free cookies gift,a81d51-3.myshopify.com,David's Cookies,David's Gluten Free Snickerdoodle Cookies (9 Pack),2995,2995,1,,,gluten; nut free; dairy free,https://davidscookies.com/products/davids-gluten-free-snickerdoodle-cookies-9-pack?variant=47068044722462&_gsid=yaLYWarVsVCH&utm_source=shopify&utm_medium=catalog
dietary,cookies_gf,gluten free cookies gift,leckerlee.myshopify.com,Leckerlee,Gluten-Free Lebkuchen,3695,3695,1,Flavor; Packaging,,gluten,https://leckerlee.com/products/gluten-free-lebkuchen?variant=43608211587242&_gsid=yaLYWarVsVCH&utm_source=shopify&utm_medium=catalog
dietary,cookies_gf,gluten free cookies gift,https-cookiebouquets-com.myshopify.com,Cookie Bouquets,Gluten Free Happy Day Cookie Bouquet,3795,3795,1,Cookie quantity,,gluten,https://cookiebouquets.com/products/gluten-free-happy-day-cookie-bouquet?variant=41847679484002&_gsid=yaLYWarVsVCH&utm_source=shopify&utm_medium=catalog
dietary,cookies_gf,gluten free cookies gift,martie-usa.myshopify.com,Martie,Gluten Free Chocolate Chip Cookies,419,419,1,,,gluten,https://martie.com/products/tiny-gluten-free-chocolate-chip-cookies?variant=47524562370805&_gsid=yaLYWarVsVCH&utm_source=shopify&utm_medium=catalog
dietary,cookies_gf,gluten free cookies gift,a81d51-3.myshopify.com,David's Cookies,David's Gluten Free Chocolate Chip Cookies (9 Pack),2995,2995,1,,,gluten; nut free; dairy free,https://davidscookies.com/products/davids-gluten-free-chocolate-chip-cookies-9-pack?variant=47068042854686&_gsid=yaLYWarVsVCH&utm_source=shopify&utm_medium=catalog
dietary,cookies_gf,gluten free cookies gift,wooden-table-baking-co.myshopify.com,Wooden Table Baking Company,Build Your Own Gluten-Free Cookie Gift Box,2800,2800,1,,custom,gluten,https://woodentablebaking.com/products/custom-gluten-free-cookie-adventure-1?variant=44197760925926&_gsid=yaLYWarVsVCH&utm_source=shopify&utm_medium=catalog
dietary,cookies_gf,gluten free cookies gift,b9e308-f9.myshopify.com,Beth the Bakerr,GF Oatmeal Raisin' Hell,2900,2900,1,,,gluten,https://beththebakerr.com/products/oatmeal-raisin-hell-copy?variant=51218560483492&_gsid=yaLYWarVsVCH&utm_source=shopify&utm_medium=catalog
dietary,cookies_gf,gluten free cookies gift,cravory-corporate.myshopify.com,Goody,Gluten Free Chocolate Chip Gift Box,1880,1880,1,Size,,gluten,https://cravory-corporate.myshopify.com/products/gluten-free-chocolate-chip-gift-box?variant=45050366755062&_gsid=yaLYWarVsVCH&utm_source=shopify&utm_medium=catalog
dietary,cookies_gf,gluten free cookies gift,monicas-gourmet-cookies.myshopify.com,Monica's Gourmet Cookies,Monica's Gourmet Gluten-Free Mix,4500,4500,1,,custom,gluten,https://monicasgourmet.com/products/gluten-free-mix?variant=39577991741538&_gsid=yaLYWarVsVCH&utm_source=shopify&utm_medium=catalog
dietary,cookies_gf,gluten free cookies gift,https-cookiebouquets-com.myshopify.com,Cookie Bouquets,Gluten Free Classic White Cookie Box,1395,1395,1,Cookie quantity,,gluten,https://cookiebouquets.com/products/gluten-free-classic-white-cookie-box?variant=41847679221858&_gsid=yaLYWarVsVCH&utm_source=shopify&utm_medium=catalog
dietary,cookies_gf,gluten free cookies gift,choczero.myshopify.com,ChocZero,Vanilla Wafer Cookies,899,899,1,,,gluten,https://www.choczero.com/products/vanilla-wafer-cookies?variant=44640114475208&_gsid=yaLYWarVsVCH&utm_source=shopify&utm_medium=catalog
dietary,cookies_gf,gluten free cookies gift,choczero.myshopify.com,ChocZero,Dunkies Vanilla Sandwich Cookies,999,999,1,,,gluten,https://www.choczero.com/products/golden-sugar-free-sandwich-cookies?variant=43159781834952&_gsid=yaLYWarVsVCH&utm_source=shopify&utm_medium=catalog
dietary,cookies_gf,gluten free cookies gift,aee66e.myshopify.com,Bee Well Bakery LLC,"Gluten Free Coconut Sugar Cookie, Dairy Free, Egg Free, Nut Free, Oat Free, Organic, Gum Free, Vegan, Birthday Gift, Holiday Cookie Exchange",7500,7500,1,Coconut sugar cookie packages; Sprinkle option,,gluten; dairy free; nut free; vegan,https://beewellbakery.net/products/no-refined-coconut-sugar-cookie-gluten-03184?variant=53217569177909&_gsid=yaLYWarVsVCH&utm_source=shopify&utm_medium=catalog
dietary,cookies_gf,gluten free cookies gift,choczero.myshopify.com,ChocZero,Dunkies Chocolate Sandwich Cookies,999,999,1,,,gluten,https://www.choczero.com/products/keto-sandwich-cookies?variant=43159772135624&_gsid=yaLYWarVsVCH&utm_source=shopify&utm_medium=catalog
dietary,cookies_gf,gluten free cookies gift,vin-chet-bakery.myshopify.com,Vin-Chet Bakery,Assorted Cookie Box 1lb.,2500,2500,1,,,gluten,https://vin-chet-bakery.myshopify.com/products/assorted-cookie-box?variant=37907716309163&_gsid=yaLYWarVsVCH&utm_source=shopify&utm_medium=catalog
dietary,cookies_gf,gluten free cookies gift,thecookiecrate1.myshopify.com,The Cookie Crate,BUILD MY OWN DOZEN,4325,4325,1,Flavors,custom,gluten,https://thecookiecrate.com/products/build-your-own-dozen?variant=51940113776925&_gsid=yaLYWarVsVCH&utm_source=shopify&utm_medium=catalog
dietary,cookies_gf,gluten free cookies gift,bellscookieco.myshopify.com,Bell's Cookies™,The Gluten Free + Vegan,3199,3199,1,,,gluten; vegan,https://www.bellscookies.com/products/the-vegan-gf?variant=46717303292118&_gsid=yaLYWarVsVCH&utm_source=shopify&utm_medium=catalog
dietary,cookies_gf,gluten free cookies gift,oreo-prod.myshopify.com,OREO,Gluten Free Chocolate Sandwich Cookies,529,529,1,Size,,gluten,https://shop.oreo.com/products/oreo-gluten-free?variant=41308788686982&_gsid=yaLYWarVsVCH&utm_source=shopify&utm_medium=catalog
dietary,cookies_gf,gluten free cookies gift,aee66e.myshopify.com,Bee Well Bakery LLC,"Gluten Free White Chocolate Chip Cookies, Dairy Free, Egg Free, Vegan, Nut Free, Kids Birthday Party, Low Sugar, Back to School Safe snack",2500,2500,1,Cookie package; White chocolate chip cookie sugar option,,gluten; dairy free; vegan; nut free; allerg,https://beewellbakery.net/products/gluten-free-cookies-white-chocolate-09955?variant=49920580813109&_gsid=yaLYWarVsVCH&utm_source=shopify&utm_medium=catalog
dietary,cookies_gf,gluten free cookies gift,buycheapcentral.myshopify.com,BuyCheapCentral.com,"Pamela's Gluten-Free Pecan Shortbread Cookies, 6-Pack",5571,5571,1,,,gluten,https://buycheapcentral.com/products/pamelas-gluten-free-pecan-shortbread-cookies-6-pack?variant=51282808799551&_gsid=yaLYWarVsVCH&utm_source=shopify&utm_medium=catalog
dietary,cookies_gf,gluten free cookies gift,choczero.myshopify.com,ChocZero,White Chocolate Jolies,999,999,1,,,gluten,https://www.choczero.com/products/white-chocolate-sandwich-cookies?variant=44637784539336&_gsid=yaLYWarVsVCH&utm_source=shopify&utm_medium=catalog
dietary,cookies_gf,gluten free cookies gift,choczero.myshopify.com,ChocZero,Dunkies 2 Pack Bundle,1798,1798,1,,,gluten,https://www.choczero.com/products/dunkies-sandwich-cookie-sampler-pack?variant=43932619571400&_gsid=yaLYWarVsVCH&utm_source=shopify&utm_medium=catalog
dietary,cookies_gf,gluten free cookies gift,k07ked-t5.myshopify.com,Tate's Bake Shop,Gluten Free Oatmeal Raisin Cookies,1800,1800,1,Count,,gluten,https://shop.tatesbakeshop.com/products/gluten-free-oatmeal-raisin-cookies?variant=44626537709602&_gsid=yaLYWarVsVCH&utm_source=shopify&utm_medium=catalog
dietary,cookies_gf,gluten free cookies gift,v20dfp-u0.myshopify.com,Five Frogs Farm,Gluten-Free Cookie Box - Best Gluten Free Cookies Online,3600,3600,1,Size,,gluten,https://fivefrogsfarm.com/products/gluten-free-cookie-box-fresh-baked-cookies-five-frogs-farm?variant=52591928574251&_gsid=yaLYWarVsVCH&utm_source=shopify&utm_medium=catalog
dietary,cookies_gf,gluten free cookies gift,claudios-kitchen.myshopify.com,Claudio's Kitchen,Pignoli Cookies,1299,1299,1,,,gluten; dairy free,https://claudioskitchennyc.com/products/pignoli-cookies?variant=46927114240251&_gsid=yaLYWarVsVCH&utm_source=shopify&utm_medium=catalog
dietary,cookies_gf,gluten free cookies gift,circos-bakery.myshopify.com,Circo's Pastry Shop,Pignoli (1 Lb. Box),4400,4400,1,,,gluten,https://circospastryshop.com/products/pignoli-1-lb-box?variant=48701038733&_gsid=yaLYWarVsVCH&utm_source=shopify&utm_medium=catalog
dietary,cookies_gf,gluten free cookies gift,bakedcravings.myshopify.com,Baked Cravings,OG Gluten-Free Cookie Gift Box,6900,6900,1,,,gluten,https://www.bakedcravings.com/products/gluten-free-snickerdoodle-cookie-gift-box?variant=46117401034987&_gsid=yaLYWarVsVCH&utm_source=shopify&utm_medium=catalog
dietary,cookies_gf,gluten free cookies gift,v20dfp-u0.myshopify.com,Five Frogs Farm,Gluten-Free Cookie Sampler – 4 Classic Flavors,2300,2300,1,Sampler size,,gluten,https://fivefrogsfarm.com/products/gluten-free-cookies-sampler-4-pack?variant=51350399451435&_gsid=yaLYWarVsVCH&utm_source=shopify&utm_medium=catalog
dietary,cookies_gf,gluten free cookies gift,east-coast-bakes.myshopify.com,East Coast Bakes,Gluten Free Rainbow Cookies,1695,1695,1,Size of order,,gluten,https://eastcoastbakes.com/products/gluten-free-rainbow-cookies?variant=40580082073652&_gsid=yaLYWarVsVCH&utm_source=shopify&utm_medium=catalog
dietary,cookies_gf,gluten free cookies gift,6ce582-5.myshopify.com,Sweet Addison's,Addison's Favorites,7200,7200,1,,,gluten; dairy-free; vegan,https://sweetaddisons.com/products/addisons-favorites?variant=42426568474672&_gsid=yaLYWarVsVCH&utm_source=shopify&utm_medium=catalog
dietary,cookies_gf,gluten free cookies gift,wow-baking.myshopify.com,WOW Baking Company,"Gluten-Free Strawberries & Cream, Individually Wrapped, Bakery (12 Pack)",3588,3588,1,,,gluten,https://wowbaking.com/products/gluten-free-strawberries-and-cream-individually-wrapped-bakery-12-pack?variant=42577372741810&_gsid=yaLYWarVsVCH&utm_source=shopify&utm_medium=catalog
dietary,cookies_gf,gluten free cookies gift,k07ked-t5.myshopify.com,Tate's Bake Shop,Gluten Free Lemon Cookies,1500,1500,1,Count,,gluten,https://shop.tatesbakeshop.com/products/gluten-free-lemon-cookies?variant=43832122638370&_gsid=yaLYWarVsVCH&utm_source=shopify&utm_medium=catalog
dietary,cookies_gf,gluten free cookies gift,mariposabaking-4.myshopify.com,Mariposa Baking Co.,"""I Love You !"" Gift Set",5000,5000,1,,,gluten,https://www.mariposabaking.com/products/i-love-u-gift-set?variant=44656051192041&_gsid=yaLYWarVsVCH&utm_source=shopify&utm_medium=catalog
dietary,cookies_gf,gluten free cookies gift,aee66e.myshopify.com,Bee Well Bakery LLC,"Gluten Free Black White Cookies, Dairy Free, Vegan, Nut Free, Birthday Gift, NY Style snacks, July 4th Celebration, School Safe, Graduation",3000,3000,1,Black & white cookie package; Colors,,gluten; dairy free; vegan; nut free; allerg,https://beewellbakery.net/products/black-and-white-cookie-gluten-free-egg-83625?variant=52492834242869&_gsid=yaLYWarVsVCH&utm_source=shopify&utm_medium=catalog
dietary,cookies_gf,gluten free cookies gift,bonjourbakehouse.myshopify.com,Bonjour Bakehouse,Gluten Free - Chocolate,4200,4200,1,Box size,,gluten,https://bonjourbakehouse.com/products/gluten-free-chocolate-cookies?variant=31220369621037&_gsid=yaLYWarVsVCH&utm_source=shopify&utm_medium=catalog
dietary,cookies_gf,gluten free cookies gift,danas-bakery.myshopify.com,Dana's Bakery,Cookie Variety Box of 5,3500,3500,1,,,gluten,https://danasbakery.com/products/cookie-variety-box-of-5?variant=45542255755560&_gsid=yaLYWarVsVCH&utm_source=shopify&utm_medium=catalog
dietary,cookies_gf,gluten free cookies gift,true-delicious.myshopify.com,True Delicious,Gluten Free Ingredients Almond Biscotti,950,950,1,,,gluten,https://truedelicious.com/products/gluten-free-almond-biscotti?variant=23694238089274&_gsid=yaLYWarVsVCH&utm_source=shopify&utm_medium=catalog
dietary,chocolate_nutfree,nut free chocolate gift box,vermont-nut-free-chocolates.myshopify.com,Vermont Nut Free Chocolates,Grand Assortment,1895,1895,1,Size,,nut-free; nut free,https://www.vermontnutfree.com/products/grand-assortment?variant=41633675280565&_gsid=M9PnfjN11nL9&utm_source=shopify&utm_medium=catalog
dietary,chocolate_nutfree,nut free chocolate gift box,vermont-nut-free-chocolates.myshopify.com,Vermont Nut Free Chocolates,Birthday Gift Box,6595,6595,1,,,nut-free; allerg,https://www.vermontnutfree.com/products/birthday-gift-box?variant=41602077982901&_gsid=M9PnfjN11nL9&utm_source=shopify&utm_medium=catalog
dietary,chocolate_nutfree,nut free chocolate gift box,bonbonbonchoc.myshopify.com,Bon Bon Bon,Avoids Nuts Box of Bons,2100,2100,1,Box size,,allerg,https://bonbonbon.com/products/avoids-nuts-box-of-bons?variant=45653265219903&_gsid=M9PnfjN11nL9&utm_source=shopify&utm_medium=catalog
dietary,chocolate_nutfree,nut free chocolate gift box,vermont-nut-free-chocolates.myshopify.com,Vermont Nut Free Chocolates,Truffle Assortment,1995,1995,1,Flavor; Size,,nut-free,https://www.vermontnutfree.com/products/truffle-assortment?variant=41612794527925&_gsid=M9PnfjN11nL9&utm_source=shopify&utm_medium=catalog
dietary,chocolate_nutfree,nut free chocolate gift box,vermont-nut-free-chocolates.myshopify.com,Vermont Nut Free Chocolates,Crispy Cups,1395,1395,1,Size,,,https://www.vermontnutfree.com/products/crispy-cups?variant=41633802518709&_gsid=M9PnfjN11nL9&utm_source=shopify&utm_medium=catalog
dietary,chocolate_nutfree,nut free chocolate gift box,tcho-ventures.myshopify.com,TCHO Chocolate,Dark & Milk Chocolate Gift Box,3999,3999,1,Size,,,https://tcho.com/products/dark-milk-chocolate-gift-box?variant=41259416518742&_gsid=M9PnfjN11nL9&utm_source=shopify&utm_medium=catalog
dietary,chocolate_nutfree,nut free chocolate gift box,dominique-ansel-online.myshopify.com,Dominique Ansel Online,4pc Chocolate-Covered Nuts Gift Box,7500,7500,1,,,,https://dominiqueanselonline.com/products/chocolate-covered-nuts-choose-from-6-flavors?variant=44080061743355&_gsid=M9PnfjN11nL9&utm_source=shopify&utm_medium=catalog
dietary,chocolate_nutfree,nut free chocolate gift box,chocolatetrial.myshopify.com,Compartes Chocolatier | Gourmet Chocolate Gifts,Vegan Dark Chocolate Assortment Gift Box,7000,7000,1,Style; Size,,vegan,https://compartes.com/products/vegan-dark-chocolate-gourmet-chocolates-assortment?variant=13851564343362&_gsid=M9PnfjN11nL9&utm_source=shopify&utm_medium=catalog
dietary,chocolate_nutfree,nut free chocolate gift box,bc1b45-6d.myshopify.com,Maison Noten,Classic Box,4900,4900,1,,,,https://www.maisonnoten.com/products/bonbon-box-of-12?variant=44223454478435&_gsid=M9PnfjN11nL9&utm_source=shopify&utm_medium=catalog
dietary,chocolate_nutfree,nut free chocolate gift box,chocorush.myshopify.com,Bar & Cocoa,Chocolate Bars of the World Gift Box,10900,10900,1,Type; Mixed or plain?,,,https://barandcocoa.com/products/chocolate-gift-boxes?variant=36143440855194&_gsid=M9PnfjN11nL9&utm_source=shopify&utm_medium=catalog
dietary,chocolate_nutfree,nut free chocolate gift box,honey-acres.myshopify.com,Honey Acres,GIFT BOX - Dark Chocolate Honey,1500,1500,1,,,allerg,https://honeyacres.com/products/hex-gift-box?variant=31731257114666&_gsid=M9PnfjN11nL9&utm_source=shopify&utm_medium=catalog
dietary,chocolate_nutfree,nut free chocolate gift box,bc1b45-6d.myshopify.com,Maison Noten,Prestige Box,8900,8900,1,,,,https://www.maisonnoten.com/products/bonbon-box-of-24?variant=44223454543971&_gsid=M9PnfjN11nL9&utm_source=shopify&utm_medium=catalog
dietary,chocolate_nutfree,nut free chocolate gift box,vermont-nut-free-chocolates.myshopify.com,Vermont Nut Free Chocolates,Raisin Clusters,1395,1395,1,Size,,,https://www.vermontnutfree.com/products/raisin-clusters?variant=41602135687349&_gsid=M9PnfjN11nL9&utm_source=shopify&utm_medium=catalog
dietary,chocolate_nutfree,nut free chocolate gift box,bc1b45-6d.myshopify.com,Maison Noten,Petite Box,3400,3400,1,,,,https://www.maisonnoten.com/products/bonbon-box-of-8?variant=44223454412899&_gsid=M9PnfjN11nL9&utm_source=shopify&utm_medium=catalog
dietary,chocolate_nutfree,nut free chocolate gift box,jeffreynuts.myshopify.com,Oh! Nuts,"""Heart"" Non-Dairy Chocolate Truffle Gift Box - 18Pc.",4799,4799,1,,,,https://ohnuts.com/products/heart-non-dairy-chocolate-truffle-gift-box-18pc?variant=46946520498399&_gsid=M9PnfjN11nL9&utm_source=shopify&utm_medium=catalog
dietary,chocolate_nutfree,nut free chocolate gift box,bc1b45-6d.myshopify.com,Maison Noten,The Mosaic Box,4900,4900,1,,,,https://www.maisonnoten.com/products/the-mosaic-box?variant=44238676066403&_gsid=M9PnfjN11nL9&utm_source=shopify&utm_medium=catalog
dietary,chocolate_nutfree,nut free chocolate gift box,vermont-nut-free-chocolates.myshopify.com,Vermont Nut Free Chocolates,Pretzel Caramel Bark,2795,2795,1,Size,,nut free,https://www.vermontnutfree.com/products/pretzel-caramel-bark?variant=41604921524405&_gsid=M9PnfjN11nL9&utm_source=shopify&utm_medium=catalog
dietary,chocolate_nutfree,nut free chocolate gift box,vermont-nut-free-chocolates.myshopify.com,Vermont Nut Free Chocolates,Skippers®,1395,1395,1,Flavor; Size,,nut-free,https://www.vermontnutfree.com/products/skippers?variant=41600403472565&_gsid=M9PnfjN11nL9&utm_source=shopify&utm_medium=catalog
dietary,chocolate_nutfree,nut free chocolate gift box,bc1b45-6d.myshopify.com,Maison Noten,Grand Box,6900,6900,1,,,,https://www.maisonnoten.com/products/bonbon-box-of-18?variant=44223454511203&_gsid=M9PnfjN11nL9&utm_source=shopify&utm_medium=catalog
dietary,chocolate_nutfree,nut free chocolate gift box,testmamancheckout.myshopify.com,Maman Retail & E-Comm ,nut-free classic chocolate chip cookie gift box,3500,3500,1,Choose cookies,,nut-free,https://shop.mamannyc.com/products/nut-free-classic-chocolate-chip-cookie-gift-box?variant=47701523398834&_gsid=M9PnfjN11nL9&utm_source=shopify&utm_medium=catalog
dietary,chocolate_nutfree,nut free chocolate gift box,chocolatetrial.myshopify.com,Compartes Chocolatier | Gourmet Chocolate Gifts,Dark Chocolate Covered Nuts Assortment,13700,13700,1,Gift box size; Gift box style,,,https://compartes.com/products/chocolate-covered-nuts-gourmet-chocolates-gift?variant=17017115525&_gsid=M9PnfjN11nL9&utm_source=shopify&utm_medium=catalog
dietary,chocolate_nutfree,nut free chocolate gift box,marble-steel-craft-chocolates.myshopify.com,Marble & Steel Craft Chocolates,6 Piece Bonbon Gift Box,2000,2000,1,Assortment option,,,https://marbleandsteelcraftchocolates.com/products/6piece-gift-box?variant=41084747055303&_gsid=M9PnfjN11nL9&utm_source=shopify&utm_medium=catalog
dietary,chocolate_nutfree,nut free chocolate gift box,valerieconfctns.myshopify.com,Valerie Confections,Baby Grand Assortment,6000,6000,1,,,,https://valerieconfections.com/products/baby-grand-assortment-wirecutter-best-chocolate-box?variant=2087461224472&_gsid=M9PnfjN11nL9&utm_source=shopify&utm_medium=catalog
dietary,chocolate_nutfree,nut free chocolate gift box,thenuthouseusa.myshopify.com,The Nut House,Chocolate Box,3300,3300,1,,,,https://www.thenuthouseusa.com/products/chocolate-box-4?variant=49876777304354&_gsid=M9PnfjN11nL9&utm_source=shopify&utm_medium=catalog
dietary,chocolate_nutfree,nut free chocolate gift box,bc1b45-6d.myshopify.com,Maison Noten,The Nut Duo,6800,6800,1,,,,https://www.maisonnoten.com/products/the-nut-duo?variant=44223454675043&_gsid=M9PnfjN11nL9&utm_source=shopify&utm_medium=catalog
dietary,chocolate_nutfree,nut free chocolate gift box,c9a2f6-09.myshopify.com,Sweet Vegan Chocolates,Indulgence Vegan Chocolate Truffles 15-PC Gift Box,7699,7699,1,,,vegan,https://sweetvegan.nyc/products/indulgence-15-pc-chocolate-gift-box?variant=41506082455663&_gsid=M9PnfjN11nL9&utm_source=shopify&utm_medium=catalog
dietary,chocolate_nutfree,nut free chocolate gift box,39b8fa.myshopify.com,Ben B Coco,25pc Bon Bons Box,8990,8990,1,,,,https://benbcoco.com/products/25pc-bon-bons-box?variant=46550755639583&_gsid=M9PnfjN11nL9&utm_source=shopify&utm_medium=catalog
dietary,chocolate_nutfree,nut free chocolate gift box,bc1b45-6d.myshopify.com,Maison Noten,The Discovery Quartet,11200,11200,1,,,,https://www.maisonnoten.com/products/the-discovery-quartet?variant=44223454838883&_gsid=M9PnfjN11nL9&utm_source=shopify&utm_medium=catalog
dietary,chocolate_nutfree,nut free chocolate gift box,vermont-nut-free-chocolates.myshopify.com,Vermont Nut Free Chocolates,"""Best Sellers"" Gift Basket",8595,8595,1,,,,https://www.vermontnutfree.com/products/best-sellers-gift-basket?variant=41633855406261&_gsid=M9PnfjN11nL9&utm_source=shopify&utm_medium=catalog
dietary,chocolate_nutfree,nut free chocolate gift box,spokandy-chocolatier.myshopify.com,Spokandy Chocolatier,8 pc Sugar Free Premium Assorted Gift Box,1500,1500,1,,,,https://spokandy.com/products/8-pc-sugar-free-premium-assorted-gift-box?variant=1741019283477&_gsid=M9PnfjN11nL9&utm_source=shopify&utm_medium=catalog
dietary,chocolate_nutfree,nut free chocolate gift box,lenlibby.myshopify.com,Len Libby Candies,Sugar Free Assorted Gift Box,2050,2050,1,,,,https://www.lenlibby.com/products/sugar-free-assorted-gift-box?variant=32665478135888&_gsid=M9PnfjN11nL9&utm_source=shopify&utm_medium=catalog
dietary,chocolate_nutfree,nut free chocolate gift box,vermont-nut-free-chocolates.myshopify.com,Vermont Nut Free Chocolates,Caramels,1495,1495,1,Flavor; Size,,nut-free; allerg,https://www.vermontnutfree.com/products/caramels?variant=41613391134901&_gsid=M9PnfjN11nL9&utm_source=shopify&utm_medium=catalog
dietary,chocolate_nutfree,nut free chocolate gift box,vermont-nut-free-chocolates.myshopify.com,Vermont Nut Free Chocolates,Sea Salt Caramels,2595,2595,1,Occasion,,nut-free,https://www.vermontnutfree.com/products/sea-salt-caramels?variant=41531438530741&_gsid=M9PnfjN11nL9&utm_source=shopify&utm_medium=catalog
dietary,chocolate_nutfree,nut free chocolate gift box,andres.myshopify.com,André’s Confiserie Suisse,Best Sellers Gift Boxes,6500,6500,1,Choose size,,,https://andreschocolates.com/products/best-sellers-gift-box?variant=32493893812273&_gsid=M9PnfjN11nL9&utm_source=shopify&utm_medium=catalog
dietary,chocolate_nutfree,nut free chocolate gift box,roycechocolate.myshopify.com,ROYCE' Chocolate,ROYCE' Premium Nama Chocolate Collection,13999,13999,1,,,,https://roycechocolate.com/products/royce-premium-nama-chocolate-collection?variant=42569102524623&_gsid=M9PnfjN11nL9&utm_source=shopify&utm_medium=catalog
dietary,chocolate_nutfree,nut free chocolate gift box,normanloveconfections-com.myshopify.com,Norman Love Confections,10 Piece Signature Gift Box,3200,3200,1,,,,https://normanloveconfections.com/products/10pc-signature-chocolate-gift-box?variant=41879072669781&_gsid=M9PnfjN11nL9&utm_source=shopify&utm_medium=catalog
dietary,chocolate_nutfree,nut free chocolate gift box,vermont-nut-free-chocolates.myshopify.com,Vermont Nut Free Chocolates,Toffee Crunch Bark,2395,2395,1,Flavor,,allerg,https://www.vermontnutfree.com/products/toffee-crunch-bark?variant=41611133419701&_gsid=M9PnfjN11nL9&utm_source=shopify&utm_medium=catalog
dietary,chocolate_nutfree,nut free chocolate gift box,choczero.myshopify.com,ChocZero,White Chocolate Coconut Royal Truffles,1049,1049,1,Size,,,https://www.choczero.com/products/gluten-free-white-chocolate-truffles?variant=44715349115080&_gsid=M9PnfjN11nL9&utm_source=shopify&utm_medium=catalog
dietary,chocolate_nutfree,nut free chocolate gift box,poppy-peep.myshopify.com,Poppy & Peep,6 Piece Bonbon Box,2800,2800,1,Bonbon box options,,,https://poppyandpeep.com/products/6-piece?variant=39408221814959&_gsid=M9PnfjN11nL9&utm_source=shopify&utm_medium=catalog
dietary,chocolate_nutfree,nut free chocolate gift box,bedford-candies.myshopify.com,Bedford Candies ,GIFT BOX - SUGAR FREE - CASHEW CLUSTERS,700,700,1,,,,https://bedfordcandies.com/products/gift-box-sugar-free-cashew-clusters?variant=44356986700010&_gsid=M9PnfjN11nL9&utm_source=shopify&utm_medium=catalog
dietary,chocolate_nutfree,nut free chocolate gift box,h3p6iy-se.myshopify.com,BrewNest,"Nut Clusters Chocolate Gift Box - Assorted Caramel Brittles, Pecan Patties, Almond & Cashew Clusters, Kosher Dairy Free Nuts and Chocolates Basket, Dark Chocolate Covered Nuts Holiday Baskets Gifts",10099,10099,1,,,kosher; dairy free,https://www.brew-nestshop.com/products/b07kyx75qx?variant=43876617027635&_gsid=M9PnfjN11nL9&utm_source=shopify&utm_medium=catalog
dietary,chocolate_nutfree,nut free chocolate gift box,rztwwa-i1.myshopify.com,Hearthstone Café,"Vermont Nut Free Chocolates Hanukkah Grand Assortment – Kosher, Nut Free Gourmet Chocolate Gift Box with Truffles, Caramels, Buttercreams & More (4.5 oz)",4792,4792,1,,,nut free; kosher; nut-free; allerg,https://hyun-22.myshopify.com/products/b07ztrrnzy?variant=47507664109620&_gsid=M9PnfjN11nL9&utm_source=shopify&utm_medium=catalog
dietary,chocolate_nutfree,nut free chocolate gift box,roycechocolate.myshopify.com,ROYCE' Chocolate,ROYCE' Signature Nama Chocolate Collection,11999,11999,1,,,,https://roycechocolate.com/products/royce-signature-nama-chocolate-collection?variant=39629114867919&_gsid=M9PnfjN11nL9&utm_source=shopify&utm_medium=catalog
dietary,chocolate_nutfree,nut free chocolate gift box,rztwwa-i1.myshopify.com,Hearthstone Café,"Vermont Nut Free Chocolates Candy Cane Box of Truffles – Nut Free & Kosher Gourmet Chocolate Holiday Gift Box (8 Pieces, 5.25 oz)",4792,4792,1,,,nut free; kosher; nut-free,https://hyun-22.myshopify.com/products/b07ztpc81h?variant=47507664633908&_gsid=M9PnfjN11nL9&utm_source=shopify&utm_medium=catalog
dietary,chocolate_nutfree,nut free chocolate gift box,n8pg9f-es.myshopify.com,Nuts Factory,Premium Chocolate Covered Nuts Gift Box - 7-Section Variety Platter,2999,2999,1,,,,https://www.nutsfactory.com/products/premium-chocolate-covered-nuts-gift-box-7-section-variety-platter?variant=46500929142945&_gsid=M9PnfjN11nL9&utm_source=shopify&utm_medium=catalog
dietary,chocolate_nutfree,nut free chocolate gift box,jeffreynuts.myshopify.com,Oh! Nuts,"""Happy Birthday"" Non-Dairy Chocolate Truffle Gift Box - 18Pc.",4799,4799,1,,,,https://ohnuts.com/products/happy-birthday-non-dairy-chocolate-truffle-gift-box-18pc?variant=46946519711967&_gsid=M9PnfjN11nL9&utm_source=shopify&utm_medium=catalog
dietary,chocolate_nutfree,nut free chocolate gift box,maui-ku-ia-estate-chocolate-inc.myshopify.com,Maui Kuʻia Estate Chocolate,Dark Milk Chocolate OMG Experience Deluxe Gift Box,6500,6500,1,,,,https://mauichocolate.com/products/dark-milk-chocolate-omg-deluxe-gift-box?variant=44235608522982&_gsid=M9PnfjN11nL9&utm_source=shopify&utm_medium=catalog
dietary,chocolate_nutfree,nut free chocolate gift box,chocolatetrial.myshopify.com,Compartes Chocolatier | Gourmet Chocolate Gifts,Milk Chocolate Covered Nuts Assortment,7200,7200,1,Gift box size; Gift box style,,gluten,https://compartes.com/products/milk-chocolate-covered-nuts-assortment?variant=40352516898882&_gsid=M9PnfjN11nL9&utm_source=shopify&utm_medium=catalog
dietary,chocolate_nutfree,nut free chocolate gift box,vermont-nut-free-chocolates.myshopify.com,Vermont Nut Free Chocolates,Milk Chocolate Sun Blossoms®,3250,3250,1,Size,,,https://www.vermontnutfree.com/products/milk-chocolate-sun-blossoms%C2%AE?variant=41602407202997&_gsid=M9PnfjN11nL9&utm_source=shopify&utm_medium=catalog
dietary,chocolate_nutfree,nut free chocolate gift box,vermont-nut-free-chocolates.myshopify.com,Vermont Nut Free Chocolates,Large Gift Basket,16595,16595,1,,,,https://www.vermontnutfree.com/products/large-gift-basket?variant=41600468320437&_gsid=M9PnfjN11nL9&utm_source=shopify&utm_medium=catalog
occasion,wedding,wedding favors for guests,happytimestr.myshopify.com,Happy Times Favors,"Wedding Cini Bowl Favors for Guests in Bulk, Rustic Personalized Wedding Gift Favors, Candy Boxes for Favor, Turkey Cini Tile, Bohemian Favor",219,219,1,Options,personaliz,,https://www.happytimesfavors.com/products/wedding-bowl-tile-favors-for-guests-in-bulk-rustic-personalized-wedding-gift-favors-candy-boxes-for-favor-turkey-tile-bohemian-favor?variant=47309660815612&_gsid=nbauuFhvmc1R&utm_source=shopify&utm_medium=catalog
occasion,wedding,wedding favors for guests,dahliawb.myshopify.com,Dahlia Weddings and Baptisms,Everlasting Bloom Wedding Favor,525,525,1,Options; Tag,,,https://www.dahliaweddingsandbaptisms.com/products/everlasting-bloom-wedding-favor-1?variant=42452773437522&_gsid=nbauuFhvmc1R&utm_source=shopify&utm_medium=catalog
occasion,wedding,wedding favors for guests,dahliawb.myshopify.com,Dahlia Weddings and Baptisms,Forever Wedding Favor | Ivory,425,425,1,Tag,,,https://www.dahliaweddingsandbaptisms.com/products/forever-ivory-bomboniera-wedding-favors?variant=40204108169298&_gsid=nbauuFhvmc1R&utm_source=shopify&utm_medium=catalog
occasion,wedding,wedding favors for guests,happytimestr.myshopify.com,Happy Times Favors,"Personalized Wedding Favors for Guests, Rustic Candle Favors, Bridal Shower Tealight Holders, Thank You Favor, Floral Wooden Wedding Favor",299,299,1,,personaliz; custom; engrav,,https://www.happytimesfavors.com/products/personalized-wedding-favors-for-guests-rustic-candle-favors-bridal-shower-tealight-holders-thank-you-favor-floral-wooden-wedding-favor?variant=45758827495676&_gsid=nbauuFhvmc1R&utm_source=shopify&utm_medium=catalog
occasion,wedding,wedding favors for guests,vgyypu-v8.myshopify.com,Vera Nest Home,Wedding Favors for Guests 80 Pack Small Ceramic Bowls Bulk Set | 3.3 Inch Green Verdure Mini Dipping Bowl Sauce Dish with Cards & Box for Party Shower Souvenir,18899,18899,1,Quantity,,,https://veranesthome.com/products/wedding-favors-80-pack-ceramic-bowls-bulk-party-gift-set?variant=46930828656828&_gsid=nbauuFhvmc1R&utm_source=shopify&utm_medium=catalog
occasion,wedding,wedding favors for guests,thehoneyjar2024.myshopify.com,The Honey Jar,Meadow Wedding Bridal Shower Favors - 2 oz Clover Honey - Set of 10,2400,2400,1,Dippers (+$2.00 per set); Charms,personaliz,,https://thehoneyjarhome.com/products/meadow-wedding-bridal-shower-favors-2-oz-clover-honey-set-of-10?variant=46144400392438&_gsid=nbauuFhvmc1R&utm_source=shopify&utm_medium=catalog
occasion,wedding,wedding favors for guests,dahliawb.myshopify.com,Dahlia Weddings and Baptisms,Joined Together Wedding Favor,400,400,1,Options; Tag,,,https://www.dahliaweddingsandbaptisms.com/products/joined-together-wedding-favors-white?variant=39468253413458&_gsid=nbauuFhvmc1R&utm_source=shopify&utm_medium=catalog
occasion,wedding,wedding favors for guests,u39dsr-q2.myshopify.com,Hubssense,Skyygemm 50 Sets Wedding Party Favors for Guests Include We Got It Write Wood Bamboo Pens Bookmarks with Tassel Thank You Cards with Bag Wedding Favors Welcome Bag Stuffers for Bridal Shower Party,7195,7195,1,,,,https://hubssense.com/products/skyygemm-50-sets-wedding-party-favors-for-guests-include-we-got-it-write-wood-bamboo-pens-bookmarks-with-tassel-thank-you-cards-with-bag-wedding-favors-welcome-bag-stuffers-for-bridal-shower-party?variant=51714248212754&_gsid=nbauuFhvmc1R&utm_source=shopify&utm_medium=catalog
occasion,wedding,wedding favors for guests,63b9a3-61.myshopify.com,Custom Empire,Personalized Wood Slice Wedding Favor,990,990,1,Buy more & save!,personaliz; custom; engrav,,https://www.customempireshop.com/products/personalized-wood-slice-wedding-favor?variant=47726289387763&_gsid=nbauuFhvmc1R&utm_source=shopify&utm_medium=catalog
occasion,wedding,wedding favors for guests,happytimestr.myshopify.com,Happy Times Favors,"Wedding Favors for Guests, Handmade Soap Favors, Natural Scented Soap, Bridal Shower Favors",159,159,1,,personaliz,,https://www.happytimesfavors.com/products/wedding-favors-for-guests-handmade-soap-favors-natural-scented-soap-bridal-shower-favors-4?variant=47251412123900&_gsid=nbauuFhvmc1R&utm_source=shopify&utm_medium=catalog
occasion,wedding,wedding favors for guests,dahliawb.myshopify.com,Dahlia Weddings and Baptisms,Garden of Love Wedding Favor,400,400,1,Tag,,,https://www.dahliaweddingsandbaptisms.com/products/garden-of-love-wedding-favor?variant=42109357817938&_gsid=nbauuFhvmc1R&utm_source=shopify&utm_medium=catalog
occasion,wedding,wedding favors for guests,by8x1s-ny.myshopify.com,Sophie's Office Supplies,Skyygemm 50 Sets Wedding Party Favors for Guests Include We Got It Write Wood Bamboo Pens Bookmarks with Tassel Thank You Cards with Bag Wedding Favors Welcome Bag Stuffers for Bridal Shower Party,5918,5918,1,,,,https://sophieofficesupplies.com/products/b0f2f3qbr8?variant=44523520950314&_gsid=nbauuFhvmc1R&utm_source=shopify&utm_medium=catalog
occasion,wedding,wedding favors for guests,best-day-ever-spot.myshopify.com,Best Day Ever Spot,"Wedding Favors for Guests in Bulk, Wedding Favors Hand Lotion, Hand Drawn Wedding Icon Pattern Sketch",198,198,1,,personaliz,,https://www.bestdayeverspot.com/products/wedding-favors-for-guests-in-bulk-wedding-favors-hand-lotion-hand-drawn-wedding-icon-pattern-sketch?variant=44952829526187&_gsid=nbauuFhvmc1R&utm_source=shopify&utm_medium=catalog
occasion,wedding,wedding favors for guests,happytimestr.myshopify.com,Happy Times Favors,"Wedding Favors for Guests, Natural Soap, Bridal Shower, Rustic Wedding Guest Gifts",139,139,1,,custom; personaliz,,https://www.happytimesfavors.com/products/wedding-favors-for-guests-natural-soap-bridal-shower-rustic-wedding-guest-gifts-1?variant=47249734500604&_gsid=nbauuFhvmc1R&utm_source=shopify&utm_medium=catalog
occasion,wedding,wedding favors for guests,southern-candymakers.myshopify.com,Southern Candymakers - (504) 523-5544,Wedding Favors with Seal & Coordinating Ribbon,495,495,1,Size; Packaging; Flavors,custom; personaliz,,https://southerncandymakers.com/products/seal-coordinating-ribbon?variant=29714021778&_gsid=nbauuFhvmc1R&utm_source=shopify&utm_medium=catalog
occasion,wedding,wedding favors for guests,happytimestr.myshopify.com,Happy Times Favors,"Wedding Soap Favors, Natural Handmade Soap, Personalized Gifts, Rustic Wedding, Wedding Guest Gifts",149,149,1,,personaliz,,https://www.happytimesfavors.com/products/wedding-soap-favors-natural-handmade-soap-personalized-gifts-wedding-guest-gifts-wedding-favors-rustic-wedding-2?variant=47276009652476&_gsid=nbauuFhvmc1R&utm_source=shopify&utm_medium=catalog
occasion,wedding,wedding favors for guests,25898e.myshopify.com,Personalized Guru,Personalized Wedding Guest Book Sign,8000,8000,1,Color; Size,personaliz; custom,,https://personalizedguru.com/products/wedding-guest-book-sign?variant=51385514623296&_gsid=nbauuFhvmc1R&utm_source=shopify&utm_medium=catalog
occasion,wedding,wedding favors for guests,happytimestr.myshopify.com,Happy Times Favors,"Bridal Shower Handmade Turkish Cini Porcelain Bowl Favors, Personalized Wedding Favors for Guests",219,219,1,Options,personaliz; custom,,https://www.happytimesfavors.com/products/bridal-shower-handmade-turkish-cini-porcelain-bowl-favors-personalized-wedding-favors-for-guests?variant=47309626147068&_gsid=nbauuFhvmc1R&utm_source=shopify&utm_medium=catalog
occasion,wedding,wedding favors for guests,vgyypu-v8.myshopify.com,Vera Nest Home,Crown Bottle Opener Wedding Favors 10 Sets 31pcs - Rose Gold Party Gift for Guests with Organza Bag Thank You Tag Twine for Bridal Shower Birthday Baby Shower Bar Kitchen,4999,4999,1,Color,,,https://veranesthome.com/products/crown-bottle-opener-wedding-favors-10-sets-rose-gold?variant=46931205554364&_gsid=nbauuFhvmc1R&utm_source=shopify&utm_medium=catalog
occasion,wedding,wedding favors for guests,dahliawb.myshopify.com,Dahlia Weddings and Baptisms,Love Shared Wedding Favor | White,385,385,1,Options; Tag,,,https://www.dahliaweddingsandbaptisms.com/products/new-wedding-favor-white?variant=42453549121618&_gsid=nbauuFhvmc1R&utm_source=shopify&utm_medium=catalog
occasion,wedding,wedding favors for guests,ujxpz1-m1.myshopify.com,CelebrateCove,Uiifan 100 Set Wedding Favors for Guest Coaster Gifts Bulk Heart Shaped Coasters Thank You Cards Organza Bags Guest Souvenirs for Wedding Party Bridal Favors,5699,5699,1,,,,https://celebratecove.com/products/b0d41fbx9f?variant=46266320584855&_gsid=nbauuFhvmc1R&utm_source=shopify&utm_medium=catalog
occasion,wedding,wedding favors for guests,sunnyboutiquemiami.myshopify.com,Sunny Boutique Miami,Personalized Fans Wedding Favors for Guest,5200,5200,1,Color; Set of,personaliz; custom,,https://sunnyboutiquemiami.com/products/personalized-fans-wedding-favors-for-guest?variant=47501523878111&_gsid=nbauuFhvmc1R&utm_source=shopify&utm_medium=catalog
occasion,wedding,wedding favors for guests,thehoneyjar2024.myshopify.com,The Honey Jar,Leaf Frame Wedding Bridal Shower Favors - 2 oz Clover Honey - Set of 10,2400,2400,1,Dippers (+$2.00 per set); Charms,personaliz,,https://thehoneyjarhome.com/products/leaf-frame-2-oz-clover-honey-wedding-bridal-shower-favors-set-of-10?variant=46144368083190&_gsid=nbauuFhvmc1R&utm_source=shopify&utm_medium=catalog
occasion,wedding,wedding favors for guests,happytimestr.myshopify.com,Happy Times Favors,"Wedding Chocolate Favors, Custom Chocolate, Wedding Guest Favors, Bridal Shower, Chocolate Gifts",1099,1099,1,Set options,custom; personaliz,,https://www.happytimesfavors.com/products/wedding-chocolate-favors-custom-chocolate-wedding-guest-favors-bridal-shower-chocolate-gifts?variant=47404854083836&_gsid=nbauuFhvmc1R&utm_source=shopify&utm_medium=catalog
occasion,wedding,wedding favors for guests,whiteroomfavors.myshopify.com,Whiteroomfavors,"5 pcs Ivory Wedding Favor Boxes – Custom Party Favors for Guests, Beige Wedding & Sweet 16 Gifts",3700,3700,1,Style,custom,,https://whiteroomfavor.com/products/ivory-wedding-favor-boxes-personalized-set-of-5?variant=44959505219745&_gsid=nbauuFhvmc1R&utm_source=shopify&utm_medium=catalog
occasion,wedding,wedding favors for guests,happytimestr.myshopify.com,Happy Times Favors,"Wedding Soap Favors, Natural Handmade Soap, Personalized Gifts, Wedding Guest Gifts, Wedding Favors, Rustic Wedding",149,149,1,,personaliz,,https://www.happytimesfavors.com/products/wedding-soap-favors-natural-handmade-soap-personalized-gifts-wedding-guest-gifts-wedding-favors-rustic-wedding-1?variant=47275973476604&_gsid=nbauuFhvmc1R&utm_source=shopify&utm_medium=catalog
occasion,wedding,wedding favors for guests,theweddingoutlet.myshopify.com,The Wedding Outlet,White Wedding Fan Favors,295,295,1,,,,https://theweddingoutlet.com/products/white-wedding-fan-favors?variant=43607499276500&_gsid=nbauuFhvmc1R&utm_source=shopify&utm_medium=catalog
occasion,wedding,wedding favors for guests,46338f-fd.myshopify.com,Macorner ,Thank You For Celebrating With Us Wedding Favors Guest Gifts - Personalized Resin Ornament,1995,1995,1,,personaliz,,https://macorner.co/products/thank-you-for-celebrating-with-us-wedding-favors-guest-gifts-personalized-resin-ornament?variant=47172446584988&_gsid=nbauuFhvmc1R&utm_source=shopify&utm_medium=catalog
occasion,wedding,wedding favors for guests,happytimestr.myshopify.com,Happy Times Favors,"Wedding Favors for Guests, Handmade Soap Favors, Natural Scented Soap, Bridal Shower Favors",159,159,1,,personaliz,,https://www.happytimesfavors.com/products/wedding-favors-for-guests-handmade-soap-favors-natural-scented-soap-bridal-shower-favors?variant=47249911644412&_gsid=nbauuFhvmc1R&utm_source=shopify&utm_medium=catalog
occasion,wedding,wedding favors for guests,bc09ad-2.myshopify.com,Bulk Candy Store,Wedding Popcorn Favors,11600,11600,1,Label design; Bag count,custom; personaliz,,https://bulkcandystore.com/products/wedding-popcorn-favors?variant=45426594480355&_gsid=nbauuFhvmc1R&utm_source=shopify&utm_medium=catalog
occasion,wedding,wedding favors for guests,dahliawb.myshopify.com,Dahlia Weddings and Baptisms,Love Everlasting Wedding Favor,350,350,1,Options; Tag,,,https://www.dahliaweddingsandbaptisms.com/products/love-everlasting-wedding-favor-white?variant=40311496474706&_gsid=nbauuFhvmc1R&utm_source=shopify&utm_medium=catalog
occasion,wedding,wedding favors for guests,carman-brook-maple-farm.myshopify.com,"Carman Brook Farm, LLC",Vermont Maple Syrup Wedding Favor – Personalized 3.29 oz Maple Leaf Bottle,585,585,1,Engraving options,personaliz; custom; engrav,,https://www.cbmaplefarm.com/products/custom-wedding-favors-3-79oz-leaf?variant=19974099959905&_gsid=nbauuFhvmc1R&utm_source=shopify&utm_medium=catalog
occasion,wedding,wedding favors for guests,happytimestr.myshopify.com,Happy Times Favors,"Personalized Mini Dry Flowers Bouquet, Custom Floral Magnet Favors for Guest",159,159,1,,personaliz; custom,,https://www.happytimesfavors.com/products/personalized-mini-dry-flowers-bouquet-custom-floral-magnet-favors-for-guest-1?variant=45284341842172&_gsid=nbauuFhvmc1R&utm_source=shopify&utm_medium=catalog
occasion,wedding,wedding favors for guests,whiteroomfavors.myshopify.com,Whiteroomfavors,"5 pcs Sage Green Wedding Favor Boxes – Personalized Luxury Party Favors for Guests, Custom Candy Boxes, Blush Wedding Thank You Gifts",3500,3500,1,Style,personaliz; custom,,https://whiteroomfavor.com/products/5-pcs-custom-wedding-favor-boxes-personalized-party-favors-for-guests-copy-1?variant=44959898861729&_gsid=nbauuFhvmc1R&utm_source=shopify&utm_medium=catalog
occasion,wedding,wedding favors for guests,fqr1f0-g0.myshopify.com,Travel Ready,Ctosree 50 Sets Let Love Grow Wedding Favors for Guests Self Adhesive Seed Packets (Seed Not Include) Terracotta Flowerpot Thank You Tags and Organza Gift Bags for Bridal Shower Wedding Party Favors,5733,5733,1,,,,https://mytravelready.com/products/b0f3jfnkft?variant=45891562897581&_gsid=nbauuFhvmc1R&utm_source=shopify&utm_medium=catalog
occasion,wedding,wedding favors for guests,9cbefe-2.myshopify.com,Baby Shower Chocolate,Custom Resin Magnet Wedding Favors – Personalized Epoxy Bridal Shower Gifts for Guests,5400,5400,1,Color; Quantity; Shape,custom; personaliz,,https://babyshowerchocolate.com/products/customizable-resin-magnet-wedding-favors?variant=55861505229185&_gsid=nbauuFhvmc1R&utm_source=shopify&utm_medium=catalog
occasion,wedding,wedding favors for guests,best-day-ever-spot.myshopify.com,Best Day Ever Spot,"Honey Wedding Favors, Wedding Initials, Botanical Monogram",440,440,1,,initials; monogram; personaliz,,https://www.bestdayeverspot.com/products/honey-wedding-favors-wedding-initials-botanical-monogram?variant=44349058515115&_gsid=nbauuFhvmc1R&utm_source=shopify&utm_medium=catalog
occasion,wedding,wedding favors for guests,planetpeachy.myshopify.com,PlanetPeachy,"Personalized Wedding Favor Golf Balls Custom Guest Favors with Names, Date&nbsp;Monogram&nbsp;Unique Reception Gift for Bride Groom Guests",1920,1920,1,,personaliz; custom; monogram,,https://planetpeachy.com/products/4493001343?variant=49255338213620&_gsid=nbauuFhvmc1R&utm_source=shopify&utm_medium=catalog
occasion,wedding,wedding favors for guests,brownies-ginger-soap-co.myshopify.com,Brownies & Ginger Soap Co,"Soap Bridal Shower Favors, Wedding favors for Guests , Bridal Shower Soap favors, lavender soap favors, From my shower to yours",325,325,1,Scent,personaliz,,https://browniesandgingersoap.com/products/untitled-apr10_16-11?variant=44956320891037&_gsid=nbauuFhvmc1R&utm_source=shopify&utm_medium=catalog
occasion,wedding,wedding favors for guests,56d273-9e.myshopify.com,Exxboxx,30 Sets Bridal Shower Party Favors for Guests Small Rose Compact Mirror Bulk Wedding Favors Thank You Cards and Organza Bags Wedding Party Guests Souvenir Gift (Pink Champagne),5495,5495,1,,,,https://exxboxx.com/products/30-sets-bridal-shower-party-favors-for-guests-small-rose-compact-mirror-bulk-wedding-favors-thank-you-cards-and-organza-bags-wedding-party-guests-souvenir-gift-pink-champagne?variant=42204656566359&_gsid=nbauuFhvmc1R&utm_source=shopify&utm_medium=catalog
occasion,wedding,wedding favors for guests,xaq1df-1m.myshopify.com,Cape Coral Gift Co,Personalized Mr & Mrs Wedding Cork Coasters | Custom Engraved Last Name Wedding Favor (Sets of 30–100),2699,2699,1,Quantity,personaliz; custom; engrav,,https://capecoralgiftco.com/products/mr-and-mrs-wedding-cork-coasters?variant=47529976791092&_gsid=nbauuFhvmc1R&utm_source=shopify&utm_medium=catalog
occasion,wedding,wedding favors for guests,5e6cb7-2.myshopify.com,LagniappeLifeLLC,Custom Printed Wedding Welcome Boxes – Personalized Guest Favor Box with Names & Date – Hotel Gift Boxes for Wedding Guests,350,350,1,,custom; personaliz,,https://lagniappe-life.com/products/custom-printed-wedding-welcome-boxes-personalized-guest-favor-box-with-names-date-hotel-gift-boxes-for-wedding-guests-409484809?variant=46859933417639&_gsid=nbauuFhvmc1R&utm_source=shopify&utm_medium=catalog
occasion,wedding,wedding favors for guests,whiteroomfavors.myshopify.com,Whiteroomfavors,"5 pcs Personalized Gold Spoon and Fork Favors, Wedding Guest Gift, Bridal Shower Engagement Party Favor, Bachelorette Keepsake",4000,4000,1,,personaliz; custom,,https://whiteroomfavor.com/products/personalized-gold-spoon-fork-wedding-favors-for-guests-set-of-5?variant=45731695657121&_gsid=nbauuFhvmc1R&utm_source=shopify&utm_medium=catalog
occasion,wedding,wedding favors for guests,vgyypu-v8.myshopify.com,Vera Nest Home,Mini Heart Charcuterie Board Set 6/12 Pack – Wood Cheese Board with Knives Bridal Shower Favor Thank You Gift Box for Wedding Birthday Valentine Christmas Party Guest Bamboo Acacia,12499,12499,1,Color; Quantity,,,https://veranesthome.com/products/mini-heart-charcuterie-board-set-bridal-shower-favor-cheese-board-knives-wedding-gift?variant=46931409567932&_gsid=nbauuFhvmc1R&utm_source=shopify&utm_medium=catalog
occasion,wedding,wedding favors for guests,best-day-ever-spot.myshopify.com,Best Day Ever Spot,"Beary Much In Love Gummy Bear Wedding Favors, Bridal Shower Favors",150,150,1,,,,https://www.bestdayeverspot.com/products/beary-much-in-love-gummy-bear-wedding-favors-bridal-shower-favors-set-of-20?variant=41577154969771&_gsid=nbauuFhvmc1R&utm_source=shopify&utm_medium=catalog
occasion,wedding,wedding favors for guests,happytimestr.myshopify.com,Happy Times Favors,"Personalized Wedding Favors for Guests, Rustic Candle Favors, Bridal Shower Tealight Holders, Thank You Favor, Floral Wooden Wedding Favor",299,299,1,,personaliz; custom,,https://www.happytimesfavors.com/products/personalized-wedding-favors-for-guests-rustic-candle-favors-bridal-shower-tealight-holders-thank-you-favor-floral-wooden-wedding-favor-1?variant=45778461589756&_gsid=nbauuFhvmc1R&utm_source=shopify&utm_medium=catalog
occasion,wedding,wedding favors for guests,forestsfavors.myshopify.com,forestsfavors,Bulk Wedding Favors for Guests - Personalized Bridal Shower Favors,3400,3400,1,Quantity,personaliz,,https://forestsfavors.com/products/bulk-wedding-favors-unique-bridal-shower-02008?variant=50967370563906&_gsid=nbauuFhvmc1R&utm_source=shopify&utm_medium=catalog
occasion,wedding,wedding favors for guests,exceptionalevents365.myshopify.com,ExceptionalEvents365,Marshmallow Wedding Favors with Custom Text or Images - A Unique Treat for Guests,175,175,1,,custom,,https://exceptionalevents365.com/products/personalized-marshmallow-wedding-favors?variant=45129435480363&_gsid=nbauuFhvmc1R&utm_source=shopify&utm_medium=catalog
occasion,wedding,wedding favors for guests,j5ymtp-yk.myshopify.com,Skin Smooth Care,"Compact Mirror Wedding Favors Bulk 30 Sets Rose-Shaped Portable Purse Mirrors - Each with Thank You Tag & Organza Bag, Bridal Shower Bachelorette Graduation Baby Shower Party Favors for Guests",7499,7499,1,Quantity,,,https://skinsmoothcare.com/products/compact-mirror-wedding-favors-bulk-30-sets-rose-organza-bag?variant=43897640845390&_gsid=nbauuFhvmc1R&utm_source=shopify&utm_medium=catalog
occasion,wedding,wedding favors for guests,dahliawb.myshopify.com,Dahlia Weddings and Baptisms,White Dentelle Wedding Favor,525,525,1,Options; Tag,custom,,https://www.dahliaweddingsandbaptisms.com/products/white-dentelle-bomboniera-wedding-favor?variant=39324777906258&_gsid=nbauuFhvmc1R&utm_source=shopify&utm_medium=catalog
occasion,baby_shower,baby shower favors,thehoneyjar2024.myshopify.com,The Honey Jar,Winnie the Pooh Beehive - Baby Shower Party Favors - 2 oz Clover Honey - Set of 10,2550,2550,1,Dippers (+$2.00 per set); Charms,personaliz,,https://thehoneyjarhome.com/products/winnie-the-pooh-friends-2-oz-clover-honey-baby-shower-party-favors-set-of-10?variant=46163977273590&_gsid=JrGYLoPwXTiT&utm_source=shopify&utm_medium=catalog
occasion,baby_shower,baby shower favors,thehoneyjar2024.myshopify.com,The Honey Jar,Wildflower Theme - Baby Shower Party Favors - 2 oz Clover Honey - Set of 10,2550,2550,1,Dippers (+$2.00 per set); Charms,personaliz,,https://thehoneyjarhome.com/products/wildflower-theme-2-oz-clover-honey-baby-shower-party-favors-set-of-10?variant=46167046881526&_gsid=JrGYLoPwXTiT&utm_source=shopify&utm_medium=catalog
occasion,baby_shower,baby shower favors,seed-bloom-gifts.myshopify.com,Seed Bloom Gifts,Bloom Footprint Favors,1895,1895,1,Color; Set,,,https://seedbloomgifts.com/products/baby-in-bloom-baby-footprints-seed-paper-baby-shower-favors?variant=42847524749401&_gsid=JrGYLoPwXTiT&utm_source=shopify&utm_medium=catalog
occasion,baby_shower,baby shower favors,thehoneyjar2024.myshopify.com,The Honey Jar,Woodland Animal - Baby Shower Party Favors - 2 oz Clover Honey - Set of 10,2550,2550,1,Dippers (+$2.00 per set); Charms,personaliz,,https://thehoneyjarhome.com/products/woodland-animal-2-oz-clover-honey-baby-shower-party-favors-set-of-10?variant=46184760803574&_gsid=JrGYLoPwXTiT&utm_source=shopify&utm_medium=catalog
occasion,baby_shower,baby shower favors,thehoneyjar2024.myshopify.com,The Honey Jar,Winnie the Pooh & Friends -Baby Shower Favors - 2 oz Clover Honey - Set of 10,2550,2550,1,Dippers (+$2.00 per set); Charms,personaliz,,https://thehoneyjarhome.com/products/winnie-the-pooh-friends?variant=46144401899766&_gsid=JrGYLoPwXTiT&utm_source=shopify&utm_medium=catalog
occasion,baby_shower,baby shower favors,happytimestr.myshopify.com,Happy Times Favors,"Personalized Handmade Scented Natural Soap Favors, Baby Shower Gifts, First Communion Gifts",159,159,1,Color-scent combination,personaliz; custom,,https://www.happytimesfavors.com/products/natural-soap-favor-with-dried-flower-5?variant=46162099437820&_gsid=JrGYLoPwXTiT&utm_source=shopify&utm_medium=catalog
occasion,baby_shower,baby shower favors,myweddingfavor.myshopify.com,My Wedding Favors,Personalized Baby Shower Matchboxes (Black or White) (Set of 50),3500,3500,1,Matchbox color:,personaliz; custom,,https://www.myweddingfavors.com/products/personalized-exclusive-baby-matchboxes-available-in-black-or-white?variant=31154069930069&_gsid=JrGYLoPwXTiT&utm_source=shopify&utm_medium=catalog
occasion,baby_shower,baby shower favors,thehoneyjar2024.myshopify.com,The Honey Jar,Winnie the Pooh Butterflies  -Baby Shower Favors - 2 oz Clover Honey - Set of 10,2550,2550,1,Dippers (+$2.00 per set); Charms,personaliz,,https://thehoneyjarhome.com/products/side-and-round?variant=46144404390134&_gsid=JrGYLoPwXTiT&utm_source=shopify&utm_medium=catalog
occasion,baby_shower,baby shower favors,mhhkem-k2.myshopify.com,FavorsOnFleek,Mini Crochet Blue Onesie Party Favors - Set of 6 with Hanger & Hanging Rack Options - Tiny Teddy Bear Baby Shower,1099,1099,1,Options,,,https://favorsonfleek.com/products/mini-crochet-blue-onesie-party-favors-set-of-6-with-hanger-hanging-rack-options-tiny-teddy-bear-baby-shower?variant=47275466490105&_gsid=JrGYLoPwXTiT&utm_source=shopify&utm_medium=catalog
occasion,baby_shower,baby shower favors,mhhkem-k2.myshopify.com,FavorsOnFleek,Set of 6 Mini Crochet Baby Shower Favors - Pink Tiny Party Gifts - Jacket Keepsakes with Rocking Horse Charm & Gold Hanger Options,1099,1099,1,Options,,,https://favorsonfleek.com/products/set-of-6-mini-crochet-baby-shower-favors-pink-tiny-party-gifts-jacket-keepsakes-with-rocking-horse-charm-gold-hanger-options?variant=48036691738873&_gsid=JrGYLoPwXTiT&utm_source=shopify&utm_medium=catalog
occasion,baby_shower,baby shower favors,mhhkem-k2.myshopify.com,FavorsOnFleek,Set of 12 Personalized Pink Crochet Mini Jacket Party Favor & Party Gift Boxes - With Custom Wood Heart Charm For Baby Shower & Baptism,3650,3650,1,,personaliz; custom,,https://favorsonfleek.com/products/set-of-12-personalized-pink-crochet-mini-jacket-party-favor-party-gift-boxes-with-custom-wood-heart-charm-for-baby-shower-baptism?variant=48426646995193&_gsid=JrGYLoPwXTiT&utm_source=shopify&utm_medium=catalog
occasion,baby_shower,baby shower favors,glory-party.myshopify.com,Glory Party,"Sun Soap Baby Shower Favors - Here Comes the Son Party Decor, Boho Blue Boy First Trip Around Sunshine Centerpiece, Guest Thank You Gifts",194,194,1,,,,https://gloryparty.net/products/sun-soap-baby-shower-favors-here-comes-the-son-party-decor-boho-blue-boy-first-trip-around-sunshine-centerpiece-guest-thank-you-gifts?variant=45836686426275&_gsid=JrGYLoPwXTiT&utm_source=shopify&utm_medium=catalog
occasion,baby_shower,baby shower favors,glory-party.myshopify.com,Glory Party,Baby Shower Soap Favors -- Girl Elegant Baby Dress Shaped Sprinkle Decoration Pink Babyshower Party Gift for Guests in Bulk Baptism Souvenir,194,194,1,,,,https://gloryparty.net/products/baby-shower-soap-favors-girl-elegant-baby-dress-shaped-sprinkle-decoration-pink-babyshower-party-gift-for-guests-in-bulk-baptism-souvenir?variant=44218691420323&_gsid=JrGYLoPwXTiT&utm_source=shopify&utm_medium=catalog
occasion,baby_shower,baby shower favors,mhhkem-k2.myshopify.com,FavorsOnFleek,"""Little Prince"" Mini Crochet Baby Outfit Shower Favors (Set of 6)",999,999,1,Hanger & rack option,,,https://favorsonfleek.com/products/little-prince-mini-crochet-baby-outfit-shower-favors-set-of-6?variant=47102229250297&_gsid=JrGYLoPwXTiT&utm_source=shopify&utm_medium=catalog
occasion,baby_shower,baby shower favors,kateaspen.myshopify.com,Kate Aspen,Woodland Baby Favor Box (Set of 24),759,759,1,Color,,,https://www.kateaspen.com/products/woodland-baby-favor-box-set?variant=32312253644867&_gsid=JrGYLoPwXTiT&utm_source=shopify&utm_medium=catalog
occasion,baby_shower,baby shower favors,mhhkem-k2.myshopify.com,FavorsOnFleek,"Handmade Cream Crochet Teddy Bear Party Gift - 3"" Mini Crochet Party Favor Set of 6 with Wood Engraved Charms & Gold Display Option",1099,1099,1,Options,engrav,,https://favorsonfleek.com/products/handmade-cream-crochet-teddy-bear-party-gift-3-mini-crochet-party-favor-set-of-6-with-wood-engraved-charms-gold-display-option?variant=47477974925561&_gsid=JrGYLoPwXTiT&utm_source=shopify&utm_medium=catalog
occasion,baby_shower,baby shower favors,the-dancing-wick.myshopify.com,The Dancing Wick,A Little Cutie Baby Shower Tins - Set of 10,3000,3000,1,Scent; Candle size & color,personaliz,,https://www.dancingwick.com/products/a-little-cutie-baby-shower-tins-set-of-10?variant=43163404337292&_gsid=JrGYLoPwXTiT&utm_source=shopify&utm_medium=catalog
occasion,baby_shower,baby shower favors,glory-party.myshopify.com,Glory Party,"Teddy Bear Soaps - Baby Shower Favors Boy, Boho Party Theme Decorations, First Kids Birthday Blue We Can Bearly Wait Thank You Guest Gifts",194,194,1,,,,https://gloryparty.net/products/teddy-bear-soaps-baby-shower-favors-boy-boho-party-theme-decorations-first-kids-birthday-blue-we-can-bearly-wait-thank-you-guest-gifts?variant=45507831300259&_gsid=JrGYLoPwXTiT&utm_source=shopify&utm_medium=catalog
occasion,baby_shower,baby shower favors,70decd-4.myshopify.com,Cotton Craft,Luxe Baby Gift Baskets,8499,8499,1,Color; Gift set format,,,https://cottoncraft.shop/products/luxe-baby-gift-baskets?variant=41341098426445&_gsid=JrGYLoPwXTiT&utm_source=shopify&utm_medium=catalog
occasion,baby_shower,baby shower favors,surfsidesucculents.myshopify.com,Surfside Succulents,"Succulent Favors in Burlap- Baby Shower Favors, Wedding and Party Favors",695,695,1,Style,,,https://surfsidesucculents.com/products/succulent-favors-in-burlap-baby-shower-favors-wedding-and-party-favors?variant=41961650913471&_gsid=JrGYLoPwXTiT&utm_source=shopify&utm_medium=catalog
occasion,baby_shower,baby shower favors,mhhkem-k2.myshopify.com,FavorsOnFleek,"Mini Crochet Dress Baby Shower Favors - Set of 6 with Hangers & Rack Option - Tiny Keepsakes Your Guests Will Love! Pink, Blue, or Yellow",999,999,1,Color,,,https://favorsonfleek.com/products/mini-crochet-dress-baby-shower-favors-set-of-6-with-hangers-rack-option-tiny-keepsakes-your-guests-will-love-pink-blue-or-yellow?variant=46954200531193&_gsid=JrGYLoPwXTiT&utm_source=shopify&utm_medium=catalog
occasion,baby_shower,baby shower favors,thehoneyjar2024.myshopify.com,The Honey Jar,Honey Bear - Baby Shower Party Favors - 2 oz Clover Honey Bear - Set of 10,2100,2100,1,Cap color,personaliz,,https://thehoneyjarhome.com/products/copy-of-teddy-bear-honey-bear-baby-shower-party-favors-2-oz-clover-honey-set-of-10?variant=46206433886454&_gsid=JrGYLoPwXTiT&utm_source=shopify&utm_medium=catalog
occasion,baby_shower,baby shower favors,ab9133-2.myshopify.com,KnittyBaby,"Personalized Embroidered Baby Name Blanket – Soft Cotton Knit Newborn Blanket, Baby Shower Gift",2999,2999,1,Blanket color,personaliz,,https://knittybaby.com/products/personalised-embroidered-name-blanket?variant=42582838083790&_gsid=JrGYLoPwXTiT&utm_source=shopify&utm_medium=catalog
occasion,baby_shower,baby shower favors,pop-central-popcorn.myshopify.com,Pop Central Popcorn,A Sweet Baby Girl is on the Way - Baby Shower Favors,2500,2500,1,Bags,,,https://www.popcentralpopcorn.com/products/a-sweet-baby-girl-is-on-the-way-baby-shower-favors?variant=39290821541953&_gsid=JrGYLoPwXTiT&utm_source=shopify&utm_medium=catalog
occasion,baby_shower,baby shower favors,1acgbn-fw.myshopify.com,SophiasFavors,Boho Wildflower Baby Shower Soap Favors Baby In Bloom Shower Decorations Daisy Flower Spring Garden Gift For Guests Bridal Shower Wedding,2400,2400,1,Quantity,custom,,https://sophiasfavors.com/products/boho-wildflower-baby-shower-soap-favors-baby-in-bloom-shower-decorations-daisy-flower-spring-garden-gift-for-guests-bridal-shower-wedding?variant=50264025104669&_gsid=JrGYLoPwXTiT&utm_source=shopify&utm_medium=catalog
occasion,baby_shower,baby shower favors,simplysweetfavors.myshopify.com,SimplySweetFavors,"A Little Cutie Baby Shower Cotton Candy Favors – Small Flat Bottom Bags, Personalized Citrus Theme Party Treats, Orange Baby Shower Favors",3600,3600,1,Label type; Quantity,personaliz,,https://simplysweetfavors.com/products/a-little-cutie-baby-shower-cotton-candy-in-small-flat-bottom-bag-copy?variant=43279434449035&_gsid=JrGYLoPwXTiT&utm_source=shopify&utm_medium=catalog
occasion,baby_shower,baby shower favors,thehoneyjar2024.myshopify.com,The Honey Jar,Dreaming Bear - Baby Shower Party Favors - 2 oz Clover Honey Bear - Set of 10,2100,2100,1,Cap color,personaliz; custom,,https://thehoneyjarhome.com/products/dreaming-baby-shower-party-favors-2-oz-clover-honey-bear-set-of-10?variant=46206444929270&_gsid=JrGYLoPwXTiT&utm_source=shopify&utm_medium=catalog
occasion,baby_shower,baby shower favors,thehoneyjar2024.myshopify.com,The Honey Jar,Teddy Bear - Honey Bear Baby Shower Party Favors - 2 oz Clover Honey - Set of 10,2100,2100,1,Cap color,personaliz; custom,,https://thehoneyjarhome.com/products/teddy-bear-honey-bear-baby-shower-party-favors-2-oz-clover-honey-set-of-10?variant=46206431461622&_gsid=JrGYLoPwXTiT&utm_source=shopify&utm_medium=catalog
occasion,baby_shower,baby shower favors,1acgbn-fw.myshopify.com,SophiasFavors,Wildflower Baby Shower Soap Favors Baby In Bloom Shower Decorations Daisy Flower Spring Garden Gift For Guests Bridal Shower Wedding Shower,2000,2000,1,Quantity,custom,,https://sophiasfavors.com/products/wildflower-baby-shower-soap-favors-baby-in-bloom-shower-decorations-daisy-flower-spring-garden-gift-for-guests-bridal-shower-wedding-shower?variant=50263979589917&_gsid=JrGYLoPwXTiT&utm_source=shopify&utm_medium=catalog
occasion,baby_shower,baby shower favors,ducky-days.myshopify.com,Ducky Days,Baby Shower Wildflower Seed Packet Favors,170,170,1,,personaliz,,https://duckydays.com/products/baby-shower-wildflower-seed-packet-favors?variant=47629342965930&_gsid=JrGYLoPwXTiT&utm_source=shopify&utm_medium=catalog
occasion,baby_shower,baby shower favors,tableclothsfactory-com.myshopify.com,tableclothsfactory.com,"10 Pack Blush Butterfly Unscented Soap Baby Shower Favors with Gift Boxes, Pre-Packed Bridal Shower Wedding Souvenirs - 2""",1099,1099,1,Color,,,https://tableclothsfactory.com/products/10-pack-blush-butterfly-unscented-soap-baby-shower-favors-with-gift-boxes-pre-packed-bridal-shower-wedding-souvenirs-2?variant=44653158269113&_gsid=JrGYLoPwXTiT&utm_source=shopify&utm_medium=catalog
occasion,baby_shower,baby shower favors,best-day-ever-spot.myshopify.com,Best Day Ever Spot,"Baby Shower Favors, Mini Honey Jar Favors, Watercolor Bee Design",440,440,1,,personaliz,,https://www.bestdayeverspot.com/products/baby-shower-favors-mini-honey-jar-favors-watercolor-bee-design?variant=42647712399531&_gsid=JrGYLoPwXTiT&utm_source=shopify&utm_medium=catalog
occasion,baby_shower,baby shower favors,mhhkem-k2.myshopify.com,FavorsOnFleek,"Set of 6 - White mini-crochet party favor - party gift - Mini-dress with Pink Flower, Baby shower favors, Baby Pink, Baby welcome, Crochet mini dress, quinceanera communion",999,999,1,Options,,,https://favorsonfleek.com/products/set-of-6-white-mini-crochet-party-favor-party-gift-mini-dress-with-pink-flower-baby-shower-favors-baby-pink-baby-welcome-crochet-mini-dress-quinceanera-communion?variant=47420974924025&_gsid=JrGYLoPwXTiT&utm_source=shopify&utm_medium=catalog
occasion,baby_shower,baby shower favors,thehoneyjar2024.myshopify.com,The Honey Jar,Baby Dinosaur - Baby Shower Party Favors - 2 oz Clover Honey - Set of 10,2550,2550,1,Dippers (+$2.00 per set); Charms,personaliz,,https://thehoneyjarhome.com/products/baby-dinosaur-baby-shower-party-favors-2-oz-clover-honey-set-of-10?variant=46193244471542&_gsid=JrGYLoPwXTiT&utm_source=shopify&utm_medium=catalog
occasion,baby_shower,baby shower favors,thehoneyjar2024.myshopify.com,The Honey Jar,Non-Personalized Winnie the Pooh - Honey Baby Shower Favors - 2 oz Clover Honey - Set of 10,2350,2350,1,Dippers; Charms; Label style (see image #2 for samples),personaliz,,https://thehoneyjarhome.com/products/winnie-the-pooh-honey-baby-shower-favors-set-of-10-not-personalized?variant=46624636010742&_gsid=JrGYLoPwXTiT&utm_source=shopify&utm_medium=catalog
occasion,baby_shower,baby shower favors,corner-stork-baby-gifts.myshopify.com,Corner Stork Baby Gifts - Specialty Baby Gifts,Personalized Baby Cocoa Favors (Many Designs Available),180,180,1,,personaliz; custom,,https://www.cornerstorkbabygifts.com/products/personalized-baby-cocoa-favors?variant=16128774144066&_gsid=JrGYLoPwXTiT&utm_source=shopify&utm_medium=catalog
occasion,baby_shower,baby shower favors,mhhkem-k2.myshopify.com,FavorsOnFleek,Little Cream Dress Baby Shower Favors - Set of 6 Party Gifts with Hangers & Rack Option,999,999,1,Options,,,https://favorsonfleek.com/products/little-cream-dress-baby-shower-favors-or-quinceanera-keepsakes-set-of-6-with-hangers-rack-option-tiny-party-favors-for-your-guests?variant=47303363821817&_gsid=JrGYLoPwXTiT&utm_source=shopify&utm_medium=catalog
occasion,baby_shower,baby shower favors,mhhkem-k2.myshopify.com,FavorsOnFleek,Tiny Crochet Party Gifts - Cream Baby Shower Onesie Favors - Boho Gender Neutral Handmade Favors with Hangers & Rack Options,999,999,1,Options,,,https://favorsonfleek.com/products/tiny-crochet-party-gifts-cream-baby-shower-onesie-favors-boho-gender-neutral-handmade-favors-with-hangers-rack-options?variant=47411170246905&_gsid=JrGYLoPwXTiT&utm_source=shopify&utm_medium=catalog
occasion,baby_shower,baby shower favors,happytimestr.myshopify.com,Happy Times Favors,"Baby Shower Favors, Natural Scented Soap Favors, First Birthday, Party Favors for Guests",159,159,1,,custom,,https://www.happytimesfavors.com/products/baby-shower-favors-natural-scented-soap-favors-first-birthday-party-favors-for-guests-1?variant=47251593003260&_gsid=JrGYLoPwXTiT&utm_source=shopify&utm_medium=catalog
occasion,baby_shower,baby shower favors,love-leigh-gifts.myshopify.com,Love Leigh Gift Co.,"TOP SELLER! Non-Tarnish! New mom baby and me infinity necklace, Congratulations baby gift, pregnancy gift, baby shower & gender reveal gift! NON-Tarnish! 552 FIVE STAR REVIEWS!",3699,3699,1,"Box color; Necklace finish (stainless steel, non-tarnish)",,allerg,https://loveleighgifts.com/products/back-to-school-teacher-gift-happy-first-day-of-school-teacher-gift-im-so-glad-im-going-to-be-in-your-class-bracelet-card-box-ribbon-1?variant=46031231484157&_gsid=JrGYLoPwXTiT&utm_source=shopify&utm_medium=catalog
occasion,baby_shower,baby shower favors,glory-party.myshopify.com,Glory Party,"Honey Oatmeal Soap Favors - Baby Shower Thank You Gifts for Guests in Bulk, Boy Girl or Gender Reveal Neutral Party, Bear Bee Theme Decor",194,194,1,,,,https://gloryparty.net/products/honey-oatmeal-soap-favors-baby-shower-thank-you-gifts-for-guests-in-bulk-boy-girl-or-gender-reveal-neutral-party-bear-bee-theme-decor?variant=45275064172707&_gsid=JrGYLoPwXTiT&utm_source=shopify&utm_medium=catalog
occasion,baby_shower,baby shower favors,whiteroomfavors.myshopify.com,Whiteroomfavors,"5 pcs Teddy Bear Baby Shower Favors, Personalized Welcome Baby Favors, Custom Baby Boy Girl Party Favors for Guests, 1st Birthday Keepsakes",2900,2900,1,Color,personaliz; custom,,https://whiteroomfavor.com/products/personalized-teddy-bear-baby-shower-favors-for-guests-set-of-5?variant=45731695165601&_gsid=JrGYLoPwXTiT&utm_source=shopify&utm_medium=catalog
occasion,baby_shower,baby shower favors,abbey-and-izzie-designs.myshopify.com,Abbey and Izzie Designs,Elephant Baby Shower Bags Personalized,100,100,1,,personaliz,,https://abbeyandizziedesigns.com/products/elephant-baby-shower-bags-personalized?variant=30284932415547&_gsid=JrGYLoPwXTiT&utm_source=shopify&utm_medium=catalog
occasion,baby_shower,baby shower favors,thehoneyjar2024.myshopify.com,The Honey Jar,Winnie the Pooh Yellow Stripe -Baby Shower Favors -2 oz Clover Honey - Set of 10,2550,2550,1,Dippers (+$2.00 per set); Charms,personaliz,,https://thehoneyjarhome.com/products/winnie-the-pooh-yellow-stripe?variant=46144403112182&_gsid=JrGYLoPwXTiT&utm_source=shopify&utm_medium=catalog
occasion,baby_shower,baby shower favors,the-dancing-wick.myshopify.com,The Dancing Wick,Baby Shower Tins - Set of 10,3000,3000,1,Scent; Candle size & color,personaliz,,https://www.dancingwick.com/products/baby-shower-tins-set-of-10?variant=43163384807564&_gsid=JrGYLoPwXTiT&utm_source=shopify&utm_medium=catalog
occasion,baby_shower,baby shower favors,corner-stork-baby-gifts.myshopify.com,Corner Stork Baby Gifts - Specialty Baby Gifts,Personalized Exclusive Baby Tea Favor (Many Designs Available),100,100,1,,personaliz; custom,,https://www.cornerstorkbabygifts.com/products/personalized-exclusive-baby-tea-favor?variant=16240352821314&_gsid=JrGYLoPwXTiT&utm_source=shopify&utm_medium=catalog
occasion,baby_shower,baby shower favors,mhhkem-k2.myshopify.com,FavorsOnFleek,Tiny Baby Blue Crochet Knit Baby Booties Party Gifts with Lace - Baby Booty Party Favors - 6 Pairs,899,899,1,,,,https://favorsonfleek.com/products/tiny-baby-blue-crochet-knit-baby-booties-with-lace-perfect-party-favor-party-gift-6-pairs?variant=48447023087865&_gsid=JrGYLoPwXTiT&utm_source=shopify&utm_medium=catalog
occasion,baby_shower,baby shower favors,happytimestr.myshopify.com,Happy Times Favors,"Wooden Candle Holder, Baby Shower Favors, Custom Candle, Tealight Holder, Baby Girl, Baby Boy",179,179,1,,custom; personaliz,,https://www.happytimesfavors.com/products/wooden-candle-holder-baby-shower-favors-custom-candle-tealight-holder-baby-girl-baby-boy?variant=47253334720764&_gsid=JrGYLoPwXTiT&utm_source=shopify&utm_medium=catalog
occasion,baby_shower,baby shower favors,littleflowersoap.myshopify.com,Little Flower Soap Co,Baby in Bloom - Wildflower Shower Favors,350,350,1,Scent; Item,custom,,https://littleflowersoap.com/products/bride-to-bee-shower-favor-bee-theme-candle-soap-lip-balm-ms7e3-cs8kj?variant=40273382998094&_gsid=JrGYLoPwXTiT&utm_source=shopify&utm_medium=catalog
occasion,baby_shower,baby shower favors,corner-stork-baby-gifts.myshopify.com,Corner Stork Baby Gifts - Specialty Baby Gifts,Personalized Exclusive Baby Maple Syrup (Many Designs Available),450,450,1,,personaliz; custom,,https://www.cornerstorkbabygifts.com/products/personalized-exclusive-baby-maple-syrup?variant=16240352428098&_gsid=JrGYLoPwXTiT&utm_source=shopify&utm_medium=catalog
occasion,kids,kids party favor bags,1agzjw-e1.myshopify.com,Party City,"Hot Wheels Kraft Favor Bags, 5.25in x 8.25in, 8ct",700,700,1,,,,https://www.partycity.com/products/hot-wheels-kraft-favor-bags-5-25in-x-8-25in-8ct?variant=52438420324631&_gsid=aDUw29U7pHLM&utm_source=shopify&utm_medium=catalog
occasion,kids,kids party favor bags,9b0dac-b6.myshopify.com,Factory Direct Party,Peppa Pig Kraft Party Favor Bags - 8 Count,763,763,1,,,,https://factorydirectparty.com/products/peppa-pig-kraft-party-favor-bags-8-count?variant=51538575556913&_gsid=aDUw29U7pHLM&utm_source=shopify&utm_medium=catalog
occasion,kids,kids party favor bags,easy-favors-2.myshopify.com,Easy favors ,Set of 12 Animal Party Favor Bags – Kids Goodie Bags with Handles,499,499,1,,,,https://easyfavors.us/products/set-of-12-animal-party-favor-bags-kids-goodie-bags-with-handles?variant=44917305114928&_gsid=aDUw29U7pHLM&utm_source=shopify&utm_medium=catalog
occasion,kids,kids party favor bags,meri-meri3.myshopify.com,Meri Meri,Fairy Party Favor Bags (x 8),2000,2000,1,,,,https://merimeri.com/products/fairy-party-bags?variant=33455693693014&_gsid=aDUw29U7pHLM&utm_source=shopify&utm_medium=catalog
occasion,kids,kids party favor bags,meri-meri3.myshopify.com,Meri Meri,Toybox Icon Party Favor Bags (x 8),2000,2000,1,,,,https://merimeri.com/products/toybox-icon-party-bags-x-8?variant=41969642143830&_gsid=aDUw29U7pHLM&utm_source=shopify&utm_medium=catalog
occasion,kids,kids party favor bags,meri-meri3.myshopify.com,Meri Meri,Bag Charm Party Favor Bags (x 8),2000,2000,1,,,,https://merimeri.com/products/charm-party-bags-x-8?variant=43791585378390&_gsid=aDUw29U7pHLM&utm_source=shopify&utm_medium=catalog
occasion,kids,kids party favor bags,magical-memories-collection.myshopify.com,Magical Memories Collection,"Hello Kitty Party Favor Bags 8 Pack – Multicolor Printed Pink Kraft Treat Bags for Kids Birthday, Baby Shower and Themed Parties",1599,1599,1,,,,https://www.magicalmemoriescollection.com/products/unique-multicolor-hello-kitty-printed-party-favor-bags-8-5-x-5-5-x-3-5-pack-of-8-pink-kraft-treat-bags-perfect-paper-bags-for-kids-birthday-baby-shower-themed-party-more?variant=47819455824131&_gsid=aDUw29U7pHLM&utm_source=shopify&utm_medium=catalog
occasion,kids,kids party favor bags,g3cnkz-e9.myshopify.com,loftwyn,Spider-Man 24-Pack Party Favor Bags – 8-inch Reusable Spidey Tote Bags for Kids,4546,4546,1,,,,https://loftwyn.com/products/spider-man-24-pack-party-favor-bags-8-inch-reusable-spidey-tote-bags-for-kids?variant=51685995839805&_gsid=aDUw29U7pHLM&utm_source=shopify&utm_medium=catalog
occasion,kids,kids party favor bags,easy-favors-2.myshopify.com,Easy favors ,Set of 12 Princess Party Favor Bags with Stickers – Kids Goodie Bags,400,400,1,,,,https://easyfavors.us/products/princess-paper-bags-with-sticker?variant=44916925497648&_gsid=aDUw29U7pHLM&utm_source=shopify&utm_medium=catalog
occasion,kids,kids party favor bags,boite-fete.myshopify.com,Bonjour Fête ,Multicolor Star Favor Bags,1495,1495,1,,,,https://www.bonjourfete.com/products/multicolor-star-favor-bags?variant=47899674968202&_gsid=aDUw29U7pHLM&utm_source=shopify&utm_medium=catalog
occasion,kids,kids party favor bags,ha1f0z-m7.myshopify.com,HappyPlayToys,"Disney Stitch Party Favor Bags Set - Bundle with 12 Stitch Drawstring Bags for Kids Plus Stickers, More Birthday Party Supplies Pack",5074,5074,1,,,,https://happyplay-toys.com/products/b0f1x9vg2d?variant=43916317655128&_gsid=aDUw29U7pHLM&utm_source=shopify&utm_medium=catalog
occasion,kids,kids party favor bags,meri-meri3.myshopify.com,Meri Meri,Striped Party Favor Bags (x 8),2000,2000,1,,,,https://merimeri.com/products/stripe-party-bags-x-8?variant=40488061501526&_gsid=aDUw29U7pHLM&utm_source=shopify&utm_medium=catalog
occasion,kids,kids party favor bags,x7031r-1e.myshopify.com,sitespark shop,"Peanuts Party Favor Bag Set – 12 Pack of 8"" Snoopy Goodie Bags for Kids Bulk Reusable Mini Totes | Peanuts Birthday Supplies for Boys, Girls",3799,3799,1,,,,https://sitespark.shop/products/peanuts-party-favor-bag-set-12-pack-of-8-snoopy-goodie-bags-for-kids-bulk-reusable-mini-totes-peanuts-birthday-supplies-for-boys-girls?variant=48169858334941&_gsid=aDUw29U7pHLM&utm_source=shopify&utm_medium=catalog
occasion,kids,kids party favor bags,kd4012-ep.myshopify.com,routeshop shop,"Disney Lilo and Stitch Party Favor Bags Bundle – 12 Pack of 8 Inch Goodie Bags for Kids Bulk Reusable Mini Totes | Stitch Birthday Party Supplies for Boys, Girls",3999,3999,1,,,,https://routeshop.shop/products/disney-lilo-and-stitch-party-favor-bags-bundle-12-pack-of-8-inch-goodie-bags-for-kids-bulk-reusable-mini-totes-stitch-birthday-party-supplies-for-boys-girls?variant=45460751614021&_gsid=aDUw29U7pHLM&utm_source=shopify&utm_medium=catalog
occasion,kids,kids party favor bags,meri-meri3.myshopify.com,Meri Meri,Mermaid Party Favor Bags (x 8),2000,2000,1,,,,https://merimeri.com/products/mermaid-party-bags?variant=39274469589078&_gsid=aDUw29U7pHLM&utm_source=shopify&utm_medium=catalog
occasion,kids,kids party favor bags,x7031r-1e.myshopify.com,sitespark shop,Winnie the Pooh Party Favor Bags for Kids Birthday 12 Pack Bundle,3399,3399,1,,,,https://sitespark.shop/products/winnie-the-pooh-party-favor-bags-for-kids-birthday-12-pack-bundle?variant=48170408509661&_gsid=aDUw29U7pHLM&utm_source=shopify&utm_medium=catalog
occasion,kids,kids party favor bags,kd4012-ep.myshopify.com,routeshop shop,"Minnie Mouse Party Favor Bag Set – 12 Pack of 8"" Minnie Mouse Party Goodie Bags for Kids Bulk Reusable Mini Totes | Disney Birthday Party Supplies",3799,3799,1,,,,https://routeshop.shop/products/minnie-mouse-party-favor-bag-set-12-pack-of-8-minnie-mouse-party-goodie-bags-for-kids-bulk-reusable-mini-totes-disney-birthday-party-supplies?variant=45460753285189&_gsid=aDUw29U7pHLM&utm_source=shopify&utm_medium=catalog
occasion,kids,kids party favor bags,kd4012-ep.myshopify.com,routeshop shop,"Zootopia Party Favor Bags Set – 12 Pack 8"" Disney Goodie Bags for Kids Bulk Reusable Mini Totes | Disney Zootopia Birthday Party Supplies",3399,3399,1,,,,https://routeshop.shop/products/zootopia-party-favor-bags-set-12-pack-8-disney-goodie-bags-for-kids-bulk-reusable-mini-totes-disney-zootopia-birthday-party-supplies?variant=45460756627525&_gsid=aDUw29U7pHLM&utm_source=shopify&utm_medium=catalog
occasion,kids,kids party favor bags,rzbsbn-1k.myshopify.com,cloudshiftsol,Winnie the Pooh Party Favor Bags for Kids Birthday 12 Pack Bundle,3399,3399,1,,,,https://cloudshiftsol.com/products/winnie-the-pooh-party-favor-bags-for-kids-birthday-12-pack-bundle?variant=47225127633084&_gsid=aDUw29U7pHLM&utm_source=shopify&utm_medium=catalog
occasion,kids,kids party favor bags,kkwhc9-in.myshopify.com,Easy Mart10 ,"Disney Lilo and Stitch Party Favor Bags Bundle – 12 Pack of 8 Inch Goodie Bags for Kids Bulk Reusable Mini Totes | Stitch Birthday Party Supplies for Boys, Girls",3999,3999,1,,,,https://easymart10.store/products/disney-lilo-and-stitch-party-favor-bags-bundle-12-pack-of-8-inch-goodie-bags-for-kids-bulk-reusable-mini-totes-stitch-birthday-party-supplies-for-boys-girls?variant=46712092688583&_gsid=aDUw29U7pHLM&utm_source=shopify&utm_medium=catalog
occasion,kids,kids party favor bags,meri-meri3.myshopify.com,Meri Meri,Jungle Animal Party Favor Bags (x 8),2000,2000,1,,,,https://merimeri.com/products/jungle-jamboree-party-bags-x-8?variant=43791603302486&_gsid=aDUw29U7pHLM&utm_source=shopify&utm_medium=catalog
occasion,kids,kids party favor bags,x7031r-1e.myshopify.com,sitespark shop,"Disney Lilo and Stitch Party Favor Bags Bundle – 12 Pack of 8 Inch Goodie Bags for Kids Bulk Reusable Mini Totes | Stitch Birthday Party Supplies for Boys, Girls",3999,3999,1,,,,https://sitespark.shop/products/disney-lilo-and-stitch-party-favor-bags-bundle-12-pack-of-8-inch-goodie-bags-for-kids-bulk-reusable-mini-totes-stitch-birthday-party-supplies-for-boys-girls?variant=48169854337245&_gsid=aDUw29U7pHLM&utm_source=shopify&utm_medium=catalog
occasion,kids,kids party favor bags,kkwhc9-in.myshopify.com,Easy Mart10 ,Winnie the Pooh Party Favor Bags for Kids Birthday 12 Pack Bundle,3399,3399,1,,,,https://easymart10.store/products/winnie-the-pooh-party-favor-bags-for-kids-birthday-12-pack-bundle?variant=46735934947527&_gsid=aDUw29U7pHLM&utm_source=shopify&utm_medium=catalog
occasion,kids,kids party favor bags,vgyypu-v8.myshopify.com,Vera Nest Home,Party Favor Bags Safari Animals Jungle Theme Woodland Print Paper Goodie Bags with Handles for Kids Birthday Party Candy Gift Bags 8 Styles 16 or 32 Pack,4199,4199,1,Quantity,,,https://veranesthome.com/products/party-favor-bags-safari-jungle-woodland-paper-goodie-bags?variant=46930292768956&_gsid=aDUw29U7pHLM&utm_source=shopify&utm_medium=catalog
occasion,kids,kids party favor bags,meri-meri3.myshopify.com,Meri Meri,Dinosaur Kingdom Party Bags (x 8),2000,2000,1,,,,https://merimeri.com/products/dinosaur-kingdom-party-bags?variant=31726933442646&_gsid=aDUw29U7pHLM&utm_source=shopify&utm_medium=catalog
occasion,kids,kids party favor bags,bm9pzy-h0.myshopify.com,Festivoa Birthday Party,"25 Party Favor Bags for Kids Birthdays, Goodie Candy Bags in 5 Colors with Star Pattern",958,958,1,Color,,,https://festivoa.com/products/25-party-favor-bags-for-kids-birthdays-goodie-candy-bags-in-5-colors-with-star-pattern?variant=55069781000483&_gsid=aDUw29U7pHLM&utm_source=shopify&utm_medium=catalog
occasion,kids,kids party favor bags,ia30jn-jd.myshopify.com,Confetti & Cuties,"SUNCOLOR Birthday Party Favor Bags, 32 Pack Goodie Bags with Handles, 9.8 x6.7 inches, Pink Blue Yellow White Gift Bags for Kids Parties, Celebrations",1248,1248,1,,,,https://confetticuties.com/products/b0fwm39yq8?variant=53661054697837&_gsid=aDUw29U7pHLM&utm_source=shopify&utm_medium=catalog
occasion,kids,kids party favor bags,meri-meri3.myshopify.com,Meri Meri,Safari Animal Party Favor Bags (x 8),2000,2000,1,,,,https://merimeri.com/products/animal-parade-party-bags-x-8?variant=40162434351190&_gsid=aDUw29U7pHLM&utm_source=shopify&utm_medium=catalog
occasion,kids,kids party favor bags,easy-favors-2.myshopify.com,Easy favors ,SET of 12 Classic Cartoon Mouse Party Favor Bags with Handles,500,500,1,,,,https://easyfavors.us/products/set-of-12-classic-cartoon-mouse-party-favor-bags-with-handles?variant=44896354173232&_gsid=aDUw29U7pHLM&utm_source=shopify&utm_medium=catalog
occasion,kids,kids party favor bags,9b0dac-b6.myshopify.com,Factory Direct Party,Monster High Kraft Gift Bag for Kids Birthday,828,828,1,,,,https://factorydirectparty.com/products/monster-high-kraft-gift-bag-for-kids-birthday?variant=51538528862513&_gsid=aDUw29U7pHLM&utm_source=shopify&utm_medium=catalog
occasion,kids,kids party favor bags,x7031r-1e.myshopify.com,sitespark shop,"Snoopy Party Favor Bag Set - Bundle with 8 Peanuts Reusable Totes, Stickers and Tattoos | Snoopy Birthday Party Supplies for Kids, Boys, Girls",3999,3999,1,,,,https://sitespark.shop/products/snoopy-party-favor-bag-set-bundle-with-8-peanuts-reusable-totes-stickers-and-tattoos-snoopy-birthday-party-supplies-for-kids-boys-girls?variant=48169859219677&_gsid=aDUw29U7pHLM&utm_source=shopify&utm_medium=catalog
occasion,kids,kids party favor bags,x7031r-1e.myshopify.com,sitespark shop,"Zootopia Party Favor Bags Set – 12 Pack 8"" Disney Goodie Bags for Kids Bulk Reusable Mini Totes | Disney Zootopia Birthday Party Supplies",3399,3399,1,,,,https://sitespark.shop/products/zootopia-party-favor-bags-set-12-pack-8-disney-goodie-bags-for-kids-bulk-reusable-mini-totes-disney-zootopia-birthday-party-supplies?variant=48169860268253&_gsid=aDUw29U7pHLM&utm_source=shopify&utm_medium=catalog
occasion,kids,kids party favor bags,ia30jn-jd.myshopify.com,Confetti & Cuties,"GITMIWS 30 Pack Non Woven Party Favor Bags, 9.8'' Small Reusable Kids Tote Bags with Handles, Rainbow Party Favor Goodie Bags for Kids Birthday",3248,3248,1,,,,https://confetticuties.com/products/b0bls8ddv7?variant=53632814416237&_gsid=aDUw29U7pHLM&utm_source=shopify&utm_medium=catalog
occasion,kids,kids party favor bags,kd4012-ep.myshopify.com,routeshop shop,"Frozen Party Favor Bags Set – 12 Pack of 8"" Elsa and Anna Party Goodie Bags for Kids Bulk Reusable Mini Totes | Disney Birthday Party Supplies",3999,3999,1,,,,https://routeshop.shop/products/frozen-party-favor-bags-set-12-pack-of-8-elsa-and-anna-party-goodie-bags-for-kids-bulk-reusable-mini-totes-disney-birthday-party-supplies?variant=45460753383493&_gsid=aDUw29U7pHLM&utm_source=shopify&utm_medium=catalog
occasion,kids,kids party favor bags,ha1f0z-m7.myshopify.com,HappyPlayToys,"Disney Minnie Mouse Party Favor Bags Set - Bundle with 12 Minnie Drawstring Bags for Kids Plus Stickers, More Birthday Party Supplies Pack",4639,4639,1,,,,https://happyplay-toys.com/products/b0fqq82921?variant=43916691636312&_gsid=aDUw29U7pHLM&utm_source=shopify&utm_medium=catalog
occasion,kids,kids party favor bags,geniusgemsnyc.myshopify.com,Genius Gems NYC,Goody Bags,1500,1500,1,,,,https://nyc.geniusgems.com/products/goody-bags?variant=49038481326361&_gsid=aDUw29U7pHLM&utm_source=shopify&utm_medium=catalog
occasion,kids,kids party favor bags,kd4012-ep.myshopify.com,routeshop shop,"Disney Alice in Wonderland Party Favor Bags Set – 24 Pack 8"" Goodie Bags for Kids Bulk Reusable Mini Totes Alice in Wonderland Birthday Party Supplies",5999,5999,1,,,,https://routeshop.shop/products/disney-alice-in-wonderland-party-favor-bags-set-24-pack-8-goodie-bags-for-kids-bulk-reusable-mini-totes-alice-in-wonderland-birthday-party-supplies?variant=45460755873861&_gsid=aDUw29U7pHLM&utm_source=shopify&utm_medium=catalog
occasion,kids,kids party favor bags,kd4012-ep.myshopify.com,routeshop shop,Winnie the Pooh Party Favor Bags for Kids Birthday 12 Pack Bundle,3399,3399,1,,,,https://routeshop.shop/products/winnie-the-pooh-party-favor-bags-for-kids-birthday-12-pack-bundle?variant=45461302050885&_gsid=aDUw29U7pHLM&utm_source=shopify&utm_medium=catalog
occasion,kids,kids party favor bags,x7031r-1e.myshopify.com,sitespark shop,"Teenage Mutant Ninja Turtles Party Favor Bags Set – 12 of 8"" Pack TMNT Party Goodie Bags for Kids Bulk Reusable | TMNT Birthday Party Supplies",3599,3599,1,,,,https://sitespark.shop/products/teenage-mutant-ninja-turtles-party-favor-bags-set-12-of-8-pack-tmnt-party-goodie-bags-for-kids-bulk-reusable-tmnt-birthday-party-supplies?variant=48169857450205&_gsid=aDUw29U7pHLM&utm_source=shopify&utm_medium=catalog
occasion,kids,kids party favor bags,kd4012-ep.myshopify.com,routeshop shop,"Disney Cars Party Favor Bags Set – 24 Pack of 8"" Cars Party Goodie Bags for Kids Bulk Reusable Mini Totes | Lightning McQueen Birthday Party Supplies",5999,5999,1,,,,https://routeshop.shop/products/disney-cars-party-favor-bags-set-24-pack-of-8-cars-party-goodie-bags-for-kids-bulk-reusable-mini-totes-lightning-mcqueen-birthday-party-supplies?variant=45460752531525&_gsid=aDUw29U7pHLM&utm_source=shopify&utm_medium=catalog
occasion,kids,kids party favor bags,9b0dac-b6.myshopify.com,Factory Direct Party,Baby Shark Kraft Gift Bags - 8 Pack for Kids' Birthday Parties,709,709,1,,,,https://factorydirectparty.com/products/baby-shark-paper-kraft-gift-bags-blue-green-8-5-in-8-pk-for-birthday-party?variant=51538547966257&_gsid=aDUw29U7pHLM&utm_source=shopify&utm_medium=catalog
occasion,kids,kids party favor bags,kd4012-ep.myshopify.com,routeshop shop,"Disney Toy Story Party Favor Bags Set - Bundle with 12 Drawstring Bags for Kids Plus Stickers, More | Toy Story Birthday Party Supplies Pack",6999,6999,1,,,,https://routeshop.shop/products/disney-toy-story-party-favor-bags-set-bundle-with-12-drawstring-bags-for-kids-plus-stickers-more-toy-story-birthday-party-supplies-pack?variant=45460753481797&_gsid=aDUw29U7pHLM&utm_source=shopify&utm_medium=catalog
occasion,kids,kids party favor bags,globaleparts.myshopify.com,Globaleparts,Kuromi Party Favor Bags Set 12 Goodie Bags with Stickers & More for Kids,3599,3599,1,,,,https://globaleparts.com/products/sanrio-kuromi-party-favor-bags-set-bundle-with-12-kuromi-party-goodie-bags-for-kids-plus-stickers-more-kuromi-party-supplies-for-kids-girls?variant=47114173907131&_gsid=aDUw29U7pHLM&utm_source=shopify&utm_medium=catalog
occasion,kids,kids party favor bags,kd4012-ep.myshopify.com,routeshop shop,"Minnie Mouse Party Favor Bag Set – 12 Pack of 8"" Minnie Mouse Party Goodie Bags for Kids Bulk Reusable Mini Totes | Disney Birthday Party Supplies",3799,3799,1,,,,https://routeshop.shop/products/minnie-mouse-party-favor-bag-set-12-pack-of-8-minnie-mouse-party-goodie-bags-for-kids-bulk-reusable-mini-totes-disney-birthday-party-supplies-1?variant=45460756004933&_gsid=aDUw29U7pHLM&utm_source=shopify&utm_medium=catalog
occasion,kids,kids party favor bags,kd4012-ep.myshopify.com,routeshop shop,Hello Kitty Party Favor Bags Set - Bundle with 6 Drawstring Bags for Kids with Stickers and More | Hello Kitty Birthday Party Supplies,3999,3999,1,,,,https://routeshop.shop/products/hello-kitty-party-favor-bags-set-bundle-with-6-drawstring-bags-for-kids-with-stickers-and-more-hello-kitty-birthday-party-supplies?variant=45460753547333&_gsid=aDUw29U7pHLM&utm_source=shopify&utm_medium=catalog
occasion,kids,kids party favor bags,ha1f0z-m7.myshopify.com,HappyPlayToys,"Hulk Party Favor Bags Set – 24 Pack 8"" Marvel Goodie Bags for Kids Bulk Reusable Mini Totes | Avengers Incredible Hulk Birthday Party Supplies",4349,4349,1,,,,https://happyplay-toys.com/products/b0fhc27j91?variant=43916822413400&_gsid=aDUw29U7pHLM&utm_source=shopify&utm_medium=catalog
occasion,kids,kids party favor bags,magical-memories-collection.myshopify.com,Magical Memories Collection,"Spider-Man Plastic Tote Bag 13 x 11 Inch – Reusable Party Favor Bag for Kids, Gifts and Everyday Use",999,999,1,,,,https://www.magicalmemoriescollection.com/products/spiderman-plastic-tote-bag-13-x-11-1-pc?variant=47819453694211&_gsid=aDUw29U7pHLM&utm_source=shopify&utm_medium=catalog
occasion,kids,kids party favor bags,f1nwh0-h0.myshopify.com,Elovna,"10PCS Halloween Candy Treat Bags – Pumpkin & Witch Cauldron Clear Plastic Candy Bucket with Handle, Reusable Trick or Treat Tote for Kids Halloween Party Favor Bags",1516,1516,1,,,,https://elovna.com/products/10-pcs-halloween-treat-bags-with-handles-pumpkin-plastic?variant=53693750149396&_gsid=aDUw29U7pHLM&utm_source=shopify&utm_medium=catalog
occasion,kids,kids party favor bags,fqr1f0-g0.myshopify.com,Travel Ready,"Agaommio 40pcs Party Favor Bags for Kids Birthday Goodies Bags, Christmas Gift Bag Plastic Gift Bags for Kids Girls Boys Candy Birthday Party Favor Gift Wraps (40pcs balloon pattern 4colors)",773,773,1,,,,https://mytravelready.com/products/b0fc2r16ct?variant=45891242098861&_gsid=aDUw29U7pHLM&utm_source=shopify&utm_medium=catalog
occasion,kids,kids party favor bags,instaballoons.myshopify.com,instaballoons Wholesale,Frozen 2 Loot Bags (8 count),274,274,1,,,,https://www.instaballoons.com/products/frozen-2-loot-bags-unique-8-count?variant=32325798527065&_gsid=aDUw29U7pHLM&utm_source=shopify&utm_medium=catalog
occasion,corporate,corporate event gifts for attendees,8480a2-2.myshopify.com,Handpicked Gifts,Chapel Hill NC Event Bag ($17/bag),6800,6800,1,Quantity,,,https://www.handpickednc.com/products/chapel-hill-nc-event-bag-nc-artisan-welcome-bag?variant=51239519617302&_gsid=rTR8XZyHs4Nr&utm_source=shopify&utm_medium=catalog
occasion,corporate,corporate event gifts for attendees,actzam-1n.myshopify.com,MOBILMOODS,"Corporate Event Holiday Gift Box, Christmas Gift Set for Attendees, Speakers, Sponsors, Employees and VIP Guests",9000,9000,1,Gift box color; Premium tumbler color,,,https://www.mobilmoods.com/products/corporate-event-holiday-gift-box-76920?variant=56920568201382&_gsid=rTR8XZyHs4Nr&utm_source=shopify&utm_medium=catalog
occasion,corporate,corporate event gifts for attendees,shadow-breeze.myshopify.com,Shadow Breeze,Go-Pro,6999,6999,1,"Tumbler, box & pen color",,,https://shadowbreeze.com/products/go-pro?variant=46088472264932&_gsid=rTR8XZyHs4Nr&utm_source=shopify&utm_medium=catalog
occasion,corporate,corporate event gifts for attendees,pjbsid-aq.myshopify.com,UniqueByMelody,Executive Corporate Gift Set Custom Logo Appreciation Box Client Employee Recognition Holiday Welcome Kit Onboarding Speaker Tumbler Docking,10000,10000,1,Gift box color; Tumbler color,custom,,https://uniquebymelody.com/products/executive-corporate-gift-set-custom-logo-16504?variant=49508309958893&_gsid=rTR8XZyHs4Nr&utm_source=shopify&utm_medium=catalog
occasion,corporate,corporate event gifts for attendees,actzam-1n.myshopify.com,MOBILMOODS,"Conference Speaker New Year Gift Box, Corporate Holiday Gift Set for Presenters, Panelists, Sponsors and Event Guests",10000,10000,1,Gift box color; Smart thermos color,,,https://www.mobilmoods.com/products/conference-speaker-new-year-gift-box-26285?variant=56920566726822&_gsid=rTR8XZyHs4Nr&utm_source=shopify&utm_medium=catalog
occasion,corporate,corporate event gifts for attendees,legendaryhide.myshopify.com,LegendaryHide,Personalized Leather Journal + Gift Box + Pen – Branded Gift for Corporate Events,12749,12749,1,Color and insert options,personaliz; custom; engrav,,https://legendaryhide.com/products/bulk-custom-leather-journals-77000?variant=42391165042777&_gsid=rTR8XZyHs4Nr&utm_source=shopify&utm_medium=catalog
occasion,corporate,corporate event gifts for attendees,marigold-grey-inc.myshopify.com,Marigold & Grey ,Meeting Ready,15400,15400,1,Gift tag; Personalization design,custom; personaliz,,https://marigoldgrey.com/products/meeting-ready?variant=39956430946398&_gsid=rTR8XZyHs4Nr&utm_source=shopify&utm_medium=catalog
occasion,corporate,corporate event gifts for attendees,happyhyggegifts-com.myshopify.com,Happy Hygge Gifts,Employee Appreciation Gift Box | Corporate Thank You Gift Set,6300,6300,1,Tumbler + notebook colors; Tumbler sleeve,personaliz,,https://happyhyggegifts.com/products/corporate-gifts-for-employees-unisex-thank-you-gift-box-for-men-women-employee-appreciation-gift-basket-coffee-gift-box-client-gifts?variant=44016983998713&_gsid=rTR8XZyHs4Nr&utm_source=shopify&utm_medium=catalog
occasion,corporate,corporate event gifts for attendees,pjbsid-aq.myshopify.com,UniqueByMelody,Company Logo Gift Set Customized Executive Gift Box Client Appreciation Onboarding Kit Team Gift Conference Promotional Bulk Order,10000,10000,1,Gift box color; Double wall thermos color,custom,,https://uniquebymelody.com/products/company-logo-gift-set-customized-27635?variant=49113543770349&_gsid=rTR8XZyHs4Nr&utm_source=shopify&utm_medium=catalog
occasion,corporate,corporate event gifts for attendees,pjbsid-aq.myshopify.com,UniqueByMelody,Company Logo Gift Set Customized Executive Gift Box Client Appreciation Onboarding Kit Team Gift Set Conference Promotional Bulk Order,8000,8000,1,Gift box color; Double wall thermos color,custom,,https://uniquebymelody.com/products/company-logo-gift-set-customized-82597?variant=49113540395245&_gsid=rTR8XZyHs4Nr&utm_source=shopify&utm_medium=catalog
occasion,corporate,corporate event gifts for attendees,pjbsid-aq.myshopify.com,UniqueByMelody,Executive Corporate Gift Box Leadership Appreciation VIP Client Recognition Business Gifts Custom Logo Bulk Orders,13000,13000,1,,custom,,https://uniquebymelody.com/products/executive-corporate-gift-box-leadership-36980?variant=50284253184237&_gsid=rTR8XZyHs4Nr&utm_source=shopify&utm_medium=catalog
occasion,corporate,corporate event gifts for attendees,pjbsid-aq.myshopify.com,UniqueByMelody,Brand Logo Client Appreciation Box Premium Trade Show Giveaway Customized Logo Gift Set Custom Business Employee and Client Gift Set,10000,10000,1,Gift box color; Smart thermos color,custom,,https://uniquebymelody.com/products/brand-logo-client-appreciation-box-01589?variant=49113535217901&_gsid=rTR8XZyHs4Nr&utm_source=shopify&utm_medium=catalog
occasion,corporate,corporate event gifts for attendees,carnaby-and-vine.myshopify.com,Carnaby and Vine,Elite Retreat - Luxury Corporate Gift Set with Travel Accessories,20000,20000,1,,,,https://www.carnabyandvine.com/products/elite-retreat?variant=43921518526671&_gsid=rTR8XZyHs4Nr&utm_source=shopify&utm_medium=catalog
occasion,corporate,corporate event gifts for attendees,pjbsid-aq.myshopify.com,UniqueByMelody,Corporate Gift Kit Custom Logo Recognition Set Employee Client Appreciation Welcome Holiday Onboarding Box Portable Tumbler Speaker Docking,10000,10000,1,Gift box color; Tumbler color,custom,,https://uniquebymelody.com/products/corporate-gift-kit-custom-logo-20491?variant=49720003494125&_gsid=rTR8XZyHs4Nr&utm_source=shopify&utm_medium=catalog
occasion,corporate,corporate event gifts for attendees,shopjnj.myshopify.com,JNJ Gifts and More,Speaker Appreciation Gifts - Thank You Gift Boxes,7500,7500,1,Style,,,https://jnjgiftsandmore.com/products/speaker-gifts?variant=52109028786489&_gsid=rTR8XZyHs4Nr&utm_source=shopify&utm_medium=catalog
occasion,corporate,corporate event gifts for attendees,ijfi1v-wy.myshopify.com,Keepsake Journey,"Custom Laser Engraved Leatherette Portfolio – Corporate Gifts, Executive Notepad, Conference Giveaway",2500,2500,1,,custom; engrav,,https://keepsakejourney.com/products/small-business-portfolio-notebook?variant=49147053736169&_gsid=rTR8XZyHs4Nr&utm_source=shopify&utm_medium=catalog
occasion,corporate,corporate event gifts for attendees,corporate-gift-expert.myshopify.com,Corporate Gift Experts,Thank You Popcorn and Snack Gift Bag,1765,1765,1,,,,https://www.corporategiftexperts.com/products/1951501?variant=43329845166215&_gsid=rTR8XZyHs4Nr&utm_source=shopify&utm_medium=catalog
occasion,corporate,corporate event gifts for attendees,pjbsid-aq.myshopify.com,UniqueByMelody,Corporate Gift Basket Custom Logo Recognition Set Employee Client Appreciation Welcome Holiday Onboarding Box Tumbler Speaker Docking,10000,10000,1,Gift box color; Tumbler color,custom,,https://uniquebymelody.com/products/corporate-gift-basket-custom-logo-97913?variant=49730344026349&_gsid=rTR8XZyHs4Nr&utm_source=shopify&utm_medium=catalog
occasion,corporate,corporate event gifts for attendees,happyhyggegifts-com.myshopify.com,Happy Hygge Gifts,Corporate Gift Basket | New Hire Welcome Gift,3700,3700,1,Tumbler color; Tumbler sleeve,personaliz,,https://happyhyggegifts.com/products/employee-appreciation-gift-corporate-gift-basket-new-hire-welcome-gift?variant=43672022352121&_gsid=rTR8XZyHs4Nr&utm_source=shopify&utm_medium=catalog
occasion,corporate,corporate event gifts for attendees,8480a2-2.myshopify.com,Handpicked Gifts,Charlotte NC Event Bag ($17/bag),6800,6800,1,Quantity,,,https://www.handpickednc.com/products/charlotte-nc-event-bag?variant=51239228080406&_gsid=rTR8XZyHs4Nr&utm_source=shopify&utm_medium=catalog
occasion,corporate,corporate event gifts for attendees,gift-box-fest.myshopify.com,Gift Fest & Co.,Personalized Corporate Gift Box | Welcome to the Team Gift Box,4199,4199,1,Color of wording on mug &amp; notebook; Mug &amp; notebook color,personaliz; custom,,https://giftfestandco.com/products/personalized-corporate-gift-box-welcome-to-the-team-gift-coworker-gift-new-hire-gift-thank-you-team-gift-retreat-gift-conference-gift?variant=44711800504602&_gsid=rTR8XZyHs4Nr&utm_source=shopify&utm_medium=catalog
occasion,corporate,corporate event gifts for attendees,pjbsid-aq.myshopify.com,UniqueByMelody,Corporate Gift Box Custom Logo Appreciation Set Employee Client Appreciation Holiday Welcome Onboarding Kit Portable Speaker Tumbler Docking,10000,10000,1,Gift box color; Tumbler color,custom,,https://uniquebymelody.com/products/corporate-gift-box-custom-logo-50763?variant=49510405931245&_gsid=rTR8XZyHs4Nr&utm_source=shopify&utm_medium=catalog
occasion,corporate,corporate event gifts for attendees,gift-box-fest.myshopify.com,Gift Fest & Co.,Personalized Corporate Gift - Black | Thank You Gift,4499,4499,1,Color of initials on notebook,personaliz; custom; initials,,https://giftfestandco.com/products/copy-of-personalized-corporate-gift-black-thank-you-gift?variant=47002661519642&_gsid=rTR8XZyHs4Nr&utm_source=shopify&utm_medium=catalog
occasion,corporate,corporate event gifts for attendees,actzam-1n.myshopify.com,MOBILMOODS,"Premium Signature Gift Box, Personalized Corporate Gifting for Employees, Clients, Partners, Conferences and Holiday Campaigns",12000,12000,1,,personaliz,,https://www.mobilmoods.com/products/premium-signature-gift-box-personalized-40443?variant=56920584061094&_gsid=rTR8XZyHs4Nr&utm_source=shopify&utm_medium=catalog
occasion,corporate,corporate event gifts for attendees,pjbsid-aq.myshopify.com,UniqueByMelody,Corporate Logo Gift Box Customized Executive Gift Set Client Appreciation Onboarding Kit Team Gift Conference Promotional Bulk Order,6000,6000,1,Gift box color; Double wall thermos color,custom,,https://uniquebymelody.com/products/corporate-logo-gift-box-customized-42713?variant=49113542983917&_gsid=rTR8XZyHs4Nr&utm_source=shopify&utm_medium=catalog
occasion,corporate,corporate event gifts for attendees,corporate-gift-expert.myshopify.com,Corporate Gift Experts,Corporate Appreciation & Client Giveaway Set,3898,3898,1,,,,https://www.corporategiftexperts.com/products/wg15604?variant=43321686261895&_gsid=rTR8XZyHs4Nr&utm_source=shopify&utm_medium=catalog
occasion,corporate,corporate event gifts for attendees,actzam-1n.myshopify.com,MOBILMOODS,"Branded Signature Corporate Gift Box, Custom Company Logo Gifts for Staff, Executives, Clients, New Hires and Business Events",12000,12000,1,,custom,,https://www.mobilmoods.com/products/branded-signature-corporate-gift-box-78194?variant=56920545067174&_gsid=rTR8XZyHs4Nr&utm_source=shopify&utm_medium=catalog
occasion,corporate,corporate event gifts for attendees,pjbsid-aq.myshopify.com,UniqueByMelody,Corporate Gift Box with Custom Logo Thermos Employee Onboarding Client Appreciation Gift Trade Show Giveaway Conference Bulk Company Orders,5000,5000,1,Gift set option,custom; personaliz,,https://uniquebymelody.com/products/corporate-gift-box-with-custom-logo-19830?variant=50277583028461&_gsid=rTR8XZyHs4Nr&utm_source=shopify&utm_medium=catalog
occasion,corporate,corporate event gifts for attendees,mocha-miski.myshopify.com,Mocha Misk'i,Personalized Corporate Thank You Brownie Gift Box | Custom Client & Employee Appreciation Gift,5799,5799,1,,personaliz; custom,,https://www.mochamiski.com/products/thank-you-gift-corporate-small-message?variant=39296363692098&_gsid=rTR8XZyHs4Nr&utm_source=shopify&utm_medium=catalog
occasion,corporate,corporate event gifts for attendees,actzam-1n.myshopify.com,MOBILMOODS,"Hospitality Company Christmas Gift Box, Holiday Gift Set for Hotel Staff, Managers, Guests and Corporate Event Clients",14286,14286,1,Gift box color; 16oz regular tumbler color,,,https://www.mobilmoods.com/products/hospitality-company-christmas-gift-box-79906?variant=56920513085606&_gsid=rTR8XZyHs4Nr&utm_source=shopify&utm_medium=catalog
occasion,corporate,corporate event gifts for attendees,pjbsid-aq.myshopify.com,UniqueByMelody,Custom Logo Corporate Gift Box with Wireless Charger Employee Welcome Gift Set Client Appreciation Company Trade Show Conference Bulk Order,5500,5500,1,Gift set option,custom,,https://uniquebymelody.com/products/custom-logo-corporate-gift-box-with-96643?variant=50277579555053&_gsid=rTR8XZyHs4Nr&utm_source=shopify&utm_medium=catalog
occasion,corporate,corporate event gifts for attendees,actzam-1n.myshopify.com,MOBILMOODS,"Consulting Firm Executive Gift with Personalized Tech Portfolio for Consultants, Partners and Business Clients Gift Set",15000,15000,1,Gift box colors,personaliz,,https://www.mobilmoods.com/products/consulting-firm-executive-gift-with-53034?variant=56920526454950&_gsid=rTR8XZyHs4Nr&utm_source=shopify&utm_medium=catalog
occasion,corporate,corporate event gifts for attendees,actzam-1n.myshopify.com,MOBILMOODS,"Personalized Smart Thermos with Temperature Display, Custom Logo Corporate Gift, Employee and Client Appreciation Bottle, Conference Swag",3500,3500,1,Thermos color,personaliz; custom,,https://www.mobilmoods.com/products/personalized-smart-thermos-with-35124?variant=56920520229030&_gsid=rTR8XZyHs4Nr&utm_source=shopify&utm_medium=catalog
occasion,corporate,corporate event gifts for attendees,bonvivantgift.myshopify.com,Bon Vivant Gift Boxes,Welcome to Austin,4800,4800,1,,personaliz,,https://bonvivantdelivered.com/products/welcome-to-austin?variant=44689327751406&_gsid=rTR8XZyHs4Nr&utm_source=shopify&utm_medium=catalog
occasion,corporate,corporate event gifts for attendees,pjbsid-aq.myshopify.com,UniqueByMelody,Corporate Logo Gift Box Premium Custom Business Employee and Client Gift Set Personalized Logo Customer Appreciation Set Trade Show Giveaway,10000,10000,1,Gift set option; Tumbler customization,custom; personaliz,,https://uniquebymelody.com/products/corporate-logo-gift-box-premium-custom-56150?variant=50277739692269&_gsid=rTR8XZyHs4Nr&utm_source=shopify&utm_medium=catalog
occasion,corporate,corporate event gifts for attendees,bmjgxv-1s.myshopify.com,United Promo,"Company Team Meeting Gift Box, New Employee Gift Box, Corporate Client Gift Box, New Hire Welcome Gift, Custom Logo Holiday Gift Box",12000,12000,1,Gift box color; Smart thermos color,custom,,https://unitedpromo.us/products/company-team-meeting-gift-box-new-employee-gift-box-corporate-client-gift-box-new-hire-welcome-gift-custom-logo-holiday-gift-box-1?variant=43066927022122&_gsid=rTR8XZyHs4Nr&utm_source=shopify&utm_medium=catalog
occasion,corporate,corporate event gifts for attendees,pjbsid-aq.myshopify.com,UniqueByMelody,Logo Executive Gift Set Customized Company Gift Box Client Appreciation Onboarding Kit Team Gift Set Conference Promotional Bulk Order,7000,7000,1,Gift box color; Double wall thermos color,custom,,https://uniquebymelody.com/products/logo-executive-gift-set-customized-86189?variant=49113538429165&_gsid=rTR8XZyHs4Nr&utm_source=shopify&utm_medium=catalog
occasion,corporate,corporate event gifts for attendees,b9pa0i-62.myshopify.com,BuyCura,"Corporate Gift Set – Eco-Friendly Bamboo Water Bottle, Handcrafted Journal, Pen, Keychain & Wooden Bookmark in Elegant Box – Employee Appreciation, Executive & Client Gift Box",9199,9199,1,,,,https://buycura.co/products/corporate-gift-set-eco-friendly-bamboo-water-bottle-handcrafted-journal-pen-keychain-wooden-bookmark-in-elegant-box-employee-appreciation-executive-client-gift-box?variant=48901615222967&_gsid=rTR8XZyHs4Nr&utm_source=shopify&utm_medium=catalog
occasion,corporate,corporate event gifts for attendees,bmjgxv-1s.myshopify.com,United Promo,"Business Client Appreciation Gift Box, Employee Thanks Gift Box, Company Logo Holiday Gift Box, Affordable Corporate Logo Milestone Gift Box",8000,8000,1,Box and thermos color; Printing options,,,https://unitedpromo.us/products/business-client-appreciation-gift-box-employee-thanks-gift-box-company-logo-holiday-gift-box-affordable-corporate-logo-milestone-gift-box-3?variant=43314296750122&_gsid=rTR8XZyHs4Nr&utm_source=shopify&utm_medium=catalog
occasion,corporate,corporate event gifts for attendees,pjbsid-aq.myshopify.com,UniqueByMelody,Personalized Company Logo Gift Box Custom Employee Appreciation Business Client Team Recognition Gift Kit Giveaway for Trade Show,11000,11000,1,Gift box color; Tumbler color,personaliz; custom,,https://uniquebymelody.com/products/personalized-company-logo-gift-box-custom-58160?variant=49756721086701&_gsid=rTR8XZyHs4Nr&utm_source=shopify&utm_medium=catalog
occasion,corporate,corporate event gifts for attendees,pjbsid-aq.myshopify.com,UniqueByMelody,Company Custom Logo Gift Box Personalized Corporate Employee Recognition Trade Show Client Appreciation Promotional Bulk Order Gift Set,10000,10000,1,Gift box color; Tumbler color,custom; personaliz,,https://uniquebymelody.com/products/company-custom-logo-gift-box-61752?variant=49113544818925&_gsid=rTR8XZyHs4Nr&utm_source=shopify&utm_medium=catalog
occasion,corporate,corporate event gifts for attendees,bve2yc-ak.myshopify.com,SunPackedCo ,Employee Appreciation Gift Bag | Thank You Staff Corporate Team Gift Set,2099,2099,1,,,,https://sunpackedco.com/products/employee-appreciation-gift-bag-thank-35540?variant=54518002450754&_gsid=rTR8XZyHs4Nr&utm_source=shopify&utm_medium=catalog
occasion,corporate,corporate event gifts for attendees,pjbsid-aq.myshopify.com,UniqueByMelody,Corporate Logo Gift Box Personalized Company Trade Show Giveaway Client Employee Appreciation Promotional Bulk Order Custom Gift Set,6000,6000,1,Gift box color; Tumbler color,personaliz; custom,,https://uniquebymelody.com/products/corporate-logo-gift-box-personalized-26968?variant=49113543377133&_gsid=rTR8XZyHs4Nr&utm_source=shopify&utm_medium=catalog
occasion,corporate,corporate event gifts for attendees,crystalimagery.myshopify.com,Crystal Imagery,Custom Logo Whiskey Decanter & Rocks Glasses Gift Set with Custom Gift Box – Set of 3,13000,13000,1,,custom,,https://crystalimagery.com/products/custom-logo-whiskey-decanter-rocks-glasses-gift-set-with-custom-gift-box-set-of-3?variant=45881351372883&_gsid=rTR8XZyHs4Nr&utm_source=shopify&utm_medium=catalog
occasion,corporate,corporate event gifts for attendees,bmjgxv-1s.myshopify.com,United Promo,"Company Team Meeting Gift Box, New Employee Gift Box, Corporate Client Gift Box, New Hire Welcome Gift, Custom Logo Holiday Gift Box",15000,15000,1,,custom,,https://unitedpromo.us/products/company-team-meeting-gift-box-new-employee-gift-box-corporate-client-gift-box-new-hire-welcome-gift-custom-logo-holiday-gift-box-3?variant=43665537499178&_gsid=rTR8XZyHs4Nr&utm_source=shopify&utm_medium=catalog
occasion,corporate,corporate event gifts for attendees,auntlauries.myshopify.com,Aunt Laurie's,Corporate Event Gift Baskets,425,425,1,,custom,,https://auntlauries.com/products/corporate-event-gift-baskets-virtual-event-gift-baskets?variant=40697361760445&_gsid=rTR8XZyHs4Nr&utm_source=shopify&utm_medium=catalog
occasion,corporate,corporate event gifts for attendees,c3810d-1f.myshopify.com,The Lydia Line,The Event Ready Set,4500,4500,1,Options,,,https://lydialine.com/products/event-ready-set?variant=44792083742790&_gsid=rTR8XZyHs4Nr&utm_source=shopify&utm_medium=catalog
occasion,corporate,corporate event gifts for attendees,bmjgxv-1s.myshopify.com,United Promo,"Affordable Giveaway Company Logo Gift Box, Corporate Marketing Gift Box, Personalized Company Event Gift Box, Company Holiday Gift Box",5000,5000,1,,personaliz; custom,,https://unitedpromo.us/products/affordable-giveaway-company-logo-gift-box-corporate-marketing-gift-box-personalized-company-event-gift-box-company-holiday-gift-box-6?variant=43314288427050&_gsid=rTR8XZyHs4Nr&utm_source=shopify&utm_medium=catalog
occasion,corporate,corporate event gifts for attendees,corporate-gift-expert.myshopify.com,Corporate Gift Experts,Thank You Snack & Tumbler Gift Set with Lunch Bag,2798,2798,1,,,,https://www.corporategiftexperts.com/products/1753101?variant=43329843527815&_gsid=rTR8XZyHs4Nr&utm_source=shopify&utm_medium=catalog
occasion,corporate,corporate event gifts for attendees,actzam-1n.myshopify.com,MOBILMOODS,"Custom Business Academy Gift Box, Corporate Training & Leadership Gift Set, Branded Executive Set for Clients and Employees",6000,6000,1,Gift box color; Smart thermos color,custom,,https://www.mobilmoods.com/products/affordable-bulk-order-gift-box-new-year-27469?variant=56960940998822&_gsid=rTR8XZyHs4Nr&utm_source=shopify&utm_medium=catalog
bulk,favors_bulk,party favors bulk 50,vgyypu-v8.myshopify.com,Vera Nest Home,Tealight Candles Party Favor Sets 50 Pack with Gift Bags and Cards - Unscented Paraffin Wax Tea Lights Bulk Set for Weddings Birthdays Baby Showers Pink,4899,4899,1,Quantity,,,https://veranesthome.com/products/tealight-candles-party-favor-set-50-pack-gift-bags-cards-pink?variant=46930390384828&_gsid=qemhTA5sBbJ5&utm_source=shopify&utm_medium=catalog
bulk,favors_bulk,party favors bulk 50,vgyypu-v8.myshopify.com,Vera Nest Home,"Rhinestone Bottle Opener Party Favors 50 Pack - Gold 50th Birthday & Wedding Anniversary Souvenirs for Guests, Decorative Beer Opener Bulk Party Favors with Rhinestone Bling Decoration",10499,10499,1,Quantity,,,https://veranesthome.com/products/rhinestone-bottle-opener-party-favors-50-pack-gold-50th-birthday-wedding?variant=46931230032060&_gsid=qemhTA5sBbJ5&utm_source=shopify&utm_medium=catalog
bulk,favors_bulk,party favors bulk 50,4partydecorations.myshopify.com,PartyDecorations.com,12 Pack Bulk 50th Birthday Party Centerpiece - multi-color,6031,6031,1,,,,https://www.partydecorations.com/products/birthday-party-50-gleam-n-burst-centerpiece?variant=50332311879991&_gsid=qemhTA5sBbJ5&utm_source=shopify&utm_medium=catalog
bulk,favors_bulk,party favors bulk 50,vgyypu-v8.myshopify.com,Vera Nest Home,100 Pcs Wedding Party Favor Boxes Dress & Tuxedo Candy Gift Boxes with Ribbon – Vintage Bridal Shower Birthday Treat Bags Bulk Decoration,5199,5199,1,Quantity,,,https://veranesthome.com/products/100pcs-wedding-favor-boxes-dress-tuxedo-candy-gift-ribbon?variant=46930757288124&_gsid=qemhTA5sBbJ5&utm_source=shopify&utm_medium=catalog
bulk,favors_bulk,party favors bulk 50,party-secret.myshopify.com,Bulk Party Decorations,Bulk 0.5 oz Iridescent Party Confetti (12 Pkgs per Case),1944,1944,1,,,,https://www.bulkpartydecorations.com/products/pd-336390-case?variant=40175705096257&_gsid=qemhTA5sBbJ5&utm_source=shopify&utm_medium=catalog
bulk,favors_bulk,party favors bulk 50,party-secret.myshopify.com,Bulk Party Decorations,Bulk Flag Picks (600 per Case),2851,2851,1,,,,https://www.bulkpartydecorations.com/products/pd-01726-case?variant=40175634284609&_gsid=qemhTA5sBbJ5&utm_source=shopify&utm_medium=catalog
bulk,favors_bulk,party favors bulk 50,vgyypu-v8.myshopify.com,Vera Nest Home,"Heart Shaped Glasses 25 Pack Candy Color Party Sunglasses Bulk for Photo Booth Props, Birthday Wedding Bachelorette Bridal Shower Halloween Christmas Party Favors, Fun Novelty Eyewear",4699,4699,1,Color,,,https://veranesthome.com/products/heart-shaped-glasses-25-pack-candy-color-party-favors?variant=46930381701308&_gsid=qemhTA5sBbJ5&utm_source=shopify&utm_medium=catalog
bulk,favors_bulk,party favors bulk 50,vgyypu-v8.myshopify.com,Vera Nest Home,Small Thank You Gift Bags with Handles Bulk 50 Pack 5.5x2.5x4.7 Inch Party Favor Bags for Bridal Shower Birthday Baby Shower Wedding Goodie Bags Treat Bags Gift Wrap Bags,5399,5399,1,Color; Quantity,,,https://veranesthome.com/products/small-thank-you-gift-bags-with-handles-bulk-50-pack?variant=46930346836156&_gsid=qemhTA5sBbJ5&utm_source=shopify&utm_medium=catalog
bulk,favors_bulk,party favors bulk 50,ia30jn-jd.myshopify.com,Confetti & Cuties,"Plastic Party Favor Bags, 50 PCS 6"" x 8"" Assorted Color Party Goodie Bags for Kids, Plastic Favor Bag Bulk with Handle for Kids Birthday Party, Christmas, Halloween, Weddings",1748,1748,1,,,,https://confetticuties.com/products/b09xm63nhk?variant=52634747830637&_gsid=qemhTA5sBbJ5&utm_source=shopify&utm_medium=catalog
bulk,favors_bulk,party favors bulk 50,vgyypu-v8.myshopify.com,Vera Nest Home,Party Favor Balls Bulk 60 Pack 1.57 Inch Mixed Color Love Message Balls for First Communion Baptism Christmas Valentine New Year Religious Party Gifts and Event Decorations,6699,6699,1,Color,,,https://veranesthome.com/products/party-favor-balls-bulk-60-pack-love-message-communion-baptism-christmas-valentine?variant=46930391498940&_gsid=qemhTA5sBbJ5&utm_source=shopify&utm_medium=catalog
bulk,favors_bulk,party favors bulk 50,party-secret.myshopify.com,Bulk Party Decorations,Bulk Navy and Gold 50th Birthday Luncheon Napkins (192 per Case),3216,3216,1,,,,https://www.bulkpartydecorations.com/products/pd-357608-case?variant=40175781871681&_gsid=qemhTA5sBbJ5&utm_source=shopify&utm_medium=catalog
bulk,favors_bulk,party favors bulk 50,altamoro-uk.myshopify.com,AltaMoro-uk,Cookie Bags Bulk for Birthday Party Favors Supplies,1695,1695,1,Style,,,https://altamorouk.com/products/cookie-bags-bulk-for-birthday-party-favors-supplies?variant=52867651469493&_gsid=qemhTA5sBbJ5&utm_source=shopify&utm_medium=catalog
bulk,favors_bulk,party favors bulk 50,fqr1f0-g0.myshopify.com,Travel Ready,"50 PCS Black and Gold Party Favor Gift Bags, Plastic Bags with Handles,Candy Snack Cookie Bags, Party Gift Bags Bulk for New Year Christmas Party Favors Supplies Graduation Decorations Baggies",1238,1238,1,,,,https://mytravelready.com/products/b0gk755q56?variant=45891237773485&_gsid=qemhTA5sBbJ5&utm_source=shopify&utm_medium=catalog
bulk,favors_bulk,party favors bulk 50,fqr1f0-g0.myshopify.com,Travel Ready,"Plastic Party Favor Bags, 50 PCS 6"" x 8"" Assorted Color Party Goodie Bags for Kids, Plastic Favor Bag Bulk with Handle for Kids Birthday Party, Christmas, Halloween, Weddings",1083,1083,1,,,,https://mytravelready.com/products/b09xm63nhk?variant=45890696052909&_gsid=qemhTA5sBbJ5&utm_source=shopify&utm_medium=catalog
bulk,favors_bulk,party favors bulk 50,fusionrepublic.myshopify.com,FUSIONREPUBLIC,"Soccer Party Favor Bags, Football Design, Bulk 10-50 Pack",1499,1499,1,Color; Size,,,https://fusionrepublic.com/products/10-20-30-40-50pcs-soccer-treat-bags-gift-bags-with-twist-ties-football-cellophane-soccer-party-favors-birthday-party-supplies?variant=50634189635925&_gsid=qemhTA5sBbJ5&utm_source=shopify&utm_medium=catalog
bulk,favors_bulk,party favors bulk 50,vxb-ball-bearings.myshopify.com,VXB Bearings,50 Pack Multicolor Party Favor Gift Bags 8x11 Inches With Handles Reusable Plastic Goodie Bags For Candy Snacks Jewelry Crafts Bulk Set For Kids Birthday Parties School Events And Festive Occasions,3999,3999,1,,,,https://vxb.com/products/50-pack-multicolor-party-favor-gift-bags-8x11-inch?variant=48376817582315&_gsid=qemhTA5sBbJ5&utm_source=shopify&utm_medium=catalog
bulk,favors_bulk,party favors bulk 50,ia30jn-jd.myshopify.com,Confetti & Cuties,"ANZNKU 50PCS Colorful Party Favor Gift Bags 8x11, Plastic Goodie Bags Bulk",1998,1998,1,,,,https://confetticuties.com/products/b0fx8jrpmz?variant=53632834142573&_gsid=qemhTA5sBbJ5&utm_source=shopify&utm_medium=catalog
bulk,favors_bulk,party favors bulk 50,p8yj0x-4w.myshopify.com,buynbuy store,Foilswirl 50 Sets Flower Wedding Bubble Wands Bulk Party Favors White Mini Bubble Stick for Guests Greeting Card Goodie Bag Stuffer Wedding Bubbles for Send off Valentine Gift Celebration Party Supply,3999,3999,1,,,,https://buynbuy.store/products/foilswirl-50-sets-flower-wedding-bubble-wands-bulk-party-favors-white-mini-bubble-stick-for-guests-greeting-card-goodie-bag-stuffer-wedding-bubbles-for-send-off-valentine-gift-celebration-party-supply?variant=54143328616747&_gsid=qemhTA5sBbJ5&utm_source=shopify&utm_medium=catalog
bulk,favors_bulk,party favors bulk 50,k4xet1-7i.myshopify.com,joycraft,"qiqee 50-Packs Brown Paper Gift Bags with Handles Bulk 4.5""x2.5""x6"" Mini Size Party Favor Bags Multiple Uses",4499,4499,1,,,,https://www.joycraftshop.com/products/b0fldcd9dm?variant=51590585876759&_gsid=qemhTA5sBbJ5&utm_source=shopify&utm_medium=catalog
bulk,favors_bulk,party favors bulk 50,4partydecorations.myshopify.com,PartyDecorations.com,25 Pack Bulk 50th Birthday Party Glittered Foil Eyeglasses,2956,2956,1,,,,https://www.partydecorations.com/products/birthday-party-50-glittered-foil-eyeglasses?variant=50332313354551&_gsid=qemhTA5sBbJ5&utm_source=shopify&utm_medium=catalog
bulk,favors_bulk,party favors bulk 50,partyshopco.myshopify.com,MyPartyshopco,"BULK Wedding Matches Set of 50, The Perfect Match Personalized Matches, Wedding Matchboxes Party Favors, Celebration, Custom Wedding Favor",4650,4650,1,Labeled or unlabeled; Select background color,personaliz; custom,,https://www.mypartyshopco.com/products/bulk-wedding-matches-set-of-50-the-perfect-match-personalized-matches-wedding-matchboxes-party-favors-celebration-custom-wedding-favor?variant=46725009899672&_gsid=qemhTA5sBbJ5&utm_source=shopify&utm_medium=catalog
bulk,favors_bulk,party favors bulk 50,97yevj-xb.myshopify.com,Festora,"Party City 50 Glow Sticks Bulk Party Pack 8”– Neon Glow in the Dark Party Supplies, Glowsticks with Connectors Bracelets & Necklaces, Light Up Favors for Kids, Adults, Birthdays, Parties, Decorations",1300,1300,1,,,,https://festoras.com/products/b0fdfbkkp2?variant=53947863433508&_gsid=qemhTA5sBbJ5&utm_source=shopify&utm_medium=catalog
bulk,favors_bulk,party favors bulk 50,h90tgr-vp.myshopify.com,LILO,"Deekin Rubber Ducks 2 Inch Bulk Sport Party Favors for Team Events Decorations Birthday Party Supplies Club Player Gift(50 Pcs,Soccer)",4379,4379,1,,,,https://liloroo.com/products/b0f1n6bm21?variant=43641032540238&_gsid=qemhTA5sBbJ5&utm_source=shopify&utm_medium=catalog
bulk,favors_bulk,party favors bulk 50,usatoyz.myshopify.com,USA Toyz,"Party City 8"" Bendable Glow Sticks Bulk Party Pack - 400pk",2499,2499,1,,,,https://usatoyz.com/products/party-city-400-glow-sticks-bulk-party-pack-8-inch?variant=42073217237086&_gsid=qemhTA5sBbJ5&utm_source=shopify&utm_medium=catalog
bulk,favors_bulk,party favors bulk 50,sugar-bear-candy.myshopify.com,Sugar Bear Candy,Piñata Candy Mix – Colorful Assorted Party Candy Bulk Variety Pack,1899,1899,1,,,,https://sugarbearcandystore.com/products/pinata-candy-mix-colorful-assorted-party-candy-bulk-variety-pack?variant=47199685640382&_gsid=qemhTA5sBbJ5&utm_source=shopify&utm_medium=catalog
bulk,favors_bulk,party favors bulk 50,29zjyh-uy.myshopify.com,CelebrateHub,"qiqee 50-Packs Brown Paper Gift Bags with Handles Bulk 4.5""x2.5""x6"" Mini Size Party Favor Bags Multiple Uses",2637,2637,1,,,,https://celebratehubs.com/products/b0fldcd9dm?variant=52438024093975&_gsid=qemhTA5sBbJ5&utm_source=shopify&utm_medium=catalog
bulk,favors_bulk,party favors bulk 50,s0kmsv-hm.myshopify.com,Little Sparks Studio_KIDS SHOP,"Party City 50 Glow Sticks Bulk Party Pack 8”– Neon Glow in the Dark Party Supplies, Glowsticks with Connectors Bracelets & Necklaces, Light Up Favors for Kids, Adults, Birthdays, Parties, Decorations",1159,1159,1,,custom,,https://homejoykids1.com/products/b0fdfbkkp2?variant=43857193861219&_gsid=qemhTA5sBbJ5&utm_source=shopify&utm_medium=catalog
bulk,favors_bulk,party favors bulk 50,29zjyh-uy.myshopify.com,CelebrateHub,"qiqee 50-Packs Brown Paper Gift Bags with Handles Bulk 13""x10.3""x4.6"" Large Size Party Favor Bags Multiple Uses",3132,3132,1,,,,https://celebratehubs.com/products/b0fldc7w7n?variant=52438022193431&_gsid=qemhTA5sBbJ5&utm_source=shopify&utm_medium=catalog
bulk,favors_bulk,party favors bulk 50,fqr1f0-g0.myshopify.com,Travel Ready,50 Sets Wedding Party Favors for Guests Bulk Including Mini Heart Shaped Candles and Empty Matches Jars with Cork Top Thank You Cards and Organza Bags for Wedding Bridal Shower Party Souvenir,5733,5733,1,,,,https://mytravelready.com/products/b0f7lf47nb?variant=45892353392813&_gsid=qemhTA5sBbJ5&utm_source=shopify&utm_medium=catalog
bulk,favors_bulk,party favors bulk 50,ha1f0z-m7.myshopify.com,HappyPlayToys,"Party City 50 Glow Sticks Bulk Party Pack 8”– Neon Glow in the Dark Party Supplies, Glowsticks with Connectors Bracelets & Necklaces, Light Up Favors for Kids, Adults, Birthdays, Parties, Decorations",1159,1159,1,,,,https://happyplay-toys.com/products/b0fdfbkkp2?variant=43916106825816&_gsid=qemhTA5sBbJ5&utm_source=shopify&utm_medium=catalog
bulk,favors_bulk,party favors bulk 50,mypartypackage.myshopify.com,MyPartyPackage,"78PCs LED Light Up Toy Party Favors Glow In The Dark,Party Supplies Bulk For Adult Kids Birthday Halloween With 50 Finger Light, 12 Jelly Ring, 6 Flashing Glasses, 5 Bracelet, 5 Fiber Optic Hair Light",3999,3999,1,,,,https://mypartypackage.net/products/78pcs-led-light-up-toy-party-favors-glow-in-the-dark-party-supplies-bulk-for-adult-kids-birthday-halloween-with-50-finger-light-12-jelly-ring-6-flashing-glasses-5-bracelet-5-fiber-optic-hair-light?variant=40430819115144&_gsid=qemhTA5sBbJ5&utm_source=shopify&utm_medium=catalog
bulk,favors_bulk,party favors bulk 50,southerndelightscandy.myshopify.com,Southern Delights Pecan Candy LLC.,Party Favors,10000,10000,1,Amount,,,https://southernpecancandy.com/products/party-favors?variant=48557472416036&_gsid=qemhTA5sBbJ5&utm_source=shopify&utm_medium=catalog
bulk,favors_bulk,party favors bulk 50,tbd-inc.myshopify.com,Gumball.com,Filled Party Bag 11in (50pcs),14799,14799,1,,,,https://www.gumball.com/products/filled-party-bag-11in-50pcs?variant=44323858284726&_gsid=qemhTA5sBbJ5&utm_source=shopify&utm_medium=catalog
bulk,favors_bulk,party favors bulk 50,bulkpartysupplies.myshopify.com,Bulk Party Supplies,Pirate Treasure Chest Party Favor Boxes,560,560,1,Pack size,,,https://www.bulkpartysupplies.com/products/pirate-party-treasure-chests?variant=44811767742683&_gsid=qemhTA5sBbJ5&utm_source=shopify&utm_medium=catalog
bulk,favors_bulk,party favors bulk 50,2icc00-jg.myshopify.com,Adiyi,"85PCS Halloween Party Favors Bulk, 50 Rings, 20 Brooches, 7 Necklaces, 8 Bracelets,Halloween Toys for Kids, Glow in the Dark Toys, Bulk Halloween Goodie Bag Fillers, Halloween Party Supplies",11420,11420,1,,,,https://adiyi.com/products/85pcs-halloween-party-favors-bulk-50-rings-20-brooches-7-necklaces-8-bracelets-halloween-toys-for-kids-glow-in-the-dark-toys-bulk-halloween-goodie-bag-fillers-halloween-party-supplies-d01027epu2x?variant=42398287855671&_gsid=qemhTA5sBbJ5&utm_source=shopify&utm_medium=catalog
bulk,favors_bulk,party favors bulk 50,29zjyh-uy.myshopify.com,CelebrateHub,"AWELL Pink Favor Box Bulk 2.5x2x2.5 inches with Heart Bow Party Favor Box,Pink,Pack of 50",1648,1648,1,,,,https://celebratehubs.com/products/b07m9dpn4h?variant=52438145499415&_gsid=qemhTA5sBbJ5&utm_source=shopify&utm_medium=catalog
bulk,favors_bulk,party favors bulk 50,fqr1f0-g0.myshopify.com,Travel Ready,"Party City 50 Glow Sticks Bulk Party Pack 8”– Neon Glow in the Dark Party Supplies, Glowsticks with Connectors Bracelets & Necklaces, Light Up Favors for Kids, Adults, Birthdays, Parties, Decorations",1717,1717,1,,,,https://mytravelready.com/products/b0fdfbkkp2?variant=45891892150445&_gsid=qemhTA5sBbJ5&utm_source=shopify&utm_medium=catalog
bulk,favors_bulk,party favors bulk 50,29zjyh-uy.myshopify.com,CelebrateHub,"qiqee 50-Packs Red Paper Gift Bags with Handles Bulk 12.6""x4.3""x10"" Wide Large Size Party Favor Bags Multiple Uses",3957,3957,1,,,,https://celebratehubs.com/products/b0fldbwq3y?variant=52438023864599&_gsid=qemhTA5sBbJ5&utm_source=shopify&utm_medium=catalog
bulk,favors_bulk,party favors bulk 50,h90tgr-vp.myshopify.com,LILO,"Deekin Rubber Ducks 2 Inch Bulk Sport Party Favors for Team Events Decorations Birthday Party Supplies Club Player Gift(50 Pcs,Baseball Blue)",5109,5109,1,,,,https://liloroo.com/products/b0fwcbfmzy?variant=43641034506318&_gsid=qemhTA5sBbJ5&utm_source=shopify&utm_medium=catalog
bulk,favors_bulk,party favors bulk 50,bathhouse-soapery.myshopify.com,Bathhouse Soapery & Caldarium,Soap Favors - 50 Count,15000,15000,1,,,,https://bathhousesoap.com/products/variety-pack-sample-soaps-quantity-30?variant=6612651540507&_gsid=qemhTA5sBbJ5&utm_source=shopify&utm_medium=catalog
bulk,favors_bulk,party favors bulk 50,29zjyh-uy.myshopify.com,CelebrateHub,"qiqee 50-Packs Bright Yellow Paper Gift Bags with Handles Bulk 4.5""x2.5""x6"" Mini Size Party Favor Bags Multiple Uses",2967,2967,1,,,,https://celebratehubs.com/products/b0fldgwhnq?variant=52438021636375&_gsid=qemhTA5sBbJ5&utm_source=shopify&utm_medium=catalog
bulk,favors_bulk,party favors bulk 50,vgyypu-v8.myshopify.com,Vera Nest Home,"Natural Jute Drawstring Bags 50pcs – Multipurpose Gift Pouches for Party Favors, Wedding, Packaging & Storage",3899,3899,1,Color; Quantity,,,https://veranesthome.com/products/natural-jute-drawstring-bags-50pcs-gift-pouches-party-favors-wedding?variant=46930462343356&_gsid=qemhTA5sBbJ5&utm_source=shopify&utm_medium=catalog
bulk,favors_bulk,party favors bulk 50,29zjyh-uy.myshopify.com,CelebrateHub,"qiqee 50-Packs Brown Paper Gift Bags with Handles Bulk 12.6""x4.3""x10"" Wide Large Size Party Favor Bags Multiple Uses",3627,3627,1,,,,https://celebratehubs.com/products/b0fldfc2rz?variant=52438024585495&_gsid=qemhTA5sBbJ5&utm_source=shopify&utm_medium=catalog
bulk,favors_bulk,party favors bulk 50,cheapest-supply.myshopify.com,Cheapest Supply,"Heart Confetti – 1 lb Bulk Bag (9,000+ Pieces) Wedding & Anniversary Decor",2995,2995,1,,,,https://cheapestsupply.com/products/heart-confetti-1-pound?variant=46289400955043&_gsid=qemhTA5sBbJ5&utm_source=shopify&utm_medium=catalog
bulk,favors_bulk,party favors bulk 50,0jc9yh-z3.myshopify.com,Just Candy,DIY Anniversary Party Favors Personalized Box 50th Anniversary Favor (25 Pack) -Candy not Included,2000,2000,1,Size,personaliz,,https://www.justcandy.com/products/jcwa2-bs-anniversary-party-favors-personalized-box-50th-anniversary-favor-25-pack?variant=50622870815020&_gsid=qemhTA5sBbJ5&utm_source=shopify&utm_medium=catalog
bulk,favors_bulk,party favors bulk 50,fqr1f0-g0.myshopify.com,Travel Ready,"50 Pcs Birthday Party Favor Bags, Stripe Goodie Candy Bags with Handles for Kids Baby Girls & Boys, Party Treat Plastic Loot Gift Bag Bulk for Baby Showers Weeding",1393,1393,1,,,,https://mytravelready.com/products/b0bqbqg5vs?variant=45891237609645&_gsid=qemhTA5sBbJ5&utm_source=shopify&utm_medium=catalog
bulk,favors_bulk,party favors bulk 50,4partydecorations.myshopify.com,PartyDecorations.com,48 Pack Bulk Packaged Fabulous 50's Party Cutouts,5751,5751,1,,,,https://www.partydecorations.com/products/rock-and-roll-fabulous-50s-cutouts?variant=50330921861431&_gsid=qemhTA5sBbJ5&utm_source=shopify&utm_medium=catalog
bulk,favors_bulk,party favors bulk 50,29zjyh-uy.myshopify.com,CelebrateHub,"AWELL Burgundy Favor Box Bulk 2.5x2x2.5 inches with Heart Bow Party Favor Box,Burgundy,Pack of 50",1648,1648,1,,,,https://celebratehubs.com/products/b07mn29xt9?variant=52438146318615&_gsid=qemhTA5sBbJ5&utm_source=shopify&utm_medium=catalog
bulk,favors_bulk,party favors bulk 50,1r6aqq-az.myshopify.com,TinyTreasures Baby Boutique,"Glow Fever Glow in The Dark Sticks - 50 ct 6"" Glow Sticks Bulk Party Pack with End Caps & Lanyards - Glow Party Favors for Concert, Festival, & Wedding Neon Light Sticks by Party Dragon, Multi",4810,4810,1,,,,https://dandepot5.com/products/b08mpz5syc?variant=45638731432125&_gsid=qemhTA5sBbJ5&utm_source=shopify&utm_medium=catalog
bulk,favors_bulk,party favors bulk 50,h90tgr-vp.myshopify.com,LILO,"Deekin Rubber Ducks 2 Inch Bulk Sport Party Favors for Team Events Decorations Birthday Party Supplies Club Player Gift(50 Pcs,Basketball Texture)",4671,4671,1,,,,https://liloroo.com/products/b0dqd4cjd2?variant=43641031032910&_gsid=qemhTA5sBbJ5&utm_source=shopify&utm_medium=catalog
bulk,cookies_bulk,cookies bulk order 100,38d86c-b3.myshopify.com,Glamour Cookies,Printed Cookies-minimum 12 cookies,500,500,1,,custom,,https://glamourcookies.com/products/printed-cookies-minimum-12-cookies?variant=49199623143745&_gsid=c8tW3icBa4Ku&utm_source=shopify&utm_medium=catalog
bulk,cookies_bulk,cookies bulk order 100,crave-franchising-hub-9nq0d.myshopify.com,Crave Cookies Franchising,Crave - Dozen Boxes,30800,30800,1,,,,https://crave-franchising-hub-9nq0d.myshopify.com/products/crave-dozen-boxes?variant=50579166527773&_gsid=c8tW3icBa4Ku&utm_source=shopify&utm_medium=catalog
bulk,cookies_bulk,cookies bulk order 100,1mnmpc-0g.myshopify.com,CAKED,COMPANY / EVENT CATERING | Cookie Party Pack (Serves approx. 50-75 ppl),36000,36000,1,,,,https://caked.love/products/cookie-party-pack-50?variant=52124207251637&_gsid=c8tW3icBa4Ku&utm_source=shopify&utm_medium=catalog
bulk,cookies_bulk,cookies bulk order 100,insanely-good-cookies.myshopify.com,Operation Cookies,Cookie Variety Pack – Best Seller & Perfect Gift | Operation Cookies,1399,1399,1,Peanut allergy?; Quantity,,allerg,https://www.operationcookies.com/products/variety-pack-of-angies-cookies?variant=18429716070451&_gsid=c8tW3icBa4Ku&utm_source=shopify&utm_medium=catalog
bulk,cookies_bulk,cookies bulk order 100,the-nut-garden.myshopify.com,The Nut Garden,Bulk Cookie Bites | Snickerdoodle,12999,12999,1,Size,,,https://thenutgarden.com/products/bulk-cookie-bites-snickerdoodle?variant=50761874014525&_gsid=c8tW3icBa4Ku&utm_source=shopify&utm_medium=catalog
bulk,cookies_bulk,cookies bulk order 100,sweet-es-bake-shop.myshopify.com,Sweet E's Bake Shop,Photo Cookies - Bulk | Upload Your Artwork (Classic),45000,45000,1,Variant title; Packaging; Size,personaliz; custom,,https://www.sweetesbakeshop.com/products/photo-cookies-bulk-upload-your-artwork-classic?variant=43394058092798&_gsid=c8tW3icBa4Ku&utm_source=shopify&utm_medium=catalog
bulk,cookies_bulk,cookies bulk order 100,bloom-and-bake-builder-4o4o3.myshopify.com,Pressed Flower Co,Bulk Corporate Cookie Orders,21000,21000,1,Quantity,custom,,https://shop.pressedflowerco.com/products/bulk-corporate-cookie-orders?variant=48158458675424&_gsid=c8tW3icBa4Ku&utm_source=shopify&utm_medium=catalog
bulk,cookies_bulk,cookies bulk order 100,redplatefoods.myshopify.com,RedPlateFoods,Wholesale - Cookies 12 ct,1740,1740,1,Material,,allerg,https://redplatefoods.com/products/foodservice-iw-cookies-48-ct?variant=43266359722183&_gsid=c8tW3icBa4Ku&utm_source=shopify&utm_medium=catalog
bulk,cookies_bulk,cookies bulk order 100,4e2044-38.myshopify.com,Lady Fortunes Inc,Sample Cookie Order -Custom Logo Items,2500,2500,1,,custom,,https://ladyfortunes.com/products/sample-cookie-order-custom-logo-items?variant=45006403895349&_gsid=c8tW3icBa4Ku&utm_source=shopify&utm_medium=catalog
bulk,cookies_bulk,cookies bulk order 100,jc5346-wh.myshopify.com,"Mary Lou's Custom Cookies, LLC",Classic Iced White Sugar Cookie,1800,1800,1,Choose your craving,,,https://marylouscustomcookies.com/products/classic-iced-white-sugar-cookie?variant=47326080860316&_gsid=c8tW3icBa4Ku&utm_source=shopify&utm_medium=catalog
bulk,cookies_bulk,cookies bulk order 100,f8cf4f-3.myshopify.com,Sugared Souls Yummy 😋😋 Cookies,Box of 100,30000,30000,1,,,,https://sugaredsouls.com/products/box-of-100?variant=46897640734887&_gsid=c8tW3icBa4Ku&utm_source=shopify&utm_medium=catalog
bulk,cookies_bulk,cookies bulk order 100,https-cookiebouquets-com.myshopify.com,Cookie Bouquets,Bulk Custom Logo Cookies,175,175,1,,custom,,https://cookiebouquets.com/products/bulk-custom-logo-cookies?variant=41847686561890&_gsid=c8tW3icBa4Ku&utm_source=shopify&utm_medium=catalog
bulk,cookies_bulk,cookies bulk order 100,star-cookies.myshopify.com,Star Cookies,The #1 NY Cookie,1000,1000,1,Flavors,,,https://starcookiesorl.com/products/ny-styled-cookies?variant=42469388353559&_gsid=c8tW3icBa4Ku&utm_source=shopify&utm_medium=catalog
bulk,cookies_bulk,cookies bulk order 100,glutenbox.myshopify.com,Wildgrain,Cookie Bundle (18-pack),3400,3400,1,,,,https://wildgrain.com/products/cookie-bundle?variant=40732207874115&_gsid=c8tW3icBa4Ku&utm_source=shopify&utm_medium=catalog
bulk,cookies_bulk,cookies bulk order 100,drunkencookies.myshopify.com,Drunken Cookies,6 Pack Cookie Build a Box,4400,4400,1,,,,https://drunkencookies.com/products/6-pack-cookie-build-a-box?variant=46044674031842&_gsid=c8tW3icBa4Ku&utm_source=shopify&utm_medium=catalog
bulk,cookies_bulk,cookies bulk order 100,give11-ey.myshopify.com,The Famous 4th Street Cookie Company,Cookie Tray of 100 Minis,8995,8995,1,Flavors,,,https://famouscookies.com/products/custom-cookie-tray-of-100?variant=49633264107753&_gsid=c8tW3icBa4Ku&utm_source=shopify&utm_medium=catalog
bulk,cookies_bulk,cookies bulk order 100,pac-cookie-company.myshopify.com,Pacific Cookie Company,Cookies By The Dozen,2395,2395,1,,,,https://pacificcookie.com/products/order-by-the-dozen?variant=33259639308425&_gsid=c8tW3icBa4Ku&utm_source=shopify&utm_medium=catalog
bulk,cookies_bulk,cookies bulk order 100,peter-sciortino-bakery.myshopify.com,Peter Sciortino Bakery ,Assorted Cookie Box - Per Pound,1950,1950,1,,,,https://petersciortinosbakery.com/products/assorted-cookies-per-pound?variant=24938180163&_gsid=c8tW3icBa4Ku&utm_source=shopify&utm_medium=catalog
bulk,cookies_bulk,cookies bulk order 100,r4ujqm-uz.myshopify.com,The Goodlife Shop,100 Cookies,3000,3000,1,,,,https://www.shopgoodlifehome.com/products/100-cookies?variant=46950179373268&_gsid=c8tW3icBa4Ku&utm_source=shopify&utm_medium=catalog
bulk,cookies_bulk,cookies bulk order 100,powerful-kreations.myshopify.com,Powerful Kreations,"Operation: 25,000 Cookies In 60 Days",400,400,1,Flavor,,,https://www.powerfulkreations.com/products/the-cookie-capsule-copy?variant=48287120326874&_gsid=c8tW3icBa4Ku&utm_source=shopify&utm_medium=catalog
bulk,cookies_bulk,cookies bulk order 100,greenholisticlife.myshopify.com,Kirschbaum's Bakery,Kolocky (Assorted),894,894,1,Quantity,,,https://kirschbaumsbakery.com/products/kolocky-assorted?variant=30935102411&_gsid=c8tW3icBa4Ku&utm_source=shopify&utm_medium=catalog
bulk,cookies_bulk,cookies bulk order 100,shlichusmarket.myshopify.com,Shlichus Market,Pollak's Honey Cookies,5500,5500,1,Collection,,,https://shlichusmarket.com/products/pollaks-honey-cookies?variant=45782542582065&_gsid=c8tW3icBa4Ku&utm_source=shopify&utm_medium=catalog
bulk,cookies_bulk,cookies bulk order 100,insanely-good-cookies.myshopify.com,Operation Cookies,Angie's Chocolate Chip Cookies,799,799,1,Quantity,,,https://www.operationcookies.com/products/angies-chocolate-chip-cookies?variant=39772686647379&_gsid=c8tW3icBa4Ku&utm_source=shopify&utm_medium=catalog
bulk,cookies_bulk,cookies bulk order 100,be-a-good-cookie.myshopify.com,Cookies for Kids' Cancer,Chunky Chocolate Chip,3500,3500,1,Size,,,https://shop.cookiesforkidscancer.org/products/chunky-chocolate-chip-cookies?variant=41491381747848&_gsid=c8tW3icBa4Ku&utm_source=shopify&utm_medium=catalog
bulk,cookies_bulk,cookies bulk order 100,whitneys-cookies.myshopify.com,Whitney's Cookies,Custom Order Cookie Box,2999,2999,1,Size,custom; personaliz,,https://whitneyscookies.co/products/custom-order-cookie-box?variant=47391522586856&_gsid=c8tW3icBa4Ku&utm_source=shopify&utm_medium=catalog
bulk,cookies_bulk,cookies bulk order 100,the-cravory-2.myshopify.com,The Cravory,Prepaid Half Dozen Cookies,4485,4485,1,Length of subscription,,,https://thecravory.com/products/half-a-dozen?variant=43278306410649&_gsid=c8tW3icBa4Ku&utm_source=shopify&utm_medium=catalog
bulk,cookies_bulk,cookies bulk order 100,mad-batter-cookie-company.myshopify.com,Mad Batter Cookie Co.,Custom Order Cookies,500,500,1,,custom,,https://madbattercookie.com/products/custom-order?variant=62688670941343&_gsid=c8tW3icBa4Ku&utm_source=shopify&utm_medium=catalog
bulk,cookies_bulk,cookies bulk order 100,glutenbox.myshopify.com,Wildgrain,Giant Snickerdoodle Cookies (6-pack),1000,1000,1,,,,https://wildgrain.com/products/giant-snickerdoodle-cookies-6-pack?variant=40594926207043&_gsid=c8tW3icBa4Ku&utm_source=shopify&utm_medium=catalog
bulk,cookies_bulk,cookies bulk order 100,crave-franchising-hub-9nq0d.myshopify.com,Crave Cookies Franchising,Crave - Single Boxes,12300,12300,1,,,,https://crave-franchising-hub-9nq0d.myshopify.com/products/crave-single-boxes?variant=50579166462237&_gsid=c8tW3icBa4Ku&utm_source=shopify&utm_medium=catalog
bulk,cookies_bulk,cookies bulk order 100,4baa98-2.myshopify.com,Dad's Cookie Company,Box of Cookies,4100,4100,1,Cookie varieties; Size,,,https://dadscookies.com/products/box-of-cookies?variant=47424380567852&_gsid=c8tW3icBa4Ku&utm_source=shopify&utm_medium=catalog
bulk,cookies_bulk,cookies bulk order 100,distinctly-delish.myshopify.com,Distinctly Delicious Desserts,Specialty 1 Dozen Custom Cookies,6500,6500,1,Individual wrapping ,custom; personaliz,,https://distinctlydelish.com/products/specialty-1-dozen-custom-cookies?variant=46564175446168&_gsid=c8tW3icBa4Ku&utm_source=shopify&utm_medium=catalog
bulk,cookies_bulk,cookies bulk order 100,hype-munchies.myshopify.com,Flavor Distro,Oreo Bulk Deal - TAIWAN (48 COUNT),11000,11000,1,,,,https://flavordistro.com/products/oreo-bulk-deal-taiwan-48-count?variant=48249734496511&_gsid=c8tW3icBa4Ku&utm_source=shopify&utm_medium=catalog
bulk,cookies_bulk,cookies bulk order 100,sweetp-bakery.myshopify.com,Sweet P Bakery,Sampler Box - Colossal Cookies 8 pack,6900,6900,1,,,,https://sweetpbakery.org/products/sweet-p-bakery-s-colossal-cookie-box-assortment-8-pack?variant=40952487051310&_gsid=c8tW3icBa4Ku&utm_source=shopify&utm_medium=catalog
bulk,cookies_bulk,cookies bulk order 100,3v9000-jw.myshopify.com,Orders Up!,Grandma's Monster Cookie Wholesale,235,235,1,,,,https://ordersupdelivery.com/products/grandmas-monster-cookie-wholesale?variant=53787891728691&_gsid=c8tW3icBa4Ku&utm_source=shopify&utm_medium=catalog
bulk,cookies_bulk,cookies bulk order 100,boundless-confection-connection.myshopify.com,Boundless Social Enterprises,Chocolate Chip Cookies (8 Dozen),5300,5300,1,Packaging,,,https://bakery.iamboundless.org/products/chocolate-chip-cookies?variant=45748146962717&_gsid=c8tW3icBa4Ku&utm_source=shopify&utm_medium=catalog
bulk,cookies_bulk,cookies bulk order 100,jg4vyy-kb.myshopify.com,Spectrum of Sweets,Custom Printed Cookies — Bulk (Individually Wrapped),300,300,1,Size,custom; personaliz,,https://spectrumofsweets.com/products/custom-printed-cookies-copy?variant=44156926328886&_gsid=c8tW3icBa4Ku&utm_source=shopify&utm_medium=catalog
bulk,cookies_bulk,cookies bulk order 100,chocolate-chip-cookie-co.myshopify.com,Chocolate Chip Cookie Company,Cookies,3600,3600,1,How many?; Flavor,,,https://chocolatechipcookiecompany.com/products/new-cookies?variant=13646965440547&_gsid=c8tW3icBa4Ku&utm_source=shopify&utm_medium=catalog
bulk,cookies_bulk,cookies bulk order 100,3ktg0r-c8.myshopify.com,MYJALYS ,MILKA CHOCO CREME 18PK,2691,2691,1,,,,https://myjalys.com/products/milka-choco-creme-18pk?variant=54282717692270&_gsid=c8tW3icBa4Ku&utm_source=shopify&utm_medium=catalog
bulk,cookies_bulk,cookies bulk order 100,knsudg-vk.myshopify.com,CandyMachines.com,Milk Chocolate Cookies Bulk Candy (10 lbs),18200,18200,1,,,,https://www.candymachines.com/products/milk-chocolate-cookies-bulk-candy-10-lbs-p6295-aspx?variant=51550459789543&_gsid=c8tW3icBa4Ku&utm_source=shopify&utm_medium=catalog
bulk,cookies_bulk,cookies bulk order 100,insanely-good-cookies.myshopify.com,Operation Cookies,"Chocolate Chip Pretzel Cookies – Sweet, Salty & Chewy | Operation Cookies",799,799,1,Quantity,,,https://www.operationcookies.com/products/angies-chocolate-chip-cookies-with-salted-pretzels?variant=39772712665171&_gsid=c8tW3icBa4Ku&utm_source=shopify&utm_medium=catalog
bulk,cookies_bulk,cookies bulk order 100,jg4vyy-kb.myshopify.com,Spectrum of Sweets,"Variety Pack — Drop Cookies (Bulk, Individually Wrapped)",350,350,1,Flavor,,,https://spectrumofsweets.com/products/individually-wrapped-drop-cookies-bulk-order?variant=44147491504182&_gsid=c8tW3icBa4Ku&utm_source=shopify&utm_medium=catalog
bulk,cookies_bulk,cookies bulk order 100,waterbutlers.myshopify.com,Water Butlers,"Oreo Chocolate Sandwich Cookies, 10 Count",845,845,1,,,,https://waterbutlers.com/products/oreo-chocolate-sandwich-cookies-12-count?variant=39704253661283&_gsid=c8tW3icBa4Ku&utm_source=shopify&utm_medium=catalog
bulk,cookies_bulk,cookies bulk order 100,siete-dev.myshopify.com,Sietefoods.com,Grain Free Cookie Mix - 8 Bags,4200,4200,1,,,dairy free,https://checkout.sietefoods.com/products/grain-free-cookie-mix-8-bags?variant=40767002542165&_gsid=c8tW3icBa4Ku&utm_source=shopify&utm_medium=catalog
bulk,cookies_bulk,cookies bulk order 100,toosweetaz.myshopify.com,Too Sweet Cakes Wholesale,Cookie - Mini Sprinkle 12pk,1500,1500,1,Release schedule,,,https://toosweetcakeswholesale.myshopify.com/products/cookie-mini-sprinkle-12pk?variant=44696573149378&_gsid=c8tW3icBa4Ku&utm_source=shopify&utm_medium=catalog
bulk,cookies_bulk,cookies bulk order 100,dessert-gallery-store.myshopify.com,Dessert Gallery Bakery & Cafe,Bulk Photo & Logo Cookies (Nationwide Shipping),7460,7460,1,,custom,,https://dessertgallery.com/products/photo-logo-cookies-nationwide-shipping?variant=49246683857186&_gsid=c8tW3icBa4Ku&utm_source=shopify&utm_medium=catalog
bulk,cookies_bulk,cookies bulk order 100,uncle-chips-cookies.myshopify.com,Uncle Chip's Cookies,Bulk Cookies,19700,19700,1,Cookie type; Quantity,,,https://unclechips.com/products/bulk-cookies?variant=44107572248862&_gsid=c8tW3icBa4Ku&utm_source=shopify&utm_medium=catalog
bulk,cookies_bulk,cookies bulk order 100,pdx-cookie-co.myshopify.com,PDX Cookie Co,GOAT Pack!,2400,2400,1,,,,https://pdxcookieco.com/products/g-o-a-t-pack?variant=14277096374327&_gsid=c8tW3icBa4Ku&utm_source=shopify&utm_medium=catalog
bulk,cookies_bulk,cookies bulk order 100,baker-source.myshopify.com,Bakers Authority,Frozen Black and White Cookies 12 CT,3686,3686,1,,,,https://www.bakersauthority.com/products/frozen-black-and-white-cookies-12-ct?variant=45183088525494&_gsid=c8tW3icBa4Ku&utm_source=shopify&utm_medium=catalog
bulk,cookies_bulk,cookies bulk order 100,one-girl-cookies.myshopify.com,One Girl Cookies ,Assorted Bulk Tea Cookies,2200,2200,1,Size,,,https://shop.onegirlcookies.com/products/assorted-tea-cookies?variant=41438690967724&_gsid=c8tW3icBa4Ku&utm_source=shopify&utm_medium=catalog
bulk,cookies_bulk,cookies bulk order 100,b1a1cf-ce.myshopify.com,Orderve,"Cookies, Wafer, Rolled,2 - 280 COUNT",18096,18096,1,,,,https://www.orderve.com/products/cookies-wafer-rolled-542775?variant=51147769643297&_gsid=c8tW3icBa4Ku&utm_source=shopify&utm_medium=catalog
price,favors_under_10,party favors,goodworks4god.myshopify.com,Good Works 4 GOD,Custom Theme chip Bags,1,1,1,,custom; personaliz,,https://www.goodworks4god.com/products/custom-personalized-chip-bags?variant=43666496421939&_gsid=7tdEVBfT5knh&utm_source=shopify&utm_medium=catalog
price,favors_under_10,party favors,qszy59-ef.myshopify.com,PeachDriftie,50Pcs Heart Printed Organza Bags 2.76x3.54 inch Sheer PeachPuff Drawstring Organza Favor Gift Bags Wedding Party Christmas Jewelry Packaging Pouches,8,8,1,Color; Size,,,https://peachdriftie.com/products/50pcs-heart-printed-organza-bags-2-76x3-54-inch-sheer-peachpuff-drawstring-organza-favor-gift-bags-wedding-party-christmas-jewelry-packaging-pouches?variant=45453288931437&_gsid=7tdEVBfT5knh&utm_source=shopify&utm_medium=catalog
price,favors_under_10,party favors,stylishmela.myshopify.com,JSBlueRidge.com Wholesale,Holiday Sticky Sticker For Kids In Bulk- Assorted,2,2,1,,,,https://jsblueridge.com/products/holiday-sticky-sticker-for-kids-in-bulk-assorted?variant=41002116415570&_gsid=7tdEVBfT5knh&utm_source=shopify&utm_medium=catalog
price,favors_under_10,party favors,gilberts-candy-confections.myshopify.com,Tethan's Candy & Confections,Frooties,5,5,1,,,,https://tethanscandy.com/products/frooties?variant=41087129976987&_gsid=7tdEVBfT5knh&utm_source=shopify&utm_medium=catalog
price,favors_under_10,party favors,many-cool-things.myshopify.com,Many Cool Things,Dromoka Dunecaster - Dragons of Tarkir,5,5,1,,,,https://www.manycoolthings.com/products/dromoka-dunecaster?variant=39663724822631&_gsid=7tdEVBfT5knh&utm_source=shopify&utm_medium=catalog
price,favors_under_10,party favors,2c8rdt-hn.myshopify.com,BrightByte,"Fox Tail Keychain Long, Fluffy Therian Tail Faux Fur Keyring, Party Costume",2,2,1,,,,https://brightbyteelectronics.com/products/fox-tail-keychain-long-fluffy-therian-tail-faux-fur-keyring-party-costume-b0fcbrpqky?variant=46237939171385&_gsid=7tdEVBfT5knh&utm_source=shopify&utm_medium=catalog
price,favors_under_10,party favors,2c8rdt-hn.myshopify.com,BrightByte,"Fox Tail Keychain Long, Fluffy Therian Tail Faux Fur Keyring, Party Costume",2,2,1,,,,https://brightbyteelectronics.com/products/fox-tail-keychain-long-fluffy-therian-tail-faux-fur-keyring-party-costume-b0fcbs2mlg?variant=46237934780473&_gsid=7tdEVBfT5knh&utm_source=shopify&utm_medium=catalog
price,favors_under_10,party favors,4ged4g-c8.myshopify.com,Collective Cards LLC,Flesh & Blood TCG The Hunted Leap Frog Gloves HNT171 Common Near Mint,1,1,1,,,,https://collective.cards/products/flesh-blood-tcg-the-hunted-leap-frog-gloves-hnt171-common-near-mint?variant=41992223195191&_gsid=7tdEVBfT5knh&utm_source=shopify&utm_medium=catalog
price,favors_under_10,party favors,benscards.myshopify.com,Trove of Collectibles ,Erg Raiders (4ED-) - Fourth Edition,8,8,1,,,,https://troveofcollectibles.com/products/erg-raiders-4ed-fourth-edition?variant=43476939669710&_gsid=7tdEVBfT5knh&utm_source=shopify&utm_medium=catalog
price,favors_under_10,party favors,many-cool-things.myshopify.com,Many Cool Things,Kavu Climber - 10th Edition,5,5,1,,,,https://www.manycoolthings.com/products/kavu-climber?variant=39693285359719&_gsid=7tdEVBfT5knh&utm_source=shopify&utm_medium=catalog
price,favors_under_10,party favors,nutmeg-games.myshopify.com,Nutmeg Games,Charnelhoard Wurm [Conflux],9,9,1,Title,,,https://nutmeggames.com/products/charnelhoard-wurm-conflux?variant=41852187771043&_gsid=7tdEVBfT5knh&utm_source=shopify&utm_medium=catalog
price,favors_under_10,party favors,many-cool-things.myshopify.com,Many Cool Things,Towering Thunderfist - Gatecrash,5,5,1,,,,https://www.manycoolthings.com/products/towering-thunderfist?variant=39704920850535&_gsid=7tdEVBfT5knh&utm_source=shopify&utm_medium=catalog
price,favors_under_10,party favors,adv100-63.myshopify.com,The Stack Resolves,Severed Strands - Guilds of Ravnica #85,9,9,1,Condition; Language,,,https://thestackresolves.com/products/severed-strands-grn-85-normal?variant=48879205777627&_gsid=7tdEVBfT5knh&utm_source=shopify&utm_medium=catalog
price,favors_under_10,party favors,gameknightstx.myshopify.com,Game Knights Killeen,Dispersal Technician [Aether Revolt],5,5,1,Title,,,https://gameknightstx.net/products/dispersal-technician-aether-revolt?variant=44294776750398&_gsid=7tdEVBfT5knh&utm_source=shopify&utm_medium=catalog
price,favors_under_10,party favors,adv100-63.myshopify.com,The Stack Resolves,Unstoppable Ogre - Kamigawa: Neon Dynasty #169,8,8,1,,,,https://thestackresolves.com/products/unstoppable-ogre-neo-169-normal?variant=48879405793499&_gsid=7tdEVBfT5knh&utm_source=shopify&utm_medium=catalog
price,favors_under_10,party favors,aq7kkg-vi.myshopify.com,The Tavern Games,Honorbound Page,9,9,1,,,,https://thetaverngames.com/products/honorbound-page-sos-19?variant=45491703578668&_gsid=7tdEVBfT5knh&utm_source=shopify&utm_medium=catalog
price,favors_under_10,party favors,the-nerdporium-8052.myshopify.com,The Nerdporium,Decision Paralysis [Amonkhet],4,4,1,,,,https://thenerdporium.com/products/decision-paralysis-amonkhet?variant=40776552808492&_gsid=7tdEVBfT5knh&utm_source=shopify&utm_medium=catalog
price,favors_under_10,party favors,adv100-63.myshopify.com,The Stack Resolves,Trumpet Blast - Core Set 2019 #165,6,6,1,,,,https://thestackresolves.com/products/trumpet-blast-m19-165-normal?variant=48879322398939&_gsid=7tdEVBfT5knh&utm_source=shopify&utm_medium=catalog
price,favors_under_10,party favors,joshs-cards-n-more.myshopify.com,Josh's Cards,Earth Giant - Living Mountain (41/204) - Shimmering Skies,5,5,1,Title,,,https://joshscards.com/products/earth-giant-living-mountain-41-204-shimmering-skies?variant=45371861565698&_gsid=7tdEVBfT5knh&utm_source=shopify&utm_medium=catalog
price,favors_under_10,party favors,many-cool-things.myshopify.com,Many Cool Things,Kuldotha Ringleader - Mirrodin Besieged,5,5,1,,,,https://www.manycoolthings.com/products/kuldotha-ringleader?variant=39703226384487&_gsid=7tdEVBfT5knh&utm_source=shopify&utm_medium=catalog
price,favors_under_10,party favors,many-cool-things.myshopify.com,Many Cool Things,Agent of Horizons - Theros,5,5,1,,,,https://www.manycoolthings.com/products/agent-of-horizons?variant=39679569723495&_gsid=7tdEVBfT5knh&utm_source=shopify&utm_medium=catalog
price,favors_under_10,party favors,gameknightstx.myshopify.com,Game Knights Killeen,Hand of Silumgar [Dragons of Tarkir],5,5,1,,,,https://gameknightstx.net/products/hand-of-silumgar-dragons-of-tarkir?variant=44296515322174&_gsid=7tdEVBfT5knh&utm_source=shopify&utm_medium=catalog
price,favors_under_10,party favors,joshs-cards-n-more.myshopify.com,Josh's Cards,Hakuna Matata (27/204) - The First Chapter,5,5,1,Title,,,https://joshscards.com/products/hakuna-matata-27-204-the-first-chapter?variant=44117794881794&_gsid=7tdEVBfT5knh&utm_source=shopify&utm_medium=catalog
price,favors_under_10,party favors,many-cool-things.myshopify.com,Many Cool Things,Shriekgeist - Iconic Masters,5,5,1,,,,https://www.manycoolthings.com/products/shriekgeist?variant=39852224413799&_gsid=7tdEVBfT5knh&utm_source=shopify&utm_medium=catalog
price,favors_under_10,party favors,benscards.myshopify.com,Trove of Collectibles ,Magical Maneuvers (80/204) - Archazias Island,9,9,1,,,,https://troveofcollectibles.com/products/magical-maneuvers-80-204-archazias-island?variant=43286283190478&_gsid=7tdEVBfT5knh&utm_source=shopify&utm_medium=catalog
price,favors_under_10,party favors,many-cool-things.myshopify.com,Many Cool Things,Lizard Warrior - Conspiracy,5,5,1,,,,https://www.manycoolthings.com/products/lizard-warrior?variant=39703253090407&_gsid=7tdEVBfT5knh&utm_source=shopify&utm_medium=catalog
price,favors_under_10,party favors,gameknightstx.myshopify.com,Game Knights Killeen,Tandem Tactics [Battle for Zendikar],5,5,1,,,,https://gameknightstx.net/products/tandem-tactics-battle-for-zendikar?variant=44295326466366&_gsid=7tdEVBfT5knh&utm_source=shopify&utm_medium=catalog
price,favors_under_10,party favors,joshs-cards-n-more.myshopify.com,Josh's Cards,Emergency Jelly 155/195 - SWSH12 Silver Tempest,5,5,1,,,,https://joshscards.com/products/emergency-jelly-155-195-sword-shield-silver-tempest?variant=43783045677314&_gsid=7tdEVBfT5knh&utm_source=shopify&utm_medium=catalog
price,favors_under_10,party favors,joshs-cards-n-more.myshopify.com,Josh's Cards,13th Tactical Testing Sector (GD01-130) - Newtype Rising,9,9,1,Condition,,,https://joshscards.com/products/13th-tactical-testing-sector-gd01-130-newtype-rising?variant=46638209892610&_gsid=7tdEVBfT5knh&utm_source=shopify&utm_medium=catalog
price,favors_under_10,party favors,many-cool-things.myshopify.com,Many Cool Things,Divine Favor - Magic 2013 (M13),5,5,1,,,,https://www.manycoolthings.com/products/divine-favor?variant=39663709585511&_gsid=7tdEVBfT5knh&utm_source=shopify&utm_medium=catalog
price,favors_under_10,party favors,4ged4g-c8.myshopify.com,Collective Cards LLC,Flesh & Blood TCG Super Slam Turn the Crowd Grateful (Red) SUP049 Common Near Mint Rainbow Foil,9,9,1,,,,https://collective.cards/products/flesh-blood-tcg-super-slam-turn-the-crowd-grateful-red-sup049-common-near-mint-rainbow-foil?variant=41992220049463&_gsid=7tdEVBfT5knh&utm_source=shopify&utm_medium=catalog
price,favors_under_10,party favors,many-cool-things.myshopify.com,Many Cool Things,Iona's Judgment - Iconic Masters,5,5,1,,,,https://www.manycoolthings.com/products/ionas-judgment?variant=39843212689511&_gsid=7tdEVBfT5knh&utm_source=shopify&utm_medium=catalog
price,favors_under_10,party favors,adv100-63.myshopify.com,The Stack Resolves,Sinuous Striker - Hour of Devastation #45,7,7,1,,,,https://thestackresolves.com/products/sinuous-striker-hou-45-normal?variant=48879217508571&_gsid=7tdEVBfT5knh&utm_source=shopify&utm_medium=catalog
price,favors_under_10,party favors,benscards.myshopify.com,Trove of Collectibles ,Chemtech Cask (063/221) - Spiritforged,9,9,1,Condition,,,https://troveofcollectibles.com/products/chemtech-cask-063-221-spiritforged?variant=43296969687246&_gsid=7tdEVBfT5knh&utm_source=shopify&utm_medium=catalog
price,favors_under_10,party favors,many-cool-things.myshopify.com,Many Cool Things,Student of Ojutai - Iconic Masters,5,5,1,,,,https://www.manycoolthings.com/products/student-of-ojutai-1?variant=39852984500327&_gsid=7tdEVBfT5knh&utm_source=shopify&utm_medium=catalog
price,favors_under_10,party favors,pcatoys.myshopify.com,PCA Designer Toys,King Louie - Bandleader (146/204) [Into the Inklands],5,5,1,Title,,,https://pcatoys.com/products/king-louie-bandleader-146-204-into-the-inklands?variant=44705120616702&_gsid=7tdEVBfT5knh&utm_source=shopify&utm_medium=catalog
price,favors_under_10,party favors,adv100-63.myshopify.com,The Stack Resolves,Nimana Skitter-Sneak - Zendikar Rising #116,7,7,1,Condition; Language,,,https://thestackresolves.com/products/nimana-skitter-sneak-znr-116-normal?variant=48879063793883&_gsid=7tdEVBfT5knh&utm_source=shopify&utm_medium=catalog
price,favors_under_10,party favors,adv100-63.myshopify.com,The Stack Resolves,Waterwhirl - Khans of Tarkir #60,3,3,1,,,,https://thestackresolves.com/products/waterwhirl-ktk-60-normal?variant=48879506227419&_gsid=7tdEVBfT5knh&utm_source=shopify&utm_medium=catalog
price,favors_under_10,party favors,many-cool-things.myshopify.com,Many Cool Things,Demolish - Magic 2014 (M14),5,5,1,,,,https://www.manycoolthings.com/products/demolish?variant=39702374940775&_gsid=7tdEVBfT5knh&utm_source=shopify&utm_medium=catalog
price,favors_under_25,personalized party favors,goodworks4god.myshopify.com,Good Works 4 GOD,Custom Theme chip Bags,1,1,1,,custom; personaliz,,https://www.goodworks4god.com/products/custom-personalized-chip-bags?variant=43666496421939&_gsid=wzWPTquwFi9Q&utm_source=shopify&utm_medium=catalog
price,favors_under_25,personalized party favors,dbi-production.myshopify.com,David's Bridal,Personalized Hershey's Kisses Wedding Favors,19,19,1,Motif,personaliz; custom,,https://checkout.davidsbridal.com/products/personalized-hersheys-kisses-wedding-favors-4210000?variant=43310126202973&_gsid=wzWPTquwFi9Q&utm_source=shopify&utm_medium=catalog
price,favors_under_25,personalized party favors,uecyem-u1.myshopify.com,World Products,"Children's Party Favor Bag With Handle Kids Party Favor Bag Reusable Small Easter Gift Sack for Young Children, Parents, School Activities, Themed Parties",22,22,1,Color,,,https://sendfromchina.ai/products/wp-dcd-10000972376?variant=50374875906287&_gsid=wzWPTquwFi9Q&utm_source=shopify&utm_medium=catalog
price,favors_under_25,personalized party favors,candy-wrapper-store.myshopify.com,Candy Wrapper Store,MINIBAG203 - Miniature Sweet Baby Girl Candy Bar Wrapper,17,17,1,Title,personaliz,,https://candywrapperstore.com/products/minibag203-miniature-sweet-baby-girl-candy-bar-wrapper?variant=42313479389342&_gsid=wzWPTquwFi9Q&utm_source=shopify&utm_medium=catalog
price,favors_under_25,personalized party favors,g1n1pi-nm.myshopify.com,Creative Kids,HAPPY BIRTHDAY BOOKMARKS ASSORTED DESIGNS,20,20,1,,,,https://shopcreativekids.com/products/happy-birthday-bookmarks-assorted-designs?variant=56082230640806&_gsid=wzWPTquwFi9Q&utm_source=shopify&utm_medium=catalog
price,favors_under_25,personalized party favors,candy-wrapper-store.myshopify.com,Candy Wrapper Store,Miniature Graduation Girl Silhouette Candy Wrapper,17,17,1,Title,personaliz; custom,,https://candywrapperstore.com/products/minigrad213-miniature-graduation-girl-silhouette-candy-wrapper?variant=42320956129438&_gsid=wzWPTquwFi9Q&utm_source=shopify&utm_medium=catalog
price,favors_under_25,personalized party favors,paisley-pear-designs-and-invites.myshopify.com,Paisley Pear Designs and Invites ,Watercolor Splash Teen Party - Birthday Invitation - Digital Available,10,10,1,Price,custom,,https://paisleypeardesigns.com/products/watercolor-splash-teen-party-birthday-invitation-digital-available?variant=46169189122333&_gsid=wzWPTquwFi9Q&utm_source=shopify&utm_medium=catalog
price,favors_under_25,personalized party favors,paisley-pear-designs-and-invites.myshopify.com,Paisley Pear Designs and Invites ,Ten is a Vibe - Peace Out Single Digits - Digital Available,10,10,1,Price,custom,,https://paisleypeardesigns.com/products/ten-is-a-vibe-peace-out-single-digits-digital-available?variant=45190292603165&_gsid=wzWPTquwFi9Q&utm_source=shopify&utm_medium=catalog
price,favors_under_25,personalized party favors,paisley-pear-designs-and-invites.myshopify.com,Paisley Pear Designs and Invites ,Spa Day Birthday Invitation - Digital Available,10,10,1,Price,custom,,https://paisleypeardesigns.com/products/copy-of-custom-birthday-invitation-digital-available?variant=47631445557533&_gsid=wzWPTquwFi9Q&utm_source=shopify&utm_medium=catalog
price,favors_under_25,personalized party favors,diytransfer.myshopify.com,Idea Max,Custom DTF Transfers by Size,18,18,1,Size,custom,,https://ideamaxusa.com/products/transfers-by-size?variant=49297056923883&_gsid=wzWPTquwFi9Q&utm_source=shopify&utm_medium=catalog
price,favors_under_25,personalized party favors,0x9vvj-qb.myshopify.com,Charlee's Treats,4D Mermaid Shells,20,20,1,Flavor,,,https://charleessweettreats.com/products/4d-mermaid-shells?variant=44160680067117&_gsid=wzWPTquwFi9Q&utm_source=shopify&utm_medium=catalog
price,favors_under_25,personalized party favors,0x9vvj-qb.myshopify.com,Charlee's Treats,Tootsie Roll Midgees,15,15,1,,,,https://charleessweettreats.com/products/tootsie-roll-midgees?variant=44211972177965&_gsid=wzWPTquwFi9Q&utm_source=shopify&utm_medium=catalog
price,favors_under_25,personalized party favors,dtf-virginia.myshopify.com,DTF Virginia,Custom DTF Transfers by Size,8,8,1,,custom,,https://dtfvirginia.com/products/custom-dtf-transfers-by-size-virginia?variant=49732328456420&_gsid=wzWPTquwFi9Q&utm_source=shopify&utm_medium=catalog
price,favors_under_25,personalized party favors,1cbcc8-ae.myshopify.com,Canasta Express,Vero Rellerindos Tamarindo 65 ct,10,10,1,,,,https://www.canastaexpress.com/products/vero-rellerindos-tamarindo-65-ct?variant=42552685592785&_gsid=wzWPTquwFi9Q&utm_source=shopify&utm_medium=catalog
price,favors_under_25,personalized party favors,coolest-toys-on-earth.myshopify.com,Coolest Toys On Earth,Party Poppers,15,15,1,,,,https://coolesttoysonearth.com/products/party-poppers?variant=33210684145801&_gsid=wzWPTquwFi9Q&utm_source=shopify&utm_medium=catalog
price,favors_under_25,personalized party favors,saqzqc-hb.myshopify.com,Big Hawaiian Candy,Frooties Fruit Punch Chewy Candy,15,15,1,,,,https://bighawaiiancandy.com/products/frooties-fruit-punch-chewy-candy-360ct-bag-10318?variant=51500228444448&_gsid=wzWPTquwFi9Q&utm_source=shopify&utm_medium=catalog
price,favors_under_25,personalized party favors,novelty-closeout.myshopify.com,Novelty Closeout,ITEM NUMBER 028946 Birthday Themed Party Cups BG = 12 PCS,20,20,1,,,,https://noveltycloseout.com/products/birthday-themed-party-cups?variant=47178540318947&_gsid=wzWPTquwFi9Q&utm_source=shopify&utm_medium=catalog
price,favors_under_25,personalized party favors,emberfrost-supply.myshopify.com,Simply Golden ,"Small Baseball Bat, 12""",15,15,1,,personaliz,,https://simplygolden.shop/products/small-baseball-bat-12?variant=44972063031495&_gsid=wzWPTquwFi9Q&utm_source=shopify&utm_medium=catalog
price,favors_under_25,personalized party favors,saqzqc-hb.myshopify.com,Big Hawaiian Candy,Frooties Strawberry Chewy Candy,15,15,1,,,,https://bighawaiiancandy.com/products/frooties-strawberry-chewy-candy-360ct-bag-10320?variant=51500221202720&_gsid=wzWPTquwFi9Q&utm_source=shopify&utm_medium=catalog
price,favors_under_25,personalized party favors,saqzqc-hb.myshopify.com,Big Hawaiian Candy,Frooties Green Apple Chewy Candy,15,15,1,,,,https://bighawaiiancandy.com/products/frooties-green-apple-chewy-candy-360ct-bag-10319?variant=51500231688480&_gsid=wzWPTquwFi9Q&utm_source=shopify&utm_medium=catalog
price,favors_under_25,personalized party favors,2c8rdt-hn.myshopify.com,BrightByte,"Fox Tail Keychain Long, Fluffy Therian Tail Faux Fur Keyring, Party Costume",2,2,1,,,,https://brightbyteelectronics.com/products/fox-tail-keychain-long-fluffy-therian-tail-faux-fur-keyring-party-costume-b0fcbs2mlg?variant=46237934780473&_gsid=wzWPTquwFi9Q&utm_source=shopify&utm_medium=catalog
price,favors_under_25,personalized party favors,noblepack.myshopify.com,NoblePack,Balloon Print Self-Sealing Foil Bag,10,10,1,Color; Options,,,https://noblepack.com/products/balloon-print-self-sealing-bag?variant=37738726326435&_gsid=wzWPTquwFi9Q&utm_source=shopify&utm_medium=catalog
price,favors_under_25,personalized party favors,novelty-closeout.myshopify.com,Novelty Closeout,ITEM NUMBER 028958 Black Paper Party Cups BG = 12 PCS,20,20,1,,,,https://noveltycloseout.com/products/black-paper-party-cups?variant=47178540581091&_gsid=wzWPTquwFi9Q&utm_source=shopify&utm_medium=catalog
price,favors_under_25,personalized party favors,saqzqc-hb.myshopify.com,Big Hawaiian Candy,Frooties Grape Chewy Candy,15,15,1,,,,https://bighawaiiancandy.com/products/frooties-grape-chewy-candy-360ct-bag-10322?variant=51500235161888&_gsid=wzWPTquwFi9Q&utm_source=shopify&utm_medium=catalog
price,favors_under_25,personalized party favors,4ged4g-c8.myshopify.com,Collective Cards LLC,Flesh & Blood TCG The Hunted Leap Frog Gloves HNT171 Common Near Mint,1,1,1,,,,https://collective.cards/products/flesh-blood-tcg-the-hunted-leap-frog-gloves-hnt171-common-near-mint?variant=41992223195191&_gsid=wzWPTquwFi9Q&utm_source=shopify&utm_medium=catalog
price,favors_under_25,personalized party favors,gameknightstx.myshopify.com,Game Knights Killeen,Flame-Blessed Bolt [Innistrad: Crimson Vow],15,15,1,Title,,,https://gameknightstx.net/products/flame-blessed-bolt-innistrad-crimson-vow?variant=44306867093822&_gsid=wzWPTquwFi9Q&utm_source=shopify&utm_medium=catalog
price,favors_under_25,personalized party favors,plus-ev-games.myshopify.com,PLUS EV GAMES ,Symbiotic Beast [Onslaught],20,20,1,Title,,,https://plusevgames.com/products/symbiotic-beast-onslaught?variant=36552739225767&_gsid=wzWPTquwFi9Q&utm_source=shopify&utm_medium=catalog
price,favors_under_25,personalized party favors,davis-cards-games.myshopify.com,Davis Cards & Games,Valeron Wardens [Magic Origins],21,21,1,Title,,,https://daviscardsandgames.com/products/valeron-wardens-magic-origins?variant=41135532998841&_gsid=wzWPTquwFi9Q&utm_source=shopify&utm_medium=catalog
price,favors_under_25,personalized party favors,ewmdfn-0p.myshopify.com,Sublime Silkscreen,DTF Gang Sheet,3,3,1,Size,custom,,https://sublimesilkscreen.com/products/dtf-gang-sheet?variant=42829184794718&_gsid=wzWPTquwFi9Q&utm_source=shopify&utm_medium=catalog
price,favors_under_25,personalized party favors,davis-cards-games.myshopify.com,Davis Cards & Games,Soul Seizer // Ghastly Haunting [Dark Ascension],19,19,1,,,,https://daviscardsandgames.com/products/soul-seizer-ghastly-haunting-dark-ascension?variant=41136509583545&_gsid=wzWPTquwFi9Q&utm_source=shopify&utm_medium=catalog
price,favors_under_25,personalized party favors,guild-of-the-iron-lion.myshopify.com,The Iron Lion,Eerie Procession [Champions of Kamigawa],22,22,1,Title,,,https://ironlioncollectibles.com/products/eerie-procession-champions-of-kamigawa?variant=37858116108483&_gsid=wzWPTquwFi9Q&utm_source=shopify&utm_medium=catalog
price,favors_under_25,personalized party favors,gameknightstx.myshopify.com,Game Knights Killeen,Dromoka Dunecaster [Dragons of Tarkir],10,10,1,Title,,,https://gameknightstx.net/products/dromoka-dunecaster-dragons-of-tarkir?variant=44300938576190&_gsid=wzWPTquwFi9Q&utm_source=shopify&utm_medium=catalog
price,favors_under_25,personalized party favors,wtgtest1.myshopify.com,Wild Things Games,Number C39: Utopia Ray V [YS13-ENV01] Ultra Rare,20,20,1,Title,,,https://pro.wildthingsgames.com/products/number-c39-utopia-ray-v-ys13-env01-ultra-rare?variant=40786775900248&_gsid=wzWPTquwFi9Q&utm_source=shopify&utm_medium=catalog
price,favors_under_25,personalized party favors,collectibles-and-games-nc.myshopify.com,Collectibles and Games,Tavern Swindler | 79 | Return to Ravnica,14,14,1,,,,https://collectiblesandgames.com/products/tavern-swindler-79-magic?variant=44956460056599&_gsid=wzWPTquwFi9Q&utm_source=shopify&utm_medium=catalog
price,favors_under_25,personalized party favors,davis-cards-games.myshopify.com,Davis Cards & Games,Sideswipe [Champions of Kamigawa],20,20,1,,,,https://daviscardsandgames.com/products/sideswipe-champions-of-kamigawa?variant=41125993939129&_gsid=wzWPTquwFi9Q&utm_source=shopify&utm_medium=catalog
price,favors_under_25,personalized party favors,pcatoys.myshopify.com,PCA Designer Toys,Dramatist's Puppet [Kamigawa: Neon Dynasty],20,20,1,,,,https://pcatoys.com/products/dramatists-puppet-kamigawa-neon-dynasty?variant=43354263748862&_gsid=wzWPTquwFi9Q&utm_source=shopify&utm_medium=catalog
price,favors_under_25,personalized party favors,motorcitygaming.myshopify.com,motorcitygaming,Fight from Behind (Red) [SUP040] (Super Slam),10,10,1,,,,https://motorcitygaming.net/products/fight-from-behind-red-sup040-super-slam?variant=46857737437423&_gsid=wzWPTquwFi9Q&utm_source=shopify&utm_medium=catalog
price,favors_under_25,personalized party favors,graffitigames.myshopify.com,Graffiti Games,Beach Court (167/198) [Scarlet & Violet: Base Set],20,20,1,,,,https://graffitigames.myshopify.com/products/beach-court-167-198-scarlet-violet-base-set?variant=46032459825451&_gsid=wzWPTquwFi9Q&utm_source=shopify&utm_medium=catalog
price,favors_under_25,personalized party favors,collectibles-and-games-nc.myshopify.com,Collectibles and Games,Gravekeeper's Ambusher | SBLS-EN022,14,14,1,,,,https://collectiblesandgames.com/products/gravekeepers-ambusher-sbls-en022-yugioh?variant=44757045313559&_gsid=wzWPTquwFi9Q&utm_source=shopify&utm_medium=catalog
price,favors_under_25,personalized party favors,gameknightstx.myshopify.com,Game Knights Killeen,Alert Heedbonder [Ikoria: Lair of Behemoths],20,20,1,,,,https://gameknightstx.net/products/alert-heedbonder-ikoria-lair-of-behemoths?variant=44303529804094&_gsid=wzWPTquwFi9Q&utm_source=shopify&utm_medium=catalog
price,favors_under_25,personalized party favors,davis-cards-games.myshopify.com,Davis Cards & Games,Nightmare Void [Duel Decks: Izzet vs. Golgari],21,21,1,Title,,,https://daviscardsandgames.com/products/nightmare-void-duel-decks-izzet-vs-golgari?variant=41120099696825&_gsid=wzWPTquwFi9Q&utm_source=shopify&utm_medium=catalog
price,favors_under_25,personalized party favors,davis-cards-games.myshopify.com,Davis Cards & Games,Enigma Eidolon [Dissension],17,17,1,Title,,,https://daviscardsandgames.com/products/enigma-eidolon-dissension?variant=41127397556409&_gsid=wzWPTquwFi9Q&utm_source=shopify&utm_medium=catalog
price,favors_under_25,personalized party favors,guild-of-the-iron-lion.myshopify.com,The Iron Lion,Not Forgotten [Shadows over Innistrad],22,22,1,Title,,,https://ironlioncollectibles.com/products/not-forgotten-shadows-over-innistrad?variant=37859956064451&_gsid=wzWPTquwFi9Q&utm_source=shopify&utm_medium=catalog
price,favors_under_25,personalized party favors,davis-cards-games.myshopify.com,Davis Cards & Games,Cytospawn Shambler [Dissension],15,15,1,,,,https://daviscardsandgames.com/products/cytospawn-shambler-dissension?variant=41119598051513&_gsid=wzWPTquwFi9Q&utm_source=shopify&utm_medium=catalog
price,favors_under_25,personalized party favors,pcatoys.myshopify.com,PCA Designer Toys,Whirlwind Technique [Avatar: The Last Airbender: Eternal-Legal],20,20,1,Title,,,https://pcatoys.com/products/whirlwind-technique-avatar-the-last-airbender-eternal-legal?variant=47492482105598&_gsid=wzWPTquwFi9Q&utm_source=shopify&utm_medium=catalog
price,favors_under_25,personalized party favors,prosoul-games.myshopify.com,ProSoul Games,Gang of Elk [Urza's Legacy],20,20,1,Title,,,https://prosoulgames.com/products/mtg-gang-of-elkurzas-legacy?variant=32030540038280&_gsid=wzWPTquwFi9Q&utm_source=shopify&utm_medium=catalog
price,favors_under_25,personalized party favors,gameknightstx.myshopify.com,Game Knights Killeen,Fertilid's Favor [March of the Machine],20,20,1,Title,,,https://gameknightstx.net/products/fertilids-favor-march-of-the-machine?variant=44895424479550&_gsid=wzWPTquwFi9Q&utm_source=shopify&utm_medium=catalog
price,favors_under_25,personalized party favors,davis-cards-games.myshopify.com,Davis Cards & Games,Zealots en-Dal [Exodus],19,19,1,Title,,,https://daviscardsandgames.com/products/zealots-en-dal-exodus?variant=41125897699513&_gsid=wzWPTquwFi9Q&utm_source=shopify&utm_medium=catalog
price,favors_under_25,personalized party favors,gilberts-candy-confections.myshopify.com,Tethan's Candy & Confections,Frooties,5,5,1,,,,https://tethanscandy.com/products/frooties?variant=41087129976987&_gsid=wzWPTquwFi9Q&utm_source=shopify&utm_medium=catalog
price,favors_under_25,personalized party favors,thenerdmerchantshop.myshopify.com,The Nerd Merchant,Full Moon's Rise [Innistrad],20,20,1,Title,,,https://thenerdmerchant.com/products/full-moons-rise-innistrad?variant=44165137039595&_gsid=wzWPTquwFi9Q&utm_source=shopify&utm_medium=catalog
sentence,sentence_dessert,a small dessert box each guest can take home,lulos-sweet-savory.myshopify.com,Lulo's Sweet & Savory,Mini-Dessert Assortment Box,3900,3900,1,Title,,,https://lulossweets.com/products/lulos-holiday-assortment-box?variant=41099410735187&_gsid=iXMusugWbbmH&utm_source=shopify&utm_medium=catalog
sentence,sentence_dessert,a small dessert box each guest can take home,ethels-baking-company.myshopify.com,Ethels Baking Company,Build Your Own Dessert Box - 6 Flavors,4800,4800,1,,custom,gluten,https://ethels.com/products/build-your-own-dessert-box-6-flavors?variant=51510150267172&_gsid=iXMusugWbbmH&utm_source=shopify&utm_medium=catalog
sentence,sentence_dessert,a small dessert box each guest can take home,southern-baked-pie-company.myshopify.com,Southern Baked Pie Company,Dinner & Dessert Box,8500,8500,1,Savory pie; Sweet pie,,,https://www.southernbakedpie.com/products/dinner-dessert-bundle?variant=39564113969249&_gsid=iXMusugWbbmH&utm_source=shopify&utm_medium=catalog
sentence,sentence_dessert,a small dessert box each guest can take home,californiabaskets.myshopify.com,California Baskets,Birthday Bash Dessert Box,6399,6399,1,,,,https://basketscalifornia.com/products/birthday-bash-dessert-box?variant=41447805648986&_gsid=iXMusugWbbmH&utm_source=shopify&utm_medium=catalog
sentence,sentence_dessert,a small dessert box each guest can take home,efavormart-new.myshopify.com,efavormart.com,"50 Pack Clear / Gold Square Mini Plastic Dessert Party Favor Boxes, Cupcake Muffin Food Containers 4""x4""x2.5""",1319,1319,1,Color,,,https://www.efavormart.com/products/50-pack-clear-gold-square-mini-plastic-dessert-party-favor-boxes-cupcake-muffin-food-containers-4x4x2-5?variant=40148580040750&_gsid=iXMusugWbbmH&utm_source=shopify&utm_medium=catalog
sentence,sentence_dessert,a small dessert box each guest can take home,gingerbread52.myshopify.com,The Gingerbread Construction Co.,Brownie Gift Box - Small,3499,3499,1,,,,https://gingerbreadusa.com/products/brownies-with-walnuts?variant=16281513525366&_gsid=iXMusugWbbmH&utm_source=shopify&utm_medium=catalog
sentence,sentence_dessert,a small dessert box each guest can take home,overwood-artisan-platters.myshopify.com,Overwood Artisan Platters®,Dessert Box (serves 8 - 10),11999,11999,1,Gift upgrade,,,https://overwoodartisanplatters.com/products/dessert-box?variant=43877163860180&_gsid=iXMusugWbbmH&utm_source=shopify&utm_medium=catalog
sentence,sentence_dessert,a small dessert box each guest can take home,boarderie.myshopify.com,Boarderie,Classic Dessert Board,13900,13900,1,Format; Size,,,https://boarderie.com/products/classic-dessert-board?variant=50000289628393&_gsid=iXMusugWbbmH&utm_source=shopify&utm_medium=catalog
sentence,sentence_dessert,a small dessert box each guest can take home,boarderie.myshopify.com,Boarderie,Classic Medium Dessert Board - E-Gift,16900,16900,1,Format,,,https://boarderie.com/products/medium-dessert-board-e-gift?variant=51678511694057&_gsid=iXMusugWbbmH&utm_source=shopify&utm_medium=catalog
sentence,sentence_dessert,a small dessert box each guest can take home,williamgreenberg.myshopify.com,William Greenberg Desserts,NYC Gift Box,10050,10050,1,,,,https://wmgreenbergdesserts.com/products/ny-strong-gift-box?variant=32956290433112&_gsid=iXMusugWbbmH&utm_source=shopify&utm_medium=catalog
sentence,sentence_dessert,a small dessert box each guest can take home,boarderie.myshopify.com,Boarderie,Thinking of You Dessert Board Medium,16900,16900,1,,,,https://boarderie.com/products/thinking-of-you-dessert-board-medium?variant=50891221991657&_gsid=iXMusugWbbmH&utm_source=shopify&utm_medium=catalog
sentence,sentence_dessert,a small dessert box each guest can take home,k07ked-t5.myshopify.com,Tate's Bake Shop,Bakery Bar Gift Box,2700,2700,1,Size,,,https://shop.tatesbakeshop.com/products/dessert-bar-gift-box-assorted?variant=45258190094370&_gsid=iXMusugWbbmH&utm_source=shopify&utm_medium=catalog
sentence,sentence_dessert,a small dessert box each guest can take home,0rruhs-jp.myshopify.com,Ruthie’s Lunchbox ,Sweet Treat Box,4500,4500,1,Brownies; Cookies; Mini cakes,,,https://ruthieslunchbox.myshopify.com/products/sweet-treat-box?variant=58982789349457&_gsid=iXMusugWbbmH&utm_source=shopify&utm_medium=catalog
sentence,sentence_dessert,a small dessert box each guest can take home,a81d51-3.myshopify.com,David's Cookies,Assorted Brownies Dessert Box,2895,2895,1,,,,https://davidscookies.com/products/assorted-brownies-dessert-box?variant=47068032598302&_gsid=iXMusugWbbmH&utm_source=shopify&utm_medium=catalog
sentence,sentence_dessert,a small dessert box each guest can take home,snackonus.myshopify.com,Snacks On Us,Client Appreciation Dessert Box,6800,6800,1,,,,https://snackonus.com/products/staff-appreciation-dessert-box?variant=48961508114672&_gsid=iXMusugWbbmH&utm_source=shopify&utm_medium=catalog
sentence,sentence_dessert,a small dessert box each guest can take home,boarderie.myshopify.com,Boarderie,Thank You Dessert Board Medium,16900,16900,1,,,,https://boarderie.com/products/thank-you-dessert-board-medium?variant=50361056264425&_gsid=iXMusugWbbmH&utm_source=shopify&utm_medium=catalog
sentence,sentence_dessert,a small dessert box each guest can take home,greyston2018.myshopify.com,Greyston Bakery,Indulgent Eight 8 PCS Brownie Gift Box,3195,3195,1,Choose a sleeve:,,,https://shop.greyston.org/products/indulgent-eight?variant=12907488804927&_gsid=iXMusugWbbmH&utm_source=shopify&utm_medium=catalog
sentence,sentence_dessert,a small dessert box each guest can take home,ladyyum1.myshopify.com,Lady Yum,Build Your Own Gift Box - Dangerous Slabs,2500,2500,1,,,gluten,https://ladyyum.com/products/build-your-own-gift-box-dangerous-slabs?variant=45995083202790&_gsid=iXMusugWbbmH&utm_source=shopify&utm_medium=catalog
sentence,sentence_dessert,a small dessert box each guest can take home,runvdd-vh.myshopify.com,The Table Gourmet,Mini Sweet & Savory Pie Variety Gift Box,10999,10999,1,,,,https://thetablegourmet.com/products/mini-sweet-savory-pie-variety-gift-box?variant=43395404071001&_gsid=iXMusugWbbmH&utm_source=shopify&utm_medium=catalog
sentence,sentence_dessert,a small dessert box each guest can take home,425e71.myshopify.com,My CharCUTErie,Delightful Dessert CharCUTErie Box,3200,3200,1,Size,,,https://mycharcuterie.com/products/delightful-dessert-charcuterie-box?variant=46845292806459&_gsid=iXMusugWbbmH&utm_source=shopify&utm_medium=catalog
sentence,sentence_dessert,a small dessert box each guest can take home,126d54-2.myshopify.com,Hot🔥Up®,Brownie Party Box,5800,5800,1,Pick your flavor,,,https://hotup.delivery/products/kids-mini-desserts-copy?variant=54555572273443&_gsid=iXMusugWbbmH&utm_source=shopify&utm_medium=catalog
sentence,sentence_dessert,a small dessert box each guest can take home,carnegie-deli-nyc.myshopify.com,Carnegie Deli ,Dessert Gift Box,11500,11500,1,,,,https://carnegiedeli.com/products/dessert-gift-box?variant=33071672492112&_gsid=iXMusugWbbmH&utm_source=shopify&utm_medium=catalog
sentence,sentence_dessert,a small dessert box each guest can take home,getgoodies-com.myshopify.com,GetGoodies.com,Deutsch Dessert Sampler Box,8995,8995,1,,,,https://www.getgoodies.com/products/deutsch-dessert-sampler-box-1?variant=52549301272850&_gsid=iXMusugWbbmH&utm_source=shopify&utm_medium=catalog
sentence,sentence_dessert,a small dessert box each guest can take home,boarderie.myshopify.com,Boarderie,Thinking of You Dessert Board Classic - E-Gift,13900,13900,1,Format; Size,,,https://boarderie.com/products/thinking-of-you-dessert-board-classic-e-gift?variant=51678976409833&_gsid=iXMusugWbbmH&utm_source=shopify&utm_medium=catalog
sentence,sentence_dessert,a small dessert box each guest can take home,cheese-and-charcuterie.myshopify.com,Cheese and Charcuterie,Dessert Box,7500,7500,1,,,,https://cheeseandmeatclub.com/products/53?variant=41390133968930&_gsid=iXMusugWbbmH&utm_source=shopify&utm_medium=catalog
sentence,sentence_dessert,a small dessert box each guest can take home,dessert-gallery-store.myshopify.com,Dessert Gallery Bakery & Cafe,Cake Balls Gift Box,2250,2250,1,,,,https://dessertgallery.com/products/cake-ball-gift-box?variant=50589512892706&_gsid=iXMusugWbbmH&utm_source=shopify&utm_medium=catalog
sentence,sentence_dessert,a small dessert box each guest can take home,kate-minimalist.myshopify.com,kate-minimalist,"TOMNK 100pcs Cookie Boxes, 4x4x2.5 Inch Small Bakery Boxes for Cupcakes Chocolate Strawberries Muffins, Brown",3958,3958,1,,,,https://kateminimalist.com/products/b09x33zmcn?variant=46229876801775&_gsid=iXMusugWbbmH&utm_source=shopify&utm_medium=catalog
sentence,sentence_dessert,a small dessert box each guest can take home,made-in-oregon.myshopify.com,Made In Oregon,Oregon Hospitality Temperature Friendly Gift Box,3895,3895,1,,,,https://madeinoregon.com/products/oregon-hospitality-temperature-friendly-gift-box?variant=50004716552494&_gsid=iXMusugWbbmH&utm_source=shopify&utm_medium=catalog
sentence,sentence_dessert,a small dessert box each guest can take home,luxe-bites-la.myshopify.com,Luxe Bites,Dessert Charcuterie Board and Platter – Serves 25+ Guests,23500,23500,1,Format,,,https://store.luxebites.com/products/dessert-platter-charcuterie-board?variant=43397287117052&_gsid=iXMusugWbbmH&utm_source=shopify&utm_medium=catalog
sentence,sentence_dessert,a small dessert box each guest can take home,ef7d50.myshopify.com,FE-DISTRIBUTING,Hostess glazed donettes,1399,1399,1,,,,https://www.fe-distributing.com/products/hostess-glazed-donettes?variant=46493486448891&_gsid=iXMusugWbbmH&utm_source=shopify&utm_medium=catalog
sentence,sentence_dessert,a small dessert box each guest can take home,wondibites.myshopify.com,Nettie's Bakery,Thank You Box,3999,3999,1,Size; Combo,,,https://www.nettiesbakery.com/products/thank-you-box-16?variant=40990978080935&_gsid=iXMusugWbbmH&utm_source=shopify&utm_medium=catalog
sentence,sentence_dessert,a small dessert box each guest can take home,dalmazio-imports.myshopify.com,Dalmazio Design,Dessert Take Away Boxes,400,400,1,,custom,,https://dalmaziodesign.com/products/dessert-take-away-boxes?variant=40525544587334&_gsid=iXMusugWbbmH&utm_source=shopify&utm_medium=catalog
sentence,sentence_dessert,a small dessert box each guest can take home,noahtest2020.myshopify.com,Cheesy Eddie's,"56 Piece Dessert Tray (16"")",9240,9240,1,,,,https://shopcheesyeddies.com/products/16-mini-tray?variant=32998548340874&_gsid=iXMusugWbbmH&utm_source=shopify&utm_medium=catalog
sentence,sentence_dessert,a small dessert box each guest can take home,kxtr2r-j1.myshopify.com,Ronnie’s Biscotti,Dinner Party Dessert Box w/Rainbow Cheesecake,12500,12500,1,,,,https://ronniesbiscotti.com/products/easter-dinner-dessert-box-version-2?variant=51719848395063&_gsid=iXMusugWbbmH&utm_source=shopify&utm_medium=catalog
sentence,sentence_dessert,a small dessert box each guest can take home,1537b6-52.myshopify.com,ProCardPartyShoppe,"Donut Themed Dessert Party, Personalized Gable Favor Boxes, pack of 8",2200,2200,1,,personaliz; custom,,https://acc123.com/products/donut-themed-dessert-party-personalized-gable-favor-boxes-pack-of-8?variant=44142317666479&_gsid=iXMusugWbbmH&utm_source=shopify&utm_medium=catalog
sentence,sentence_dessert,a small dessert box each guest can take home,1b1bc5-5.myshopify.com,Catalina's Sweet Atelier,Tasting Box,5600,5600,1,,,,https://www.catalinasweetatelier.com/products/tasting-box?variant=45508207247538&_gsid=iXMusugWbbmH&utm_source=shopify&utm_medium=catalog
sentence,sentence_dessert,a small dessert box each guest can take home,snack-bundles.myshopify.com,Fun Flavors Box,16 Count Individually Wrapped Dessert Treats – Sweet Gift & Care Package | Fun Flavors Box,3299,3299,1,,,,https://funflavorsbox.com/products/premium-sweets-pastries-variety-pack-16-count-dessert-snack-bundle-care-package-valentines-day-gift-box-for-him-her-for-kids-college?variant=42662019367099&_gsid=iXMusugWbbmH&utm_source=shopify&utm_medium=catalog
sentence,sentence_dessert,a small dessert box each guest can take home,caramelsshop.myshopify.com,Caramels.com,Deluxe Caramel Brownie Gift Box,9900,9900,1,,,,https://caramels.com/products/deluxe-caramel-brownie-gift-box?variant=48275950305573&_gsid=iXMusugWbbmH&utm_source=shopify&utm_medium=catalog
sentence,sentence_dessert,a small dessert box each guest can take home,boarderie.myshopify.com,Boarderie,Holiday Large Cheese & Charcuterie Board,24900,24900,1,Format; Size,,,https://boarderie.com/products/large-christmas-charcuterie-board?variant=45981553230057&_gsid=iXMusugWbbmH&utm_source=shopify&utm_medium=catalog
sentence,sentence_dessert,a small dessert box each guest can take home,khm0sd-z1.myshopify.com,Avaza Candy ,Gift Box – Small,1999,1999,1,,,,https://avazacandy.com/products/gift-box-small?variant=55000411832642&_gsid=iXMusugWbbmH&utm_source=shopify&utm_medium=catalog
sentence,sentence_dessert,a small dessert box each guest can take home,cocoa-fig.myshopify.com,Cocoa & Fig,Dessert Sample Box,6500,6500,1,,,,https://cocoaandfig.com/products/dessert-sample-box?variant=42432846856350&_gsid=iXMusugWbbmH&utm_source=shopify&utm_medium=catalog
sentence,sentence_dessert,a small dessert box each guest can take home,a8a65e-2.myshopify.com,Fabled Goods,Treat Box with Window and Dividers - Small (6-compartment) - 6.5x4.5x1.9 in [20 pack],3199,3199,1,Color,,,https://fabledgoods.com/products/treat-box-with-window-and-dividers-small-6-compartment-6-5x4-5x1-9-in-20-pack?variant=42022742261838&_gsid=iXMusugWbbmH&utm_source=shopify&utm_medium=catalog
sentence,sentence_dessert,a small dessert box each guest can take home,cake-and-candy-store.myshopify.com,Cake and Candy Supply,White Bento Cake Box with 5-Count Cupcake and Mini Cake Insert,399,399,1,,,,https://cakeandcandysupply.com/products/9-x-4-x-3-5-white-bakery-boxes-with-window-pastry-boxes-for-cakes-cookies-and-desserts-copy?variant=44061991436467&_gsid=iXMusugWbbmH&utm_source=shopify&utm_medium=catalog
sentence,sentence_dessert,a small dessert box each guest can take home,prxgyf-jr.myshopify.com,Home Collection,Home Collection 50 Pack Gold Clear Triangle Cake Slice Boxes Plastic Dessert Favor Holders,3999,3999,1,,,,https://homecollectionllc.com/products/home-collection-50-pack-gold-clear-triangle-cake-slice-boxes-plastic-dessert-favor-holders?variant=47779765027028&_gsid=iXMusugWbbmH&utm_source=shopify&utm_medium=catalog
sentence,sentence_dessert,a small dessert box each guest can take home,affinageboards.myshopify.com,Affinage Boards,Dessert Platter,21000,21000,1,,,,https://www.affinageboards.com/products/dessert-platter?variant=43659072569498&_gsid=iXMusugWbbmH&utm_source=shopify&utm_medium=catalog
sentence,sentence_dessert,a small dessert box each guest can take home,led-cloud-diffuser.myshopify.com,FabuLove,Rotating Eternal Rose Gift Box,2000,2000,1,Rose color; Rose box size,,,https://fabulove.co/products/eternalroseboxnecklace?variant=41662022779085&_gsid=iXMusugWbbmH&utm_source=shopify&utm_medium=catalog
sentence,sentence_dessert,a small dessert box each guest can take home,f110gf-dy.myshopify.com,Sweet Pour,"90 PCS 4x4x2 inches Classic Red Bakery Boxes with Window - Macaron, Cookie, Chocolate Truffle, Strawberry & Mini Cake Gift Boxes for Parties, Valentine's, Birthdays, Wedding, Christmas Favors",3614,3614,1,,,,https://sweet-pour.com/products/b0fqjw41zg?variant=48102724862180&_gsid=iXMusugWbbmH&utm_source=shopify&utm_medium=catalog
sentence,sentence_dessert,a small dessert box each guest can take home,twinkltoast.myshopify.com,Twinkltoast,Pyrex-Inspired Spring Blossom Casserole Ceramic Trinket Box,2900,2900,1,,,,https://twinkltoast.com/products/pyrex-inspired-spring-blossom-casserole?variant=43613301833816&_gsid=iXMusugWbbmH&utm_source=shopify&utm_medium=catalog
sentence,sentence_dessert,a small dessert box each guest can take home,imbbhz-bf.myshopify.com,The Kitchen Hearth,"KPOSIYA 40pcs 6x6x5 inch Mini Cake Boxes with Cake Boards (20 Boxes & 20 Boards), Pink Bakery Box with Window for Treat Dessert Pastry Donuts Macaroon Strawberries Chocolate Candy",3999,3999,1,,,,https://thekitchenhearth.com/products/b0d9ryhg69?variant=51150717681880&_gsid=iXMusugWbbmH&utm_source=shopify&utm_medium=catalog
sentence,sentence_dessert,a small dessert box each guest can take home,a81d51-3.myshopify.com,David's Cookies,1lb Assorted Cookies Dessert Box,2695,2695,1,,,,https://davidscookies.com/products/1lb-assorted-cookies-dessert-box?variant=47068032303390&_gsid=iXMusugWbbmH&utm_source=shopify&utm_medium=catalog
sentence,sentence_kids,something for the kids at a birthday party under ten dollars,2rpzp4-k1.myshopify.com,Bright Box Bundles,Party Favor 5-Pack – Fun Toys for Kids (Only $1.75 Each Pack!),175,175,1,,,,https://brightboxbundles.com/products/party-favor-5-pack-fun-toys-for-kids-only-0-75-each-pack?variant=43760949887069&_gsid=g7GKsPnzWdwd&utm_source=shopify&utm_medium=catalog
sentence,sentence_kids,something for the kids at a birthday party under ten dollars,vgyypu-v8.myshopify.com,Vera Nest Home,Hello Kitty Party Supplies Set 41pcs Pink Disposable Plates Napkins Tablecloth Birthday Decoration Kit,4199,4199,1,Quantity,,,https://veranesthome.com/products/hello-kitty-party-supplies-41pcs-pink-disposable-plates-napkins-tablecloth?variant=46930760827068&_gsid=g7GKsPnzWdwd&utm_source=shopify&utm_medium=catalog
sentence,sentence_kids,something for the kids at a birthday party under ten dollars,listener-kids-store.myshopify.com,Listener Kids,Listener Kids Birthday Party Supply Set,3999,3999,1,,,,https://www.listenerkids.com/products/listener-kids-party-supply-set?variant=42677635547329&_gsid=g7GKsPnzWdwd&utm_source=shopify&utm_medium=catalog
sentence,sentence_kids,something for the kids at a birthday party under ten dollars,14be5a-96.myshopify.com,Savvy Savingss,Truck Theme Party Favors,200,200,1,How many?,personaliz; custom,,https://savvysavingss.com/products/truck-theme-party-favors?variant=44828593717384&_gsid=g7GKsPnzWdwd&utm_source=shopify&utm_medium=catalog
sentence,sentence_kids,something for the kids at a birthday party under ten dollars,easy-favors-2.myshopify.com,Easy favors ,Superheroes Party Favor Set for 20 kids,3999,3999,1,,,,https://easyfavors.us/products/superheroes-party-favor-set?variant=46930642665776&_gsid=g7GKsPnzWdwd&utm_source=shopify&utm_medium=catalog
sentence,sentence_kids,something for the kids at a birthday party under ten dollars,geniusgemsnyc.myshopify.com,Genius Gems NYC,Goody Bags,1500,1500,1,,,,https://nyc.geniusgems.com/products/goody-bags?variant=49038481326361&_gsid=g7GKsPnzWdwd&utm_source=shopify&utm_medium=catalog
sentence,sentence_kids,something for the kids at a birthday party under ten dollars,zdmb0k-20.myshopify.com,BestParty.Co,"Hello Kitty and Friends Birthday Pink Party Favour Cup, 16 Oz, 1 Count",799,799,1,,,,https://bestparty.co/products/hello-kitty-and-friends-birthday-pink-party-favour-cup-16-oz-1-count?variant=50172270051606&_gsid=g7GKsPnzWdwd&utm_source=shopify&utm_medium=catalog
sentence,sentence_kids,something for the kids at a birthday party under ten dollars,t5euk1-i0.myshopify.com, Acocavore,"Kids Birthday Party Decoration Kit – Paper Tableware Set with Balloons, Plates, Cups & Tablecloth for Boys Baby Shower Party Supplies",393,393,1,Color,,,https://acocavore.com/products/kids-birthday-party-decoration-paper-tableware-balloons-kit-cups-plate-tablecloth-for-boys-baby-shower-supplies-globlos?variant=50692957274359&_gsid=g7GKsPnzWdwd&utm_source=shopify&utm_medium=catalog
sentence,sentence_kids,something for the kids at a birthday party under ten dollars,9b0dac-b6.myshopify.com,Factory Direct Party,Spider-Man Goo Slime Party Favor Set,446,446,1,,,,https://factorydirectparty.com/products/spider-man-goo-slime-party-favor-set?variant=51491506389297&_gsid=g7GKsPnzWdwd&utm_source=shopify&utm_medium=catalog
sentence,sentence_kids,something for the kids at a birthday party under ten dollars,the-warehouse-liquidation.myshopify.com,The Warehouse Liquidation,"Birthday Party Supplies Set for Kids, Superhero Avengers Theme Decorations Kits Include Birthday Banner, Balloons, Cupcake Toppers, Gold Flat Ribbon",1466,1466,1,,,,https://thewarehouseliquidation.com/products/birthday-party-supplies-set-for-kids-superhero-avengers-theme-decorations-kits-include-birthday-banner-balloons-cupcake-toppers-gold-flat-ribbon?variant=42578828722433&_gsid=g7GKsPnzWdwd&utm_source=shopify&utm_medium=catalog
sentence,sentence_kids,something for the kids at a birthday party under ten dollars,sugar-hi-boca.myshopify.com,SugarHi Boca,Candy Sushi Party,80000,80000,1,,,,https://sugarhiboca.com/products/candy-sushi-party?variant=46659321495778&_gsid=g7GKsPnzWdwd&utm_source=shopify&utm_medium=catalog
sentence,sentence_kids,something for the kids at a birthday party under ten dollars,kate-minimalist.myshopify.com,kate-minimalist,"Cars Birthday Party Supplies, Cars Birthday Party Decorations Include Birthday Banner, Foil Balloons, Backdrop, Tablecloth, Cupcake Toppers for Boys Girls",4598,4598,1,,,,https://kateminimalist.com/products/b0c6ppq2t6?variant=46314945216751&_gsid=g7GKsPnzWdwd&utm_source=shopify&utm_medium=catalog
sentence,sentence_kids,something for the kids at a birthday party under ten dollars,mybestmomfriend.myshopify.com,Playful Little Minds,Rainbow Unicorn Play Dough Party Favors for Kids' Birthdays,5600,5600,1,Select your desired quantity; I would like,,,https://playfullittleminds.com/products/unicorn-theme-party-favors?variant=48124638658871&_gsid=g7GKsPnzWdwd&utm_source=shopify&utm_medium=catalog
sentence,sentence_kids,something for the kids at a birthday party under ten dollars,m3ray0-0y.myshopify.com,All Things Fancy,Coastal Coquette Birthday Party,3500,3500,1,,,,https://all-things-fancy.com/products/coastal-coquette-birthday-party?variant=51091589562656&_gsid=g7GKsPnzWdwd&utm_source=shopify&utm_medium=catalog
sentence,sentence_kids,something for the kids at a birthday party under ten dollars,krystal-party-shop.myshopify.com,Krystal Party Shop,Disney Mickey Mouse Clubhouse Party Kit,5999,5999,1,,,,https://krystalpartyshop.com/products/disney-mickey-mouse-clubhouse-plates?variant=41656013717733&_gsid=g7GKsPnzWdwd&utm_source=shopify&utm_medium=catalog
sentence,sentence_kids,something for the kids at a birthday party under ten dollars,be-chocolat.myshopify.com,BE Chocolat,Birthday Workshop (for children),4000,4000,1,Extra bday,,,https://www.bechocolat.com/products/birthday?variant=40262899990725&_gsid=g7GKsPnzWdwd&utm_source=shopify&utm_medium=catalog
sentence,sentence_kids,something for the kids at a birthday party under ten dollars,bm9pzy-h0.myshopify.com,Festivoa Birthday Party,"Dinosaur Birthday Party Supplies for 10 Kids – Complete Party Kit with Balloons & Decorations, Plates, Cups, Napkins, Easy Setup, Designed for Small Parties",1758,1758,1,,,,https://festivoa.com/products/dinosaur-birthday-party-supplies-for-10-kids-complete-party-kit-with-balloons-decorations-plates-cups-napkins-easy-setup-designed-for-small-parties?variant=55505429922083&_gsid=g7GKsPnzWdwd&utm_source=shopify&utm_medium=catalog
sentence,sentence_kids,something for the kids at a birthday party under ten dollars,zdmb0k-20.myshopify.com,BestParty.Co,"Stitch Yellow Party Cup 16 Oz, 1 ct",189,189,1,,,,https://bestparty.co/products/stitch-yellow-party-cup-16-oz-1-ct?variant=50180369776918&_gsid=g7GKsPnzWdwd&utm_source=shopify&utm_medium=catalog
sentence,sentence_kids,something for the kids at a birthday party under ten dollars,bcafc4-2.myshopify.com,Baby World,Mini Whistle With Rope Kids Birthday Party Gifts Favors,899,899,1,Color; Size,,,https://seebabyworld.com/products/mini-whistle-with-rope-children-kids-sports-football-soccer-rugby-cheerleading-fans-cheer-whistles-birthday-party-gifts-favors?variant=42883185737884&_gsid=g7GKsPnzWdwd&utm_source=shopify&utm_medium=catalog
sentence,sentence_kids,something for the kids at a birthday party under ten dollars,usa-party-store.myshopify.com,USA Party Store,Hello Kitty Favor Cup,199,199,1,,,,https://usapartystore.com/products/hello-kitty-and-friends-birthday-blue-party-favor-cup-16-oz-1-count?variant=49653544878365&_gsid=g7GKsPnzWdwd&utm_source=shopify&utm_medium=catalog
sentence,sentence_kids,something for the kids at a birthday party under ten dollars,toy-world-inc.myshopify.com,Toy World Inc,Hello Kitty and Friends 9oz Paper Cups 8ct,290,290,1,,,,https://toyworldinc.co/products/hello-kitty-and-friends-9oz-paper-cups-8ct?variant=45243739046084&_gsid=g7GKsPnzWdwd&utm_source=shopify&utm_medium=catalog
sentence,sentence_kids,something for the kids at a birthday party under ten dollars,4es-novelty.myshopify.com,4Es novelty,"4E's Novelty 38 Pieces Set - 12 Traffic Cones With Hole on Top, 24 Checkered Flags, Racetrack Floor Runner - for For Race Car Birthday Party Supplies, Table Centerpiece Decorations Kids Gift",2699,2699,1,,,,https://www.4esnovelty.com/products/38-pcs-set-includes-12-traffic-cones-24-checkered-flags-and-racetrack-floor-runner-for-birthday-party-and-racing-theme-decoration-by-4e-s-novelty?variant=43581586047148&_gsid=g7GKsPnzWdwd&utm_source=shopify&utm_medium=catalog
sentence,sentence_kids,something for the kids at a birthday party under ten dollars,pinatagram.myshopify.com,Piñatagrams,Fun Birthday Piñatagram,2999,2999,1,,,,https://www.pinatagrams.com/products/fun-birthday-pinatagram?variant=40338014830690&_gsid=g7GKsPnzWdwd&utm_source=shopify&utm_medium=catalog
sentence,sentence_kids,something for the kids at a birthday party under ten dollars,bm9pzy-h0.myshopify.com,Festivoa Birthday Party,24 Sets Under the Sea Party Favors for Kids Wooden Painting Craft DIY Kit Under the Sea Birthday Party Supplies Goodie Bag Stuffer Decoration Gifts Prizes for Girls Toddlers,3998,3998,1,Style,,,https://festivoa.com/products/24-sets-under-the-sea-party-favors-for-kids-wooden-painting-craft-diy-kit-under-the-sea-birthday-party-supplies-goodie-bag-stuffer-decoration-gifts-prizes-for-girls-toddlers?variant=55508659962147&_gsid=g7GKsPnzWdwd&utm_source=shopify&utm_medium=catalog
sentence,sentence_kids,something for the kids at a birthday party under ten dollars,peachy-bbies.myshopify.com,PeachyBbies,Ultimate Bday Cake CLAY Kit,1899,1899,1,Size,custom,,https://peachybbies.com/products/ultimate-bday-cake-clay-kit?variant=40426233462820&_gsid=g7GKsPnzWdwd&utm_source=shopify&utm_medium=catalog
sentence,sentence_kids,something for the kids at a birthday party under ten dollars,pinatagram.myshopify.com,Piñatagrams,Confetti Birthday Piñatagram,3499,3499,1,Feature,,,https://www.pinatagrams.com/products/confetti-birthday-pinatagram?variant=40336086302818&_gsid=g7GKsPnzWdwd&utm_source=shopify&utm_medium=catalog
sentence,sentence_kids,something for the kids at a birthday party under ten dollars,artcreativity-test.myshopify.com,Art Creativity,"Gold Foil Birthday Party Crowns for Kids, Bulk Pack of 24, Golden Paper Birthday Hats in 2 Fun Designs, Adjustable and Reusable, Royalty Party Decorations, Crown Party Supplies",1699,1699,1,,,,https://artcreativity.com/products/artcreativity-gold-foil-birthday-party-crowns-for-kids-bulk-pack-of-24-golden-paper-birthday-hats-in-2-fun-designs-adjustable-and-reusable-royalty-party-decorations-crown-party-supplies?variant=42553749536987&_gsid=g7GKsPnzWdwd&utm_source=shopify&utm_medium=catalog
sentence,sentence_kids,something for the kids at a birthday party under ten dollars,f5fbe0.myshopify.com,Inkbond,Birthday Wand,2499,2499,1,Buy more & save!,personaliz,,https://www.ink-bond.com/products/birthday-wand-temporary-tattoo?variant=45999695397155&_gsid=g7GKsPnzWdwd&utm_source=shopify&utm_medium=catalog
sentence,sentence_kids,something for the kids at a birthday party under ten dollars,9b0dac-b6.myshopify.com,Factory Direct Party,Hot Wheels Racing Table Decorating Kit for Kids' Birthday Parties,759,759,1,,,,https://factorydirectparty.com/products/hot-wheels-table-decorating-kit-centerpieces-orange-blue-for-birthday-party?variant=51508039188785&_gsid=g7GKsPnzWdwd&utm_source=shopify&utm_medium=catalog
sentence,sentence_kids,something for the kids at a birthday party under ten dollars,shop-danrie.myshopify.com,Danrie,Birthday Mini Clips,1800,1800,1,,,,https://shopdanrie.com/products/birthday-mini-clips?variant=45541268685044&_gsid=g7GKsPnzWdwd&utm_source=shopify&utm_medium=catalog
sentence,sentence_kids,something for the kids at a birthday party under ten dollars,3ffrnu-xc.myshopify.com,Oasis Select,Mini Birthday Hat Cake Toppers DIY Decoration Kids Flages Baby Shower,897,897,1,Color,,,https://oasis-select.com/products/15pcs-set-mini-birthday-hat-cake-toppers-diy-cake-decoration-kids-birthday-cake-top-flages-baby-shower-cupcake-toppers?variant=47753693560937&_gsid=g7GKsPnzWdwd&utm_source=shopify&utm_medium=catalog
sentence,sentence_kids,something for the kids at a birthday party under ten dollars,t1a6yc-tw.myshopify.com,Macarena Party,Slimes or Crafts or Painting on canvases for Kids Parties in Miami | Macarena Party,19900,19900,1,Number for kids,,,https://macarenaparty.com/products/slime-party-crafts-miami?variant=45390165409970&_gsid=g7GKsPnzWdwd&utm_source=shopify&utm_medium=catalog
sentence,sentence_kids,something for the kids at a birthday party under ten dollars,zdmb0k-20.myshopify.com,BestParty.Co,The Little Mermaid™ Blowouts 8 Ct,399,399,1,,,,https://bestparty.co/products/the-little-mermaid%E2%84%A2-blowouts-8-ct?variant=50180557046038&_gsid=g7GKsPnzWdwd&utm_source=shopify&utm_medium=catalog
sentence,sentence_kids,something for the kids at a birthday party under ten dollars,rdwv3n-mi.myshopify.com,DIGITAL STORE 2,Magic Party Kit Essential,1700,1700,1,,custom,,https://mundoinfantildigital.shop/products/magic-party-kit?variant=43362070790246&_gsid=g7GKsPnzWdwd&utm_source=shopify&utm_medium=catalog
sentence,sentence_kids,something for the kids at a birthday party under ten dollars,kate-minimalist.myshopify.com,kate-minimalist,"Minnie Birthday Party Supplies - Balloon Decorations, Banner, Backdrop, Cake & Cupcake Toppers, Tablecloth for Kids",7398,7398,1,,,,https://kateminimalist.com/products/b0bzvdfv9d?variant=46314616979695&_gsid=g7GKsPnzWdwd&utm_source=shopify&utm_medium=catalog
sentence,sentence_kids,something for the kids at a birthday party under ten dollars,ha1f0z-m7.myshopify.com,HappyPlayToys,"Unique Minnie Mouse Birthday Party Supplies Activity Bundle Pack includes 8 Kid's Party Cone Hats, 8 Party Blowouts, 1 Dinosaur Sticker Sheet",2319,2319,1,,,,https://happyplay-toys.com/products/b0b1xnvk35?variant=43917608747096&_gsid=g7GKsPnzWdwd&utm_source=shopify&utm_medium=catalog
sentence,sentence_kids,something for the kids at a birthday party under ten dollars,organic-stores-inc.myshopify.com,"Organic Stores, Inc.",What a Blast! Fun Kids Gift,5997,5997,1,,,,https://organicstores.com/products/what-a-blast-fun-kids-gift?variant=44581063262308&_gsid=g7GKsPnzWdwd&utm_source=shopify&utm_medium=catalog
sentence,sentence_kids,something for the kids at a birthday party under ten dollars,platforms-test.myshopify.com,Celebrate Everyday,Pop-Its,2400,2400,1,Quantity,,,https://www.celebrate.shop/products/pop-its?variant=39296588120197&_gsid=g7GKsPnzWdwd&utm_source=shopify&utm_medium=catalog
sentence,sentence_kids,something for the kids at a birthday party under ten dollars,wz8fnt-3b.myshopify.com,Zari Fee,The Little Mermaid Theme Party Supplies  Ariel Princess Paper Napkin Plate Cup Balloons Kid Girls Birthday Party Decoration Gift,799,799,1,Color,,,https://zari.com.co/products/the-little-mermaid-theme-party-supplies-ariel-princess-paper-napkin-plate-cup-balloons-kid-girls-birthday-party-decoration-gift?variant=45243840200857&_gsid=g7GKsPnzWdwd&utm_source=shopify&utm_medium=catalog
sentence,sentence_kids,something for the kids at a birthday party under ten dollars,aci-party.myshopify.com,ACI Party,Encanto Create Your Own Bag 8ct - Amscan,695,695,1,,custom,,https://aciparty.com/products/encanto-create-your-own-bag-8ct-amscan?variant=52197025218853&_gsid=g7GKsPnzWdwd&utm_source=shopify&utm_medium=catalog
sentence,sentence_kids,something for the kids at a birthday party under ten dollars,14be5a-96.myshopify.com,Savvy Savingss,You Got a Friend in me,200,200,1,How many?,custom,,https://savvysavingss.com/products/toy-theme-party-favors-copy?variant=44829225484424&_gsid=g7GKsPnzWdwd&utm_source=shopify&utm_medium=catalog
sentence,sentence_kids,something for the kids at a birthday party under ten dollars,ha1f0z-m7.myshopify.com,HappyPlayToys,"Disney Frozen Mini Party Favors Set for Girls - Bundle with 24 Mini Frozen Grab n Go Play Activity Packs with Coloring Pages, Stickers, More for Kids | Elsa & Anna Birthday Party Supplies",2319,2319,1,,,,https://happyplay-toys.com/products/b0f6nmgq33?variant=43917591707736&_gsid=g7GKsPnzWdwd&utm_source=shopify&utm_medium=catalog
sentence,sentence_kids,something for the kids at a birthday party under ten dollars,zdmb0k-20.myshopify.com,BestParty.Co,Stitch Birthday Decorations Set for 16 Guests,3890,3890,1,,,,https://bestparty.co/products/stitch-birthday-decorations-set-for-16-guests?variant=51405061390614&_gsid=g7GKsPnzWdwd&utm_source=shopify&utm_medium=catalog
sentence,sentence_kids,something for the kids at a birthday party under ten dollars,fiestawarehouse.myshopify.com,Fiesta Warehouse,STITCH NAPKINS 16CT,425,425,1,,,,https://www.fiestawarehouse.net/products/stitch-lun-napkins-stitch?variant=45996253479067&_gsid=g7GKsPnzWdwd&utm_source=shopify&utm_medium=catalog
sentence,sentence_kids,something for the kids at a birthday party under ten dollars,little-hands-and-nature.myshopify.com,Little Hands and Nature,Mermaid's Magic Potion Pouch - Party Favor,1895,1895,1,Pack quantity,,,https://littlehandsandnature.com/products/mermaids-magic-party-favor?variant=42358745923775&_gsid=g7GKsPnzWdwd&utm_source=shopify&utm_medium=catalog
sentence,sentence_kids,something for the kids at a birthday party under ten dollars,6eaa26.myshopify.com,CongoBasinGroup.com,"30Pcs Colorful Party Blowout Whistles - Noise Maker Toys for Kids Birthday, Baby Shower Favors, Pinata Filler, Treasure Box Supplies",1767,1767,1,Color,,,https://www.congobasin.ai/products/30pcs-colorful-party-blowouts-whistles-noice-maker-toys-for-kids-birthday-party-favors-baby-shower-treasure-boxs-pinata-filler?variant=47855247950131&_gsid=g7GKsPnzWdwd&utm_source=shopify&utm_medium=catalog
sentence,sentence_kids,something for the kids at a birthday party under ten dollars,ha1f0z-m7.myshopify.com,HappyPlayToys,"12 Pack Ninja Party Favors for Kids - Individually Wrapped Paint Your Own Wooden Magnet Craft Kits with Thank You Card, Stealthy Birthday Decorations for Boys & Girls",2865,2865,1,,,,https://happyplay-toys.com/products/b0fdjsstr5?variant=43917080330328&_gsid=g7GKsPnzWdwd&utm_source=shopify&utm_medium=catalog
sentence,sentence_kids,something for the kids at a birthday party under ten dollars,pinatagram.myshopify.com,Piñatagrams,Magical Birthday Piñatagram,3499,3499,1,,,,https://www.pinatagrams.com/products/magical-birthday-pinatagram?variant=40338015125602&_gsid=g7GKsPnzWdwd&utm_source=shopify&utm_medium=catalog
sentence,sentence_kids,something for the kids at a birthday party under ten dollars,ac4fcf-2.myshopify.com,MEACAOFG,ColorCraft,2600,2600,1,,,,https://meacaofg.shop/products/colorcraft?variant=46040390860974&_gsid=g7GKsPnzWdwd&utm_source=shopify&utm_medium=catalog
sentence,sentence_kids,something for the kids at a birthday party under ten dollars,michellemarieboutique.myshopify.com,Michelle Marie Boutique,Pink and Blue Birthday Party Favors | 6 Pack for $12 | Fun & Festive Goodies,1200,1200,1,,,,https://michellemarieboutique.com/products/pink-and-blue-birthday-party-favors-6-pack-for-12-fun-festive-goodies?variant=49146661077239&_gsid=g7GKsPnzWdwd&utm_source=shopify&utm_medium=catalog
