type,key,query,seller,seller_name,title,price_min,price_max,variants,option_names,personalization_words,dietary_words,url
category,favors,party favors,readymadeplaycanada.myshopify.com,Readymade Play Canada ,Party Favours!,550,550,1,,,,https://readymadeplaycanada.com/products/party-favours?variant=48755888783646&_gsid=UhbBh1D8ZRqS&utm_source=shopify&utm_medium=catalog
category,favors,party favors,partyexpertballoon.myshopify.com,Party Expert,"Happy Icons Surprise Balls, 6 Count",3999,3999,1,,,,https://www.party-expert.com/products/happy-fun-icons-surprise-balls-6-count?variant=43755287085242&_gsid=UhbBh1D8ZRqS&utm_source=shopify&utm_medium=catalog
category,favors,party favors,paper-parties-boutique.myshopify.com,Pretty Day,Multi Surprise Balls,4509,4509,1,,,,https://www.prettyday.com/products/copy-of-meri-meri-rainbow-surprise-ball-party-favors-s3104?variant=46635786600681&_gsid=UhbBh1D8ZRqS&utm_source=shopify&utm_medium=catalog
category,favors,party favors,lemon-and-lavender-toronto.myshopify.com,Lemon And Lavender Toronto,Surprise Cake Slices | Meri Meri,4999,4999,1,,,,https://shop.lemonlavender.com/products/surprise-cake-slices-meri-meri?variant=46782329880805&_gsid=UhbBh1D8ZRqS&utm_source=shopify&utm_medium=catalog
category,favors,party favors,good-nbr.myshopify.com,Good Neighbour,Rainbow Surprise Balls,4000,4000,1,,,,https://www.goodnbr.com/products/multi-surprise-balls-copy?variant=41178487193643&_gsid=UhbBh1D8ZRqS&utm_source=shopify&utm_medium=catalog
category,favors,party favors,partyexpertballoon.myshopify.com,Party Expert,"Spider-Man mega favor pack, 48 per package",1599,1599,1,,,,https://www.party-expert.com/products/spider-man-mega-mix-pack-48-pkg?variant=14307101769794&_gsid=UhbBh1D8ZRqS&utm_source=shopify&utm_medium=catalog
category,favors,party favors,partyexpertballoon.myshopify.com,Party Expert,"Fairy Party Paper Bags, 8 Count",2499,2499,1,,,,https://www.party-expert.com/products/fairy-party-paper-bags-8-count?variant=43749427609786&_gsid=UhbBh1D8ZRqS&utm_source=shopify&utm_medium=catalog
category,favors,party favors,lemon-and-lavender-toronto.myshopify.com,Lemon And Lavender Toronto,Stripe Party Bags (Set of 8)-Meri Meri,2999,2999,1,,,,https://shop.lemonlavender.com/products/easter-party-bags-set-of-8-meri-meri-copy?variant=45902392951013&_gsid=UhbBh1D8ZRqS&utm_source=shopify&utm_medium=catalog
category,favors,party favors,partyexpertballoon.myshopify.com,Party Expert,"Spider-Man Birthday Favour Bags, Marvel, 8 Count",349,349,1,,,,https://www.party-expert.com/products/spider-man-birthday-favour-bags-marvel-8-count?variant=44831504171194&_gsid=UhbBh1D8ZRqS&utm_source=shopify&utm_medium=catalog
category,favors,party favors,the-sugar-cube.myshopify.com,The Sugar Cube,Custom Candy Bags,12375,12375,1,Quantity; Allergen; Size,custom; personaliz,allerg,https://www.sugarcubeyyc.com/products/custom-candy-bags?variant=3359674948&_gsid=UhbBh1D8ZRqS&utm_source=shopify&utm_medium=catalog
category,favors,party favors,geniusgems.myshopify.com,Genius Gems,Goody Bags,2117,2117,1,Option,,,https://geniusgems.com/products/goody-bags?variant=48701158687008&_gsid=UhbBh1D8ZRqS&utm_source=shopify&utm_medium=catalog
category,favors,party favors,thecrossdesign.myshopify.com,The Cross Living,Mermaid Party Bags,3000,3000,1,,,,https://www.thecrossliving.com/products/mermaid-party-bags?variant=45866594598969&_gsid=UhbBh1D8ZRqS&utm_source=shopify&utm_medium=catalog
category,favors,party favors,paper-parties-boutique.myshopify.com,Pretty Day,Toybox Icon Party Bags 8pk.,3134,3134,1,,,,https://www.prettyday.com/products/toybox-icon-party-bags-8pk?variant=48093208805609&_gsid=UhbBh1D8ZRqS&utm_source=shopify&utm_medium=catalog
category,favors,party favors,b-glam-party-shop-9426.myshopify.com,B Glam Party Shop,Pink Surprise Balls (x 6),3900,3900,1,,,,https://bglampartyshop.ca/products/pink-surprise-balls-x-6?variant=41222672056460&_gsid=UhbBh1D8ZRqS&utm_source=shopify&utm_medium=catalog
category,favors,party favors,party-stuff-v4.myshopify.com,Party Stuff,48 Count Hello Kitty Party Favor Pack,1499,1499,1,,,,https://www.partystuff.ca/products/48ct-hello-kitty-party-favor-pack?variant=51815973224818&_gsid=UhbBh1D8ZRqS&utm_source=shopify&utm_medium=catalog
category,favors,party favors,paper-parties-boutique.myshopify.com,Pretty Day,Charm Party Bags 8pk.,3134,3134,1,,,,https://www.prettyday.com/products/charm-party-bags-8pk?variant=50979965632745&_gsid=UhbBh1D8ZRqS&utm_source=shopify&utm_medium=catalog
category,favors,party favors,confettimyparty-5294.myshopify.com,CONFETTIMYPARTY,PRINCESS PARTY BAGS BY MERI MERI,3000,3000,1,,,,https://www.confettimyparty.com/products/princess-party-bags?variant=44327979483455&_gsid=UhbBh1D8ZRqS&utm_source=shopify&utm_medium=catalog
category,favors,party favors,paper-parties-boutique.myshopify.com,Pretty Day,Western Boot Party Bags 8pk.,3134,3134,1,,,,https://www.prettyday.com/products/western-boot-party-bags-8pk?variant=48093411737833&_gsid=UhbBh1D8ZRqS&utm_source=shopify&utm_medium=catalog
category,favors,party favors,paper-parties-boutique.myshopify.com,Pretty Day,Red And Pink Velvet Bow Surprise Balls 6pk.,3387,3387,1,,,,https://www.prettyday.com/products/red-and-pink-velvet-bow-surprise-balls-6pk?variant=49708124340457&_gsid=UhbBh1D8ZRqS&utm_source=shopify&utm_medium=catalog
category,favors,party favors,partyexpertballoon.myshopify.com,Party Expert,"Avengers Assemble favor bags, 8 per package",347,347,1,,,,https://www.party-expert.com/products/avengers-assemble-lootbags-8-pkg?variant=14026965286978&_gsid=UhbBh1D8ZRqS&utm_source=shopify&utm_medium=catalog
category,favors,party favors,partyexpertballoon.myshopify.com,Party Expert,"Disney Toy Story 4 Birthday Party Mega Favour Pack, 48 Count",1599,1599,1,,,,https://www.party-expert.com/products/toy-story-4-mega-mix-favors-48-pkg?variant=15473203281986&_gsid=UhbBh1D8ZRqS&utm_source=shopify&utm_medium=catalog
category,favors,party favors,party-stuff-v4.myshopify.com,Party Stuff,"Minecraft Favour Pack, 48 pieces",1999,1999,1,,,,https://www.partystuff.ca/products/48-minecraft-favor-pack?variant=51884337463666&_gsid=UhbBh1D8ZRqS&utm_source=shopify&utm_medium=catalog
category,favors,party favors,confettimyparty-5294.myshopify.com,CONFETTIMYPARTY,ROCKET PARTY BAGS BY MERI MERI,2550,2550,1,,,,https://www.confettimyparty.com/products/rocket-party-bags?variant=44249098158399&_gsid=UhbBh1D8ZRqS&utm_source=shopify&utm_medium=catalog
category,favors,party favors,partyexpertballoon.myshopify.com,Party Expert,"Happy Icons Party Paper Bags, 8 Count",2599,2599,1,,,,https://www.party-expert.com/products/fun-icons-party-paper-bags-8-count?variant=43755272831162&_gsid=UhbBh1D8ZRqS&utm_source=shopify&utm_medium=catalog
category,favors,party favors,confettimyparty-5294.myshopify.com,CONFETTIMYPARTY,GINGHAM FRINGE PARTY BAGS BY MERI MERI,3000,3000,1,,,,https://www.confettimyparty.com/products/gingham-fringe-party-bags-by-meri-meri?variant=52237867647295&_gsid=UhbBh1D8ZRqS&utm_source=shopify&utm_medium=catalog
category,favors,party favors,partyexpert-fr.myshopify.com,Party Expert USA,"Pokémon Birthday Favour Bags, 8 count",397,397,1,,custom,,https://www.party-expert.ca/products/pokemon-birthday-favour-bags-8-count?variant=41950185029830&_gsid=UhbBh1D8ZRqS&utm_source=shopify&utm_medium=catalog
category,favors,party favors,paper-parties-boutique.myshopify.com,Pretty Day,Meri Meri Pirate Skulls Surprise Balls 3pk.,3959,3959,1,,,,https://www.prettyday.com/products/pirate-skulls-surprise-balls?variant=43376019308777&_gsid=UhbBh1D8ZRqS&utm_source=shopify&utm_medium=catalog
category,favors,party favors,partyexpertballoon.myshopify.com,Party Expert,"Mickey Mouse Forever mega favor pack, 48 per package",1599,1599,1,,,,https://www.party-expert.com/products/mickey-mouse-forever-mega-favor-pack?variant=31955396722748&_gsid=UhbBh1D8ZRqS&utm_source=shopify&utm_medium=catalog
category,favors,party favors,partyexpertballoon.myshopify.com,Party Expert,"Pokémon Plastic Favour Bags, 8 Count",349,349,1,,,,https://www.party-expert.com/products/pokemon-plastic-favour-bags-8-count?variant=45574837305530&_gsid=UhbBh1D8ZRqS&utm_source=shopify&utm_medium=catalog
category,favors,party favors,1gmzrj-af.myshopify.com,Dazzling Party and Balloons,Hello Kitty & Friends Favor Pack 48 Pack,2195,2195,1,,,,https://dazzlingballoons.ca/products/hello-kitty-friends-favor-pack-48-pack?variant=52696288330001&_gsid=UhbBh1D8ZRqS&utm_source=shopify&utm_medium=catalog
category,favors,party favors,paper-parties-boutique.myshopify.com,Pretty Day,Ladurée Paris Macaron Surprise Ball Party Favors 5pk.,4289,4289,1,,,,https://www.prettyday.com/products/laduree-paris-macaron-surprise-ball-party-favors?variant=44295603880169&_gsid=UhbBh1D8ZRqS&utm_source=shopify&utm_medium=catalog
category,favors,party favors,party-stuff-v4.myshopify.com,Party Stuff,"Favor Box - Heart, 8 Count, 4.5""",399,399,1,,,,https://www.partystuff.ca/products/8-heart-favor-box?variant=48649814638752&_gsid=UhbBh1D8ZRqS&utm_source=shopify&utm_medium=catalog
category,favors,party favors,partyexpertballoon.myshopify.com,Party Expert,"Toy Story Plastic Favour Bags, 8 Count",349,349,1,,,,https://www.party-expert.com/products/toy-story-plastic-favour-bags-8-count?variant=45868922175674&_gsid=UhbBh1D8ZRqS&utm_source=shopify&utm_medium=catalog
category,favors,party favors,partyexpertballoon.myshopify.com,Party Expert,"Frozen 2 favor bags, 8 per package",349,349,1,,,,https://www.party-expert.com/products/frozen-2-loot-bags-8-pkg?variant=30345749561410&_gsid=UhbBh1D8ZRqS&utm_source=shopify&utm_medium=catalog
category,favors,party favors,partyexpertballoon.myshopify.com,Party Expert,"Flutter Party Mega Mix Favor Pack, 48 Count",1597,1597,1,,,,https://www.party-expert.com/products/flutter-party-mega-mix-favor-pack-48-count?variant=38116746133690&_gsid=UhbBh1D8ZRqS&utm_source=shopify&utm_medium=catalog
category,favors,party favors,partyexpertballoon.myshopify.com,Party Expert,"Frozen 2 mega favor pack, 48 per package",1599,1599,1,,,,https://www.party-expert.com/products/frozen-2-mega-mix-pack-48-pkg?variant=31006168547388&_gsid=UhbBh1D8ZRqS&utm_source=shopify&utm_medium=catalog
category,favors,party favors,partyexpertballoon.myshopify.com,Party Expert,"Pirate Treasure Chest Favor Boxes, 4 per Package",1299,1299,1,,,,https://www.party-expert.com/products/pirate-treasure-chest-favor-boxes-4-pkg?variant=14021597823042&_gsid=UhbBh1D8ZRqS&utm_source=shopify&utm_medium=catalog
category,favors,party favors,paper-parties-boutique.myshopify.com,Pretty Day,Carnival Tent Treat Boxes 8pk,2034,2034,1,,,,https://www.prettyday.com/products/car907-carnival-tent-favor-treat-boxes?variant=44127859704041&_gsid=UhbBh1D8ZRqS&utm_source=shopify&utm_medium=catalog
category,favors,party favors,partyexpertballoon.myshopify.com,Party Expert,"Justice League favor bags, 8 per package",1097,1097,1,,,,https://www.party-expert.com/products/justice-league-paper-bag-8-per-package?variant=31782860488764&_gsid=UhbBh1D8ZRqS&utm_source=shopify&utm_medium=catalog
category,favors,party favors,partyexpertballoon.myshopify.com,Party Expert,Frozen 2 plastic favor cup,149,149,1,,,,https://www.party-expert.com/products/frozen-2-plastic-cup-16-oz?variant=30345739141186&_gsid=UhbBh1D8ZRqS&utm_source=shopify&utm_medium=catalog
category,favors,party favors,buchans-kerrisdale-stationery-3461.myshopify.com,Buchan's Kerrisdale Stationery,MERI MERI - Multicolor Star Confetti Cracker,3199,3199,1,,,,https://www.buchanst.com/products/meri-meri-multicolor-star-confetti-cracker?variant=45291799380247&_gsid=UhbBh1D8ZRqS&utm_source=shopify&utm_medium=catalog
category,favors,party favors,partyexpertballoon.myshopify.com,Party Expert,"Minecraft favor bags, 8 per package",349,349,1,,,,https://www.party-expert.com/products/minecraft-loot-bag-8-pkg?variant=16177196924994&_gsid=UhbBh1D8ZRqS&utm_source=shopify&utm_medium=catalog
category,favors,party favors,buchans-kerrisdale-stationery-3461.myshopify.com,Buchan's Kerrisdale Stationery,MERI MERI - Animal Parade Party Bags - Pack of 8,2599,2599,1,,,,https://www.buchanst.com/products/meri-meri-animal-parade-party-bags-pack-of-8?variant=50286285291799&_gsid=UhbBh1D8ZRqS&utm_source=shopify&utm_medium=catalog
category,favors,party favors,partyexpertballoon.myshopify.com,Party Expert,"Batman Birthday Party Favour Bags, 8 Count",349,349,1,,,,https://www.party-expert.com/products/batman-birthday-party-favour-bags-8-count?variant=45842634375354&_gsid=UhbBh1D8ZRqS&utm_source=shopify&utm_medium=catalog
category,favors,party favors,partyexpertballoon.myshopify.com,Party Expert,"Woodland Animals favor bags, 8 per package",999,999,1,,,,https://www.party-expert.com/products/woodland-animals-treat-bags-8-per-package?variant=31804553166908&_gsid=UhbBh1D8ZRqS&utm_source=shopify&utm_medium=catalog
category,favors,party favors,partyexpertballoon.myshopify.com,Party Expert,"Friendship Birthday Surprise Bags, 6 Count",699,699,1,,,,https://www.party-expert.com/products/friendship-birthday-surprise-bags-6-count?variant=44725991932090&_gsid=UhbBh1D8ZRqS&utm_source=shopify&utm_medium=catalog
category,favors,party favors,partyexpertballoon.myshopify.com,Party Expert,"Multicolor blow pipes, 4 per package",299,299,1,,,,https://www.party-expert.com/products/blow-pipes-4-pkg?variant=14306901229634&_gsid=UhbBh1D8ZRqS&utm_source=shopify&utm_medium=catalog
category,favors,party favors,partyexpertballoon.myshopify.com,Party Expert,"Hello Kitty and Friends Birthday Pink Party Favour Cup, 16 Oz, 1 Count",749,749,1,,,,https://www.party-expert.com/products/hello-kitty-and-friends-birthday-pink-party-favour-cup-16-oz-1-count?variant=44289131118778&_gsid=UhbBh1D8ZRqS&utm_source=shopify&utm_medium=catalog
category,favors,party favors,party-stuff-v4.myshopify.com,Party Stuff,"Harry Potter Paper Treat Bags, 8 Count",399,399,1,,,,https://www.partystuff.ca/products/harry-potter-paper-treat-bags-8ct?variant=42050007892128&_gsid=UhbBh1D8ZRqS&utm_source=shopify&utm_medium=catalog
category,favors,party favors,partyexpertballoon.myshopify.com,Party Expert,"Pink Star Bubble Necklaces, 4 Count",499,499,1,,,,https://www.party-expert.com/products/pink-star-bubble-necklaces-4-count?variant=44588662358202&_gsid=UhbBh1D8ZRqS&utm_source=shopify&utm_medium=catalog
category,cookies,cookie favors,kscrqm-1w.myshopify.com,Cookista,Cookie Favors,125,125,1,Packaging,custom,,https://cookista.ca/products/cookie-favors?variant=53100436226347&_gsid=4wVbqsh4RdFU&utm_source=shopify&utm_medium=catalog
category,cookies,cookie favors,a0qrkj-ex.myshopify.com,Cookies By Design - Canada,School Love Favor Tray,7129,7129,1,,custom,,https://cookiesbydesign.ca/products/school-love-favor-tray?variant=50033477320992&_gsid=4wVbqsh4RdFU&utm_source=shopify&utm_medium=catalog
category,cookies,cookie favors,a0qrkj-ex.myshopify.com,Cookies By Design - Canada,Party Cupcakes Favor Tray,7129,7129,1,,,,https://cookiesbydesign.ca/products/party-cupcakes-favor-tray?variant=50138428997920&_gsid=4wVbqsh4RdFU&utm_source=shopify&utm_medium=catalog
category,cookies,cookie favors,a0qrkj-ex.myshopify.com,Cookies By Design - Canada,Pool Party Favor Tray,7129,7129,1,,,,https://cookiesbydesign.ca/products/pool-party-favor-tray?variant=50178374893856&_gsid=4wVbqsh4RdFU&utm_source=shopify&utm_medium=catalog
category,cookies,cookie favors,a0qrkj-ex.myshopify.com,Cookies By Design - Canada,It’s a Girl Favor Tray,7129,7129,1,,,,https://cookiesbydesign.ca/products/it-s-a-girl-favor-tray?variant=50141369368864&_gsid=4wVbqsh4RdFU&utm_source=shopify&utm_medium=catalog
category,cookies,cookie favors,a0qrkj-ex.myshopify.com,Cookies By Design - Canada,Cookies for Santa Cookie Favors,499,499,1,,,,https://cookiesbydesign.ca/products/cookies-for-santa-cookie-favors?variant=50179467477280&_gsid=4wVbqsh4RdFU&utm_source=shopify&utm_medium=catalog
category,cookies,cookie favors,a0qrkj-ex.myshopify.com,Cookies By Design - Canada,My Heart Cookie Favors,499,499,1,,,,https://cookiesbydesign.ca/products/my-heart-cookie-favors-1?variant=50179387064608&_gsid=4wVbqsh4RdFU&utm_source=shopify&utm_medium=catalog
category,cookies,cookie favors,veehacart-ca.myshopify.com,Veehacart,Dohful Assorted Cookies,2531,2531,1,Pack size,,,https://veehacart.ca/products/assorted-cookies?variant=46747646951653&_gsid=4wVbqsh4RdFU&utm_source=shopify&utm_medium=catalog
category,cookies,cookie favors,a0qrkj-ex.myshopify.com,Cookies By Design - Canada,Gender Reveal Favor Tray,7129,7129,1,,,,https://cookiesbydesign.ca/products/gender-reveal-favor-tray?variant=50141335421216&_gsid=4wVbqsh4RdFU&utm_source=shopify&utm_medium=catalog
category,cookies,cookie favors,a0qrkj-ex.myshopify.com,Cookies By Design - Canada,Oh Baby! Favor Tray,7129,7129,1,,,,https://cookiesbydesign.ca/products/oh-baby-favor-tray?variant=50141339713824&_gsid=4wVbqsh4RdFU&utm_source=shopify&utm_medium=catalog
category,cookies,cookie favors,a0qrkj-ex.myshopify.com,Cookies By Design - Canada,I Do Cookie Favors,499,499,1,,,,https://cookiesbydesign.ca/products/i-do-cookie-favors?variant=50032506339616&_gsid=4wVbqsh4RdFU&utm_source=shopify&utm_medium=catalog
category,cookies,cookie favors,a0qrkj-ex.myshopify.com,Cookies By Design - Canada,It's All About Pie Favor Tray,7129,7129,1,,,,https://cookiesbydesign.ca/products/its-all-about-pie-favor-tray?variant=50178402124064&_gsid=4wVbqsh4RdFU&utm_source=shopify&utm_medium=catalog
category,cookies,cookie favors,a0qrkj-ex.myshopify.com,Cookies By Design - Canada,Party POP Favor Tray,7129,7129,1,,,,https://cookiesbydesign.ca/products/party-pop-favor-tray?variant=50138432504096&_gsid=4wVbqsh4RdFU&utm_source=shopify&utm_medium=catalog
category,cookies,cookie favors,a0qrkj-ex.myshopify.com,Cookies By Design - Canada,Halloween Bash Favor Tray,7129,7129,1,,,,https://cookiesbydesign.ca/products/halloween-bash-favor-tray?variant=50155896865056&_gsid=4wVbqsh4RdFU&utm_source=shopify&utm_medium=catalog
category,cookies,cookie favors,a0qrkj-ex.myshopify.com,Cookies By Design - Canada,Easter Cookie Favors,499,499,1,,,,https://cookiesbydesign.ca/products/easter-cookie-favors?variant=50007582867744&_gsid=4wVbqsh4RdFU&utm_source=shopify&utm_medium=catalog
category,cookies,cookie favors,a0qrkj-ex.myshopify.com,Cookies By Design - Canada,Save the Date Cookie Favors,499,499,1,,personaliz; initials,,https://cookiesbydesign.ca/products/save-the-date-cookie-favors?variant=50032491102496&_gsid=4wVbqsh4RdFU&utm_source=shopify&utm_medium=catalog
category,cookies,cookie favors,a0qrkj-ex.myshopify.com,Cookies By Design - Canada,Party POP Cookie Favors,499,499,1,,,,https://cookiesbydesign.ca/products/party-pop-cookie-favors?variant=50138434863392&_gsid=4wVbqsh4RdFU&utm_source=shopify&utm_medium=catalog
category,cookies,cookie favors,a0qrkj-ex.myshopify.com,Cookies By Design - Canada,Sweet Emoji Cookie Favors,499,499,1,,,,https://cookiesbydesign.ca/products/sweet-emoji-cookie-favors?variant=50178376696096&_gsid=4wVbqsh4RdFU&utm_source=shopify&utm_medium=catalog
category,cookies,cookie favors,a0qrkj-ex.myshopify.com,Cookies By Design - Canada,BBQ Let’s Eat Favor Tray,7129,7129,1,,personaliz,,https://cookiesbydesign.ca/products/bbq-let-s-eat-favor-tray?variant=50178375647520&_gsid=4wVbqsh4RdFU&utm_source=shopify&utm_medium=catalog
category,cookies,cookie favors,a0qrkj-ex.myshopify.com,Cookies By Design - Canada,Celebrate Your Grad Favor Tray,7129,7129,1,,,,https://cookiesbydesign.ca/products/celebrate-your-grad-favor-tray?variant=50144569032992&_gsid=4wVbqsh4RdFU&utm_source=shopify&utm_medium=catalog
category,cookies,cookie favors,a0qrkj-ex.myshopify.com,Cookies By Design - Canada,Baseball Favor Tray,7129,7129,1,,,,https://cookiesbydesign.ca/products/baseball-favor-tray?variant=50036463730976&_gsid=4wVbqsh4RdFU&utm_source=shopify&utm_medium=catalog
category,cookies,cookie favors,a0qrkj-ex.myshopify.com,Cookies By Design - Canada,My Heart Cookie Favor Tray,7129,7129,1,,,,https://cookiesbydesign.ca/products/my-heart-cookie-favor-tray-1?variant=50179394470176&_gsid=4wVbqsh4RdFU&utm_source=shopify&utm_medium=catalog
category,cookies,cookie favors,a0qrkj-ex.myshopify.com,Cookies By Design - Canada,Sugar Skulls Favors Tray,7129,7129,1,,,,https://cookiesbydesign.ca/products/sugar-skulls-favors-tray?variant=50155909087520&_gsid=4wVbqsh4RdFU&utm_source=shopify&utm_medium=catalog
category,cookies,cookie favors,a0qrkj-ex.myshopify.com,Cookies By Design - Canada,Some Bunny Loves You - Cookie Favors,499,499,1,,,,https://cookiesbydesign.ca/products/some-bunny-loves-you-cookie-favors?variant=50007586341152&_gsid=4wVbqsh4RdFU&utm_source=shopify&utm_medium=catalog
category,cookies,cookie favors,sweetflour-bakeshop.myshopify.com,Sweet Flour Bake Shop,Thank You Sugar Cookies,600,600,1,Choose the packaging,custom,,https://www.sweetflour.ca/products/thank-you-sugar-cookies?variant=42874782974193&_gsid=4wVbqsh4RdFU&utm_source=shopify&utm_medium=catalog
category,cookies,cookie favors,a0qrkj-ex.myshopify.com,Cookies By Design - Canada,My Heart Cookie Favors,499,499,1,,,,https://cookiesbydesign.ca/products/my-heart-cookie-favors?variant=50115541205280&_gsid=4wVbqsh4RdFU&utm_source=shopify&utm_medium=catalog
category,cookies,cookie favors,a0qrkj-ex.myshopify.com,Cookies By Design - Canada,Sugar Skulls Cookie Favors,499,499,1,,,,https://cookiesbydesign.ca/products/sugar-skulls-cookie-favors?variant=50155914789152&_gsid=4wVbqsh4RdFU&utm_source=shopify&utm_medium=catalog
category,cookies,cookie favors,a0qrkj-ex.myshopify.com,Cookies By Design - Canada,Magical Unicorns Cookie Favors,499,499,1,,,,https://cookiesbydesign.ca/products/magical-unicorns-cookie-favors?variant=50178379055392&_gsid=4wVbqsh4RdFU&utm_source=shopify&utm_medium=catalog
category,cookies,cookie favors,a0qrkj-ex.myshopify.com,Cookies By Design - Canada,Happy Valentines Cookie Favors,499,499,1,,,,https://cookiesbydesign.ca/products/happy-valentines-cookie-favors?variant=50179353903392&_gsid=4wVbqsh4RdFU&utm_source=shopify&utm_medium=catalog
category,cookies,cookie favors,a0qrkj-ex.myshopify.com,Cookies By Design - Canada,Sweet Spots,2699,2699,1,,,,https://cookiesbydesign.ca/products/sweet-spots?variant=49943089283360&_gsid=4wVbqsh4RdFU&utm_source=shopify&utm_medium=catalog
category,cookies,cookie favors,a0qrkj-ex.myshopify.com,Cookies By Design - Canada,Soccer Favor Tray,7129,7129,1,,personaliz,,https://cookiesbydesign.ca/products/soccer-favor-tray?variant=50036441284896&_gsid=4wVbqsh4RdFU&utm_source=shopify&utm_medium=catalog
category,cookies,cookie favors,a0qrkj-ex.myshopify.com,Cookies By Design - Canada,Magical Unicorns Favor Tray,7129,7129,1,,,,https://cookiesbydesign.ca/products/magical-unicorns-favor-tray?variant=50138430177568&_gsid=4wVbqsh4RdFU&utm_source=shopify&utm_medium=catalog
category,cookies,cookie favors,a0qrkj-ex.myshopify.com,Cookies By Design - Canada,Harvest Happiness Cookie Favors,499,499,1,,,,https://cookiesbydesign.ca/products/harvest-happiness-cookie-favors?variant=50179212149024&_gsid=4wVbqsh4RdFU&utm_source=shopify&utm_medium=catalog
category,cookies,cookie favors,a0qrkj-ex.myshopify.com,Cookies By Design - Canada,It’s a Boy Cookie Favors,499,499,1,,,,https://cookiesbydesign.ca/products/it-s-a-boy-cookie-favors?variant=50141360554272&_gsid=4wVbqsh4RdFU&utm_source=shopify&utm_medium=catalog
category,cookies,cookie favors,a0qrkj-ex.myshopify.com,Cookies By Design - Canada,Halloween Bash Cookie Favors,499,499,1,,,,https://cookiesbydesign.ca/products/halloween-bash-cookie-favors?variant=50155907383584&_gsid=4wVbqsh4RdFU&utm_source=shopify&utm_medium=catalog
category,cookies,cookie favors,a0qrkj-ex.myshopify.com,Cookies By Design - Canada,It’s a Girl Cookie Favors,499,499,1,,,,https://cookiesbydesign.ca/products/it-s-a-girl-cookie-favors?variant=50141359571232&_gsid=4wVbqsh4RdFU&utm_source=shopify&utm_medium=catalog
category,cookies,cookie favors,a0qrkj-ex.myshopify.com,Cookies By Design - Canada,New Years Eve Cookie Favors,499,499,1,,,,https://cookiesbydesign.ca/products/new-years-eve-cookie-favors?variant=50155891720480&_gsid=4wVbqsh4RdFU&utm_source=shopify&utm_medium=catalog
category,cookies,cookie favors,sweetflour-bakeshop.myshopify.com,Sweet Flour Bake Shop,Gourmet Cookie Gift Box (24),5900,5900,1,Add a decorated cookie,,,https://www.sweetflour.ca/products/gourmet-cookie-box-24?variant=622156489&_gsid=4wVbqsh4RdFU&utm_source=shopify&utm_medium=catalog
category,cookies,cookie favors,a0qrkj-ex.myshopify.com,Cookies By Design - Canada,Sports Cookie Favors,499,499,1,,,,https://cookiesbydesign.ca/products/sports-cookie-favors?variant=50036464976160&_gsid=4wVbqsh4RdFU&utm_source=shopify&utm_medium=catalog
category,cookies,cookie favors,a0qrkj-ex.myshopify.com,Cookies By Design - Canada,Hockey Favor Tray,7129,7129,1,,,,https://cookiesbydesign.ca/products/hockey-favor-tray?variant=50036447019296&_gsid=4wVbqsh4RdFU&utm_source=shopify&utm_medium=catalog
category,cookies,cookie favors,sweetflour-bakeshop.myshopify.com,Sweet Flour Bake Shop,Gift Bag of 6 Mini Cookies,805,805,1,Select the packaging; Select the ribbon colour,,,https://www.sweetflour.ca/products/gift-bag-of-6-mini-cookies?variant=46534892978417&_gsid=4wVbqsh4RdFU&utm_source=shopify&utm_medium=catalog
category,cookies,cookie favors,a0qrkj-ex.myshopify.com,Cookies By Design - Canada,It’s a Boy Favor Tray,7129,7129,1,,,,https://cookiesbydesign.ca/products/it-s-a-boy-favor-tray?variant=50141368942880&_gsid=4wVbqsh4RdFU&utm_source=shopify&utm_medium=catalog
category,cookies,cookie favors,bluesheepbakeshop.myshopify.com,Blue Sheep Bake Shop,2 Count Cookie Favors,395,395,1,,,,https://bluesheepbakeshop.com/products/2-count-cookie-favors?variant=40638768611375&_gsid=4wVbqsh4RdFU&utm_source=shopify&utm_medium=catalog
category,cookies,cookie favors,a0qrkj-ex.myshopify.com,Cookies By Design - Canada,Save the Date Favor Tray,7129,7129,1,,personaliz; initials,,https://cookiesbydesign.ca/products/save-the-date-favor-tray?variant=50032487334176&_gsid=4wVbqsh4RdFU&utm_source=shopify&utm_medium=catalog
category,cookies,cookie favors,a0qrkj-ex.myshopify.com,Cookies By Design - Canada,Pumpkin Spice Favor Tray,7129,7129,1,,,,https://cookiesbydesign.ca/products/pumpkin-spice-favor-tray?variant=50178401665312&_gsid=4wVbqsh4RdFU&utm_source=shopify&utm_medium=catalog
category,cookies,cookie favors,a0qrkj-ex.myshopify.com,Cookies By Design - Canada,Christmas Candy Cane Cookie Favors,499,499,1,,,,https://cookiesbydesign.ca/products/christmas-candy-cane-cookie-favors?variant=50179543204128&_gsid=4wVbqsh4RdFU&utm_source=shopify&utm_medium=catalog
category,cookies,cookie favors,a0qrkj-ex.myshopify.com,Cookies By Design - Canada,Game Day Cookie Favor Tray,7129,7129,1,,custom,,https://cookiesbydesign.ca/products/game-day-cookie-favor-tray?variant=50178404712736&_gsid=4wVbqsh4RdFU&utm_source=shopify&utm_medium=catalog
category,cookies,cookie favors,a0qrkj-ex.myshopify.com,Cookies By Design - Canada,New Years Eve Cookie Favor Tray,7129,7129,1,,,,https://cookiesbydesign.ca/products/new-years-eve-cookie-favor-tray?variant=50155890508064&_gsid=4wVbqsh4RdFU&utm_source=shopify&utm_medium=catalog
category,cookies,cookie favors,levainbakery.myshopify.com,Levain Bakery,Build Your Own Cookie Box,5200,5200,1,Size,custom,,https://levainbakery.com/products/build-your-own-pack?variant=42402039726161&_gsid=4wVbqsh4RdFU&utm_source=shopify&utm_medium=catalog
category,cookies,cookie favors,a0qrkj-ex.myshopify.com,Cookies By Design - Canada,Christmas Tree Cookie Favors,499,499,1,,,,https://cookiesbydesign.ca/products/christmas-tree-cookie-favors?variant=50179535012128&_gsid=4wVbqsh4RdFU&utm_source=shopify&utm_medium=catalog
category,dessert_box,dessert box gift,vancouverbaskets.myshopify.com,Vancouver Baskets,Birthday Bash Dessert Box,7499,7499,1,,,,https://vancouverbaskets.ca/products/birthday-bash-dessert-box?variant=44665886113973&_gsid=c5fyY2nVrjW4&utm_source=shopify&utm_medium=catalog
category,dessert_box,dessert box gift,igift.myshopify.com,HAZELTON's,The Soft Luxe Sweets Box,8799,8799,1,,,,https://www.hazeltons.ca/products/the-soft-luxe-sweets-box?variant=32159248547923&_gsid=c5fyY2nVrjW4&utm_source=shopify&utm_medium=catalog
category,dessert_box,dessert box gift,yorkvilles.myshopify.com,YORKVILLE's,Chocolate Dipped Strawberry Box,3899,3899,1,,,,https://yorkvilles.ca/products/chocolate-dipped-strawberry-box?variant=20969928070&_gsid=c5fyY2nVrjW4&utm_source=shopify&utm_medium=catalog
category,dessert_box,dessert box gift,blooms-vancouver.myshopify.com,Vancouver Blooms,Cakecicle Dessert Gift Box,5999,5999,1,,custom,,https://vancouverblooms.ca/products/cakecicle-dessert-gift-box?variant=46098092392733&_gsid=c5fyY2nVrjW4&utm_source=shopify&utm_medium=catalog
category,dessert_box,dessert box gift,sweetflour-bakeshop.myshopify.com,Sweet Flour Bake Shop,Gourmet Brownies & Bars,5000,5000,1,Add a decorated cookie,,,https://www.sweetflour.ca/products/gourmet-brownies-bars-1?variant=43736458245&_gsid=c5fyY2nVrjW4&utm_source=shopify&utm_medium=catalog
category,dessert_box,dessert box gift,baskets-hamilton.myshopify.com,Hamilton Baskets,Birthday Bash Dessert Box,7499,7499,1,,,,https://hamiltonbaskets.ca/products/birthday-bash-dessert-box?variant=49736972992832&_gsid=c5fyY2nVrjW4&utm_source=shopify&utm_medium=catalog
category,dessert_box,dessert box gift,igift.myshopify.com,HAZELTON's,Sweet Birthday Blush Gift Box,8799,8799,1,,,,https://www.hazeltons.ca/products/sweet-birthday-blush-gift-box?variant=42126283898963&_gsid=c5fyY2nVrjW4&utm_source=shopify&utm_medium=catalog
category,dessert_box,dessert box gift,98ccta-f7.myshopify.com,The Brownie Blondie,Party Dessert Box (12 Pieces),8000,8000,1,,,,https://98ccta-f7.myshopify.com/products/party-box?variant=49388678512873&_gsid=c5fyY2nVrjW4&utm_source=shopify&utm_medium=catalog
category,dessert_box,dessert box gift,iuihm1-r0.myshopify.com,Love and Flour,Clear Dessert Box w/handle,195,195,1,,,,https://loveandflour.ca/products/clear-dessert-box-handle?variant=44481516404829&_gsid=c5fyY2nVrjW4&utm_source=shopify&utm_medium=catalog
category,dessert_box,dessert box gift,churchills-fine-gourmet-gifts.myshopify.com,Churchill's Fine Gourmet Gifts,30-Piece Classic Mix Signature Gift Box,6995,6995,1,Gift styling; Shortbread cut,,,https://churchillsgourmetgifts.com/products/30-piece-classic-mix-signature-gift-box?variant=55463963918409&_gsid=c5fyY2nVrjW4&utm_source=shopify&utm_medium=catalog
category,dessert_box,dessert box gift,igift.myshopify.com,HAZELTON's,Shared Sweetness Strawberries & Macarons Gift Box,7499,7499,1,,,,https://www.hazeltons.ca/products/shared-sweetness-strawberries-macarons-gift-box?variant=285659146&_gsid=c5fyY2nVrjW4&utm_source=shopify&utm_medium=catalog
category,dessert_box,dessert box gift,floristca.myshopify.com,Florist,Sweet & Salty Gift Box,4600,4600,1,Size,,,https://florist.ca/products/sweet-salty-gift-box?variant=44327107887276&_gsid=c5fyY2nVrjW4&utm_source=shopify&utm_medium=catalog
category,dessert_box,dessert box gift,blancparrouge.myshopify.com,blancparrouge,La boîte gourmandises Plaisirs sucrés,2695,2695,1,,,,https://rougemaple.com/products/la-boite-gourmandises-plaisirs-sucres?variant=42100364771412&_gsid=c5fyY2nVrjW4&utm_source=shopify&utm_medium=catalog
category,dessert_box,dessert box gift,carlacookiebox.myshopify.com,Carla's Cookie Box,Gourmet Butter Tart (6) & Chocolate Chip Cookies (6) Gift Box,4500,4500,1,,,,https://carlacookiebox.com/products/combo?variant=46447219736738&_gsid=c5fyY2nVrjW4&utm_source=shopify&utm_medium=catalog
category,dessert_box,dessert box gift,curedcatering.myshopify.com,Cured Catering,Dessert Box,2000,2000,1,Size,,,https://www.ordercured.com/products/personal-dessert-box?variant=32819813875794&_gsid=c5fyY2nVrjW4&utm_source=shopify&utm_medium=catalog
category,dessert_box,dessert box gift,igift.myshopify.com,HAZELTON's,Sweet Obsession Chocolate Dipped Strawberry Gift Box,7399,7399,1,,,,https://www.hazeltons.ca/products/sweet-obsession-chocolate-dipped-strawberry-gift-box?variant=285641572&_gsid=c5fyY2nVrjW4&utm_source=shopify&utm_medium=catalog
category,dessert_box,dessert box gift,sweetflour-bakeshop.myshopify.com,Sweet Flour Bake Shop,Happy Birthday Deluxe Duo,9800,9800,1,,,,https://www.sweetflour.ca/products/happy-birthday-deluxe-duo?variant=38516140540073&_gsid=c5fyY2nVrjW4&utm_source=shopify&utm_medium=catalog
category,dessert_box,dessert box gift,sweetflour-bakeshop.myshopify.com,Sweet Flour Bake Shop,Cookie & Brownie Mixer,5300,5300,1,Add a decorated cookie,,,https://www.sweetflour.ca/products/cookie-brownie-mixer?variant=35891687653536&_gsid=c5fyY2nVrjW4&utm_source=shopify&utm_medium=catalog
category,dessert_box,dessert box gift,blooms-vancouver.myshopify.com,Vancouver Blooms,Gourmet Craft Beer & Dessert Gift Box,6499,6499,1,,,,https://vancouverblooms.ca/products/gourmet-craft-beer-dessert-gift-box?variant=46098166972701&_gsid=c5fyY2nVrjW4&utm_source=shopify&utm_medium=catalog
category,dessert_box,dessert box gift,eatalytoronto.myshopify.com,Eataly Toronto,Dolci Heaven - Gift Box,17999,17999,1,Each,,,https://shoptoronto.eataly.ca/products/dolci-heaven-gift-box?variant=48968613200150&_gsid=c5fyY2nVrjW4&utm_source=shopify&utm_medium=catalog
category,dessert_box,dessert box gift,sweetflour-bakeshop.myshopify.com,Sweet Flour Bake Shop,Gourmet Cookie Gift Box (24),5900,5900,1,Add a decorated cookie,,,https://www.sweetflour.ca/products/gourmet-cookie-box-24?variant=622156489&_gsid=c5fyY2nVrjW4&utm_source=shopify&utm_medium=catalog
category,dessert_box,dessert box gift,sweetflour-bakeshop.myshopify.com,Sweet Flour Bake Shop,Signature Brownie & Bar Gift Box (6),4300,4300,1,Add a decorated cookie,,,https://www.sweetflour.ca/products/signature-brownie-bar-gift-box-6?variant=41538115305641&_gsid=c5fyY2nVrjW4&utm_source=shopify&utm_medium=catalog
category,dessert_box,dessert box gift,cadeau-gourmand.myshopify.com,Cadeau Gourmand,Trésor gourmand,10000,10000,1,Emballage,,,https://cadeaugourmand.ca/products/tresor-gourmand?variant=44317320609974&_gsid=c5fyY2nVrjW4&utm_source=shopify&utm_medium=catalog
category,dessert_box,dessert box gift,blooms-canada.myshopify.com,Canada Blooms,Cakecicle Dessert Gift Box,5199,5199,1,,,,https://bloomsca.ca/products/cakecicle-dessert-gift-box?variant=41417656270987&_gsid=c5fyY2nVrjW4&utm_source=shopify&utm_medium=catalog
category,dessert_box,dessert box gift,bakepassion.myshopify.com,Passion Bake Inc.,Confectionary Box,4500,4500,1,,,,https://www.passionbake.com/products/confectionary-box?variant=42455654269027&_gsid=c5fyY2nVrjW4&utm_source=shopify&utm_medium=catalog
category,dessert_box,dessert box gift,xrbthg-vv.myshopify.com,Present Agent,Taste of Di Bruno Cheese & Charcuterie Gourmet Gift Box,10274,10274,1,,,,https://store.presentagent.vip/products/taste-of-di-bruno?variant=46355601719393&_gsid=c5fyY2nVrjW4&utm_source=shopify&utm_medium=catalog
category,dessert_box,dessert box gift,sweetflour-bakeshop.myshopify.com,Sweet Flour Bake Shop,Deluxe Duo (2 Boxes),9800,9800,1,Add a decorated cookie,,,https://www.sweetflour.ca/products/deluxe-duo?variant=582476865&_gsid=c5fyY2nVrjW4&utm_source=shopify&utm_medium=catalog
category,dessert_box,dessert box gift,yorkvilles.myshopify.com,YORKVILLE's,A Canadian Dessert Box,7199,7199,1,,,,https://yorkvilles.ca/products/a-canadian-dessert-box?variant=29210674430038&_gsid=c5fyY2nVrjW4&utm_source=shopify&utm_medium=catalog
category,dessert_box,dessert box gift,desserts-by-rie.myshopify.com,Desserts by Rie,Deluxe Strawberry Box,10200,10200,1,,custom,,https://dessertsbyrie.com.au/products/deluxe-strawberry-box?variant=41996892143784&_gsid=c5fyY2nVrjW4&utm_source=shopify&utm_medium=catalog
category,dessert_box,dessert box gift,flour-flower.myshopify.com,Flour & Flower,Garden Box,18000,18000,1,Size,,,https://www.flourandflower.ca/products/sweet-boards?variant=33300500873275&_gsid=c5fyY2nVrjW4&utm_source=shopify&utm_medium=catalog
category,dessert_box,dessert box gift,jocelyns-2.myshopify.com,Jocelyn's Provisions,Brownie Gift Box,3400,3400,1,,,,https://jocelynsprovisions.com.au/products/brownie-gift-box?variant=41934287339629&_gsid=c5fyY2nVrjW4&utm_source=shopify&utm_medium=catalog
category,dessert_box,dessert box gift,kitten-and-the-bear.myshopify.com,Kitten and the Bear,KATB Sweets Box,3200,3200,1,,,,https://www.kittenandthebear.com/products/katb-x-goodfoot-autism-acceptance-sweets-box-delivery-included?variant=45968658989290&_gsid=c5fyY2nVrjW4&utm_source=shopify&utm_medium=catalog
category,dessert_box,dessert box gift,fran-murray.myshopify.com,Fran Murray Co. ,The Dessert Hour,9900,9900,1,,,,https://www.franmurray.co/products/the-dessert-hour?variant=62523940667551&_gsid=c5fyY2nVrjW4&utm_source=shopify&utm_medium=catalog
category,dessert_box,dessert box gift,fairs-quare.myshopify.com,Fair/Square,Sweets & Treats Gift Box,6495,6495,1,Dietary preference,,vegan,https://fair-square.ca/products/sweets-treats-vegan-gift-box?variant=47924398063867&_gsid=c5fyY2nVrjW4&utm_source=shopify&utm_medium=catalog
category,dessert_box,dessert box gift,churchills-fine-gourmet-gifts.myshopify.com,Churchill's Fine Gourmet Gifts,16-Piece Classic Mix Signature Gift Box,4995,4995,1,Gift styling; Shortbread shape,,,https://churchillsgourmetgifts.com/products/16-piece-classic-mix-signature-gift-box?variant=55463963885641&_gsid=c5fyY2nVrjW4&utm_source=shopify&utm_medium=catalog
category,dessert_box,dessert box gift,les-boites-shop-moi-ca.myshopify.com,Shop moi ça,Gourmande Azur,6500,6500,1,,,,https://shopmoica.ca/products/azur?variant=44162007105780&_gsid=c5fyY2nVrjW4&utm_source=shopify&utm_medium=catalog
category,dessert_box,dessert box gift,foodiepages.myshopify.com,Foodiepages,Smile Gift Box (Reachdesk Canada),7500,7500,1,,,,https://www.foodiepages.ca/products/smile-gift-box-reachdesk-canada?variant=62682970652831&_gsid=c5fyY2nVrjW4&utm_source=shopify&utm_medium=catalog
category,dessert_box,dessert box gift,sullivanbleeker.myshopify.com,Sullivan & Bleeker Baking Co.,The Ultimate Dessert Collection Box: Grand Nut-Free Gift,22500,22500,1,,,nut-free,https://sullivanbleeker.com/products/ultimate-dessert-collection-box-grand-gift?variant=50919160578336&_gsid=c5fyY2nVrjW4&utm_source=shopify&utm_medium=catalog
category,dessert_box,dessert box gift,hungarian-fine-foods.myshopify.com,Hungarian Fine Foods,Tokaji Dessert Gift Box,17500,17500,1,,engrav,,https://www.hungarianfinefoods.ca/products/tokaji-dessert-gift-box-gta?variant=47093923545255&_gsid=c5fyY2nVrjW4&utm_source=shopify&utm_medium=catalog
category,dessert_box,dessert box gift,torontoblooms.myshopify.com,Toronto Blooms,Chocolate Berry Pastel Favourites Gift Box,3999,3999,1,,,,https://torontoblooms.ca/products/chocolate-berry-pastel-favourites-gift-box?variant=13447478575169&_gsid=c5fyY2nVrjW4&utm_source=shopify&utm_medium=catalog
category,dessert_box,dessert box gift,sugarlovedesigns.myshopify.com,Sugar Love Designs,DIY Christmas Dessert Boxes,350,350,1,,,,https://sugarlovedesigns.com/products/coming-soon-christmas-dessert-boxes?variant=49570796208357&_gsid=c5fyY2nVrjW4&utm_source=shopify&utm_medium=catalog
category,dessert_box,dessert box gift,v50yfk-hx.myshopify.com,The Sweet Basket,Birthday Cheer Gift Box,5995,5995,1,Size,,,https://thesweetbasket.com/products/birthday-cheer-gift-box?variant=53648171532656&_gsid=c5fyY2nVrjW4&utm_source=shopify&utm_medium=catalog
category,dessert_box,dessert box gift,bluesheepbakeshop.myshopify.com,Blue Sheep Bake Shop,"Chocolate Luxe Birthday Bento Gift Box | Cake, Cupcakes & Macarons",6495,6495,1,,,,https://bluesheepbakeshop.com/products/chocolate-luxe-birthday-bento-box-somerville-nj?variant=49929916580152&_gsid=c5fyY2nVrjW4&utm_source=shopify&utm_medium=catalog
category,dessert_box,dessert box gift,igift.myshopify.com,HAZELTON's,Elegant Chocolate-Covered Strawberry & Truffle Treat,5999,5999,1,,,,https://www.hazeltons.ca/products/elegant-chocolate-covered-strawberry-truffle-treat?variant=5710676996&_gsid=c5fyY2nVrjW4&utm_source=shopify&utm_medium=catalog
category,dessert_box,dessert box gift,sullivanbleeker.myshopify.com,Sullivan & Bleeker Baking Co.,Cookie & Candy Gift Box | Same Day Gift Delivery Toronto,7500,7500,1,Size,,nut-free,https://sullivanbleeker.com/products/same-day-gift-delivery-toronto-cookie-candy-box?variant=51200008192288&_gsid=c5fyY2nVrjW4&utm_source=shopify&utm_medium=catalog
category,dessert_box,dessert box gift,blooms-vancouver.myshopify.com,Vancouver Blooms,Complete Macaron & Flower Gift Box,13999,13999,1,,,,https://vancouverblooms.ca/products/complete-macaron-flower-gift-box?variant=46098335203613&_gsid=c5fyY2nVrjW4&utm_source=shopify&utm_medium=catalog
category,dessert_box,dessert box gift,foodiepages.myshopify.com,Foodiepages,SMILE Gift Box (Reachdesk USA),8100,8100,1,,,,https://www.foodiepages.ca/products/smile-gift-box-reachdesk-usa?variant=62682971832479&_gsid=c5fyY2nVrjW4&utm_source=shopify&utm_medium=catalog
category,dessert_box,dessert box gift,sweetflour-bakeshop.myshopify.com,Sweet Flour Bake Shop,Gourmet Brownies & Bars (Same Day Delivery),5000,5000,1,,,,https://www.sweetflour.ca/products/gourmet-brownies-bars-2?variant=43404679217393&_gsid=c5fyY2nVrjW4&utm_source=shopify&utm_medium=catalog
category,dessert_box,dessert box gift,al-karam-sweets.myshopify.com,Al-Karam Sweets,Favour Gift Box,1556,1556,1,,custom,,https://www.alkaramsweets.com/products/6-pc-gift-assortment-customizable?variant=43043892035814&_gsid=c5fyY2nVrjW4&utm_source=shopify&utm_medium=catalog
category,dessert_box,dessert box gift,krause-farms-ltd.myshopify.com,Krause Farms Ltd,LARGE Sweet Gift Box,13999,13999,1,Size,,,https://www.krauseberryfarms.com/products/large-sweet-gift-box?variant=45870659010731&_gsid=c5fyY2nVrjW4&utm_source=shopify&utm_medium=catalog
category,candles,candle favors,lulu-island-favours-canada.myshopify.com,Lulu Island Honey,Favour Bags | Honey & Candles,475,475,1,Tags; Candle style,,,https://luluislandfavours.ca/products/favour-bags-honey-candles?variant=41907412598861&_gsid=NxN9F4prbYaB&utm_source=shopify&utm_medium=catalog
category,candles,candle favors,pine-and-prairie-candles.myshopify.com,Pine and Prairie Candles,Candle Favors,3000,3000,1,Scent,,,https://pineandprairiecandles.com/products/candle-wedding-favors-wedding-thank-you-bridal-party-gift-party-favors-bridal-shower-prizes-wedding-favors?variant=39969236648136&_gsid=NxN9F4prbYaB&utm_source=shopify&utm_medium=catalog
category,candles,candle favors,heavenpartyflowers.myshopify.com,Heavenpartyflowers,Soy Candle Favors,15600,15600,1,Quantity; Fragrance oil,,,https://heavenpartyflowers.com/products/soy-candle-favors?variant=47458663792895&_gsid=NxN9F4prbYaB&utm_source=shopify&utm_medium=catalog
category,candles,candle favors,heavenpartyflowers.myshopify.com,Heavenpartyflowers,Flower Candle favors,18100,18100,1,Quantity; Fragrance oil,,,https://heavenpartyflowers.com/products/flowers-candle?variant=47537936793855&_gsid=NxN9F4prbYaB&utm_source=shopify&utm_medium=catalog
category,candles,candle favors,heavenpartyflowers.myshopify.com,Heavenpartyflowers,Soy Candle Favors,15600,15600,1,Quantity; Fragrance oil,,,https://heavenpartyflowers.com/products/soy-candle-favors-1?variant=47538016092415&_gsid=NxN9F4prbYaB&utm_source=shopify&utm_medium=catalog
category,candles,candle favors,9epetp-cp.myshopify.com,Artlavka ,🤍 Heart Candle Favors — Gifts for Guests & Special Events,9250,9250,1,Color; Quantity,,,https://artlavka-2.myshopify.com/products/heart-candle-favors-gifts-for-guests-special-events?variant=40900005101617&_gsid=NxN9F4prbYaB&utm_source=shopify&utm_medium=catalog
category,candles,candle favors,mmhdg8-gd.myshopify.com,Bumbleberry Decor Ltd.,Personalized Wedding Favors - Candle Box,500,500,1,Quantity,personaliz; initials,,https://bumbleberrydecorltd.com/products/personalized-wedding-favors-candle-box?variant=43750221578374&_gsid=NxN9F4prbYaB&utm_source=shopify&utm_medium=catalog
category,candles,candle favors,yw0hmd-fb.myshopify.com,The Qutie Trinx Company,4oz - Personalized Candle Favours - 'Thank You' Coconut Candles - 15 pcs,850,850,1,Theme,personaliz; custom,,https://thequtietrinxcompany.ca/products/candles-example-product-3?variant=47401310519526&_gsid=NxN9F4prbYaB&utm_source=shopify&utm_medium=catalog
category,candles,candle favors,whiteroomfavors.myshopify.com,Whiteroomfavors,"10 pcs Favors for Guests, Wedding Favors, Rustic Wedding, Custom Favors, Sunflower Favors, Rustic Favors, Sunflower Party Favors",5928,5928,1,,custom,,https://whiteroomfavor.com/products/10pcs-favors-for-guests-wedding-favors-favors-rustic-wedding-custom-favors-sunflower-favors-rustic-favors-sunflower-party-favors?variant=42236112732321&_gsid=NxN9F4prbYaB&utm_source=shopify&utm_medium=catalog
category,candles,candle favors,deesdecorhouse.myshopify.com,Dee's Decor House,Rose Candle Favors,400,400,1,,personaliz; custom,,https://www.deesdecorhouse.ca/products/rose-candle-favors?variant=45442305720490&_gsid=NxN9F4prbYaB&utm_source=shopify&utm_medium=catalog
category,candles,candle favors,tub-loves.myshopify.com,Tub Loves,Potted Succulent Candle Favor,10620,10620,1,Quantity:,,,https://www.tubloves.ca/products/potted-succulent-candle-favor?variant=42780401533125&_gsid=NxN9F4prbYaB&utm_source=shopify&utm_medium=catalog
category,candles,candle favors,0rdkjn-1g.myshopify.com,MAIOUMA INC.,Rose Candle,200,200,1,Color; Qty; Size,,,https://maiouma.com/products/wedding-favour-25?variant=52259972907189&_gsid=NxN9F4prbYaB&utm_source=shopify&utm_medium=catalog
category,candles,candle favors,sfgd9w-x0.myshopify.com,Flowerhint,Rose Shaped Scented Candle Favors in Bulk  -  Personalized Wedding Bridal Baby Shower Birthday Gift  - Natural Soy Wax - Paraffin Lead Free,14496,14496,1,,personaliz,,https://www.flowerhint.com/products/rose-shaped-scented-candle-favors-in-bulk-personalized-wedding-bridal-baby-shower-birthday-gift-natural-soy-wax-paraffin-lead-free?variant=42680324751447&_gsid=NxN9F4prbYaB&utm_source=shopify&utm_medium=catalog
category,candles,candle favors,9epetp-cp.myshopify.com,Artlavka ,Gender Reveal Teddy Bear Soy Candle Favor Tulle,650,650,1,,,,https://artlavka-2.myshopify.com/products/gender-reveal-teddy-bear-soy-candle-favor?variant=41109833416753&_gsid=NxN9F4prbYaB&utm_source=shopify&utm_medium=catalog
category,candles,candle favors,sfgd9w-x0.myshopify.com,Flowerhint,"Personalized Peony Candle Wedding Favors, Engagement Favors, Wedding Candle Favors for Guest, Handmade Wedding Keepsakes, Baby Shower Gifts wedding flower",8470,8470,1,,personaliz,,https://www.flowerhint.com/products/personalized-peony-candle-wedding-favors-engagement-favors-wedding-candle-favors-for-guest-handmade-wedding-keepsakes-baby-shower-gifts-wedding-flower?variant=42695975338071&_gsid=NxN9F4prbYaB&utm_source=shopify&utm_medium=catalog
category,candles,candle favors,3442d3.myshopify.com,The Wild North Shack,Custom Daisy Beeswax Candle Favors,500,500,1,Packaging,custom,,https://thewildnorthshack.com/products/custom-daisy-beeswax-candle-favors?variant=53962564010268&_gsid=NxN9F4prbYaB&utm_source=shopify&utm_medium=catalog
category,candles,candle favors,twentyseventoronto.myshopify.com,Twentyseven,Roma Heirloom Tomato XL Candle,27500,27500,1,,,,https://twentyseventoronto.com/products/roma-heirloom-tomato-xl-candle?variant=49495608754423&_gsid=NxN9F4prbYaB&utm_source=shopify&utm_medium=catalog
category,candles,candle favors,a7b533-34.myshopify.com,TLConnection,2.5oz aura® candle vessel,2195,2195,1,Vessel size; Color; Size,,,https://shop.thetlconnection.com/products/2-5oz-aura%C2%AE-candle-vessel?variant=49764022976749&_gsid=NxN9F4prbYaB&utm_source=shopify&utm_medium=catalog
category,candles,candle favors,yogaele.myshopify.com,Magic Exhalation,"Wedding Favor Candles Gift For Guests, Personalized Candle Wedding Gifts From Bride And Groom, Bridal Shower Candle Gift For Bridesmaids",2195,2195,1,Color,personaliz; custom,,https://www.magicexhalation.com/products/scent-wedding-candles-24?variant=41281648099514&_gsid=NxN9F4prbYaB&utm_source=shopify&utm_medium=catalog
category,candles,candle favors,laquiins-accessories.myshopify.com,LaQuiins ,Bubble Candle Favor | Wedding and Event Guest Gift,560,560,1,Choose your design; Choose your fragrance,,,https://laquiins.com/products/bubble-candle-event-favour?variant=45425620254886&_gsid=NxN9F4prbYaB&utm_source=shopify&utm_medium=catalog
category,candles,candle favors,mmhdg8-gd.myshopify.com,Bumbleberry Decor Ltd.,"""Oh Baby!"" Teddy Bear Favors",4000,4000,1,Color; Quantity,,,https://bumbleberrydecorltd.com/products/oh-baby-teddy-bear-favors?variant=43746061811846&_gsid=NxN9F4prbYaB&utm_source=shopify&utm_medium=catalog
category,candles,candle favors,7by81m-dw.myshopify.com,Tayamek Anamera ,"Personalized Wedding Favor Candle Set with Sealed Gift Box – Bulk Soy Wax Candles with Dried Flowers, Custom Name Label – Bridal Shower, Baby Shower, Birthday Guest Gifts (10–200 pcs)",7900,7900,1,,personaliz; custom,,https://tayamekanamera.ca/products/personalized-wedding-favor-candle-set-with-sealed-gift-box-bulk-soy-wax-candles-with-dried-flowers-custom-name-label-bridal-shower-baby-shower-birthday-guest-gifts-10-200-pcs?variant=48138643964096&_gsid=NxN9F4prbYaB&utm_source=shopify&utm_medium=catalog
category,candles,candle favors,sfgd9w-x0.myshopify.com,Flowerhint,"Custom Candle Wedding Favors with Dried Flowers, Bulk Wedding Favors for Guests, Personalized Wedding Gift for Guest, Wedding Thank you Gift",2198,2198,1,,custom; personaliz,,https://www.flowerhint.com/products/custom-candle-wedding-favors-with-dried-flowers-bulk-wedding-favors-for-guests-personalized-wedding-gift-for-guest-wedding-thank-you-gift?variant=42680384553047&_gsid=NxN9F4prbYaB&utm_source=shopify&utm_medium=catalog
category,candles,candle favors,the-scented-market.myshopify.com,The Scented Market,Fall Candle Sample 5 Pack | Soy Wax Candle Gift Set,4999,4999,1,,,,https://thescentedmarket.ca/products/fall-collection-candle-sample-pack-1?variant=29617200627825&_gsid=NxN9F4prbYaB&utm_source=shopify&utm_medium=catalog
category,candles,candle favors,maison-rose-co.myshopify.com,Maison Rose,Luxury Candle Party Favours,750,750,1,Label; Candle aroma; Candle vessel colour,,,https://www.maisonrose.co/products/luxury-candle-party-favours?variant=46377644064997&_gsid=NxN9F4prbYaB&utm_source=shopify&utm_medium=catalog
category,candles,candle favors,mmhdg8-gd.myshopify.com,Bumbleberry Decor Ltd.,"""Oh Baby"" Lion Party Favors",500,500,1,Color; Quantity; Design options for back,,,https://bumbleberrydecorltd.com/products/oh-baby-lion-party-favors?variant=43745906000006&_gsid=NxN9F4prbYaB&utm_source=shopify&utm_medium=catalog
category,candles,candle favors,9bdb00-b9.myshopify.com,L'instant d'une flamme,Soa,700,700,1,Parfum; Couleur de ruban; Couleur,custom; personaliz,,https://linstantduneflamme.ca/products/cadeaux-pour-les-invites?variant=43358871322712&_gsid=NxN9F4prbYaB&utm_source=shopify&utm_medium=catalog
category,candles,candle favors,fd119d-cv.myshopify.com,Ambient Studio,Peony Bridal Shower Favor Candle,2750,2750,1,Quantity,,,https://ambient-studio-2.myshopify.com/products/peony-bridal-shower-favor-candle?variant=43667464913030&_gsid=NxN9F4prbYaB&utm_source=shopify&utm_medium=catalog
category,candles,candle favors,sfgd9w-x0.myshopify.com,Flowerhint,"Wedding Candle Favor For Guest in Bulk, Flower Candle Favors, Engagement Candle Favor",18051,18051,1,,,,https://www.flowerhint.com/products/wedding-candle-favor-for-guest-in-bulk-flower-candle-favors-engagement-candle-favor?variant=42680531877975&_gsid=NxN9F4prbYaB&utm_source=shopify&utm_medium=catalog
category,candles,candle favors,glwgrls.myshopify.com,The GLW Shop,Mini Three Sisters Candle Set,15600,15600,1,,,,https://theglwshop.com/products/mini-three-sisters-candle-set?variant=50540513526050&_gsid=NxN9F4prbYaB&utm_source=shopify&utm_medium=catalog
category,candles,candle favors,sfgd9w-x0.myshopify.com,Flowerhint,"Wedding Scented Peony Candle Favor, Personalized Wedding Candle, Baptism Gift Candle Favor, Save The Date, Engagement Nikkah Favors wedding flower",3741,3741,1,,personaliz,,https://www.flowerhint.com/products/wedding-scented-peony-candle-favor-personalized-wedding-candle-baptism-gift-candle-favor-save-the-date-engagement-nikkah-favors-wedding-flower?variant=42695983104087&_gsid=NxN9F4prbYaB&utm_source=shopify&utm_medium=catalog
category,candles,candle favors,everlastingcandleco-com.myshopify.com,Everlasting Candle Co.® Canada,Wylie Signature Sets,8500,8500,1,Color; Vase,,,https://www.everlastingcandleco.ca/products/wylie-signature-sets?variant=42782378262787&_gsid=NxN9F4prbYaB&utm_source=shopify&utm_medium=catalog
category,candles,candle favors,sfgd9w-x0.myshopify.com,Flowerhint,Wedding Anniversary Candle Favors Ð Soy Wax Scented Tin Candles with Gold Seal & Dried Flowers wedding flower,4347,4347,1,,,,https://www.flowerhint.com/products/wedding-anniversary-candle-favors-d-soy-wax-scented-tin-candles-with-gold-seal-dried-flowers-wedding-flower?variant=42695981498455&_gsid=NxN9F4prbYaB&utm_source=shopify&utm_medium=catalog
category,candles,candle favors,richview-glass.myshopify.com,Richview Glass Wedding Supplies,Pink peonies flower White cube candle 3x3 gift scented favor,175,175,1,,,,https://www.richviewglasses.com/products/white-cube-candle-3x3-gift-scented-favor?variant=42830370209910&_gsid=NxN9F4prbYaB&utm_source=shopify&utm_medium=catalog
category,candles,candle favors,eternalrosesca.myshopify.com,Eternal Roses CA,Preserved roses Party Favors | Flower Decoration Accessories,1400,1400,1,Color,custom,,https://eternalroses.ca/products/preserved-roses-party-favors-flower-decoration-accessories?variant=47805921263914&_gsid=NxN9F4prbYaB&utm_source=shopify&utm_medium=catalog
category,candles,candle favors,sfgd9w-x0.myshopify.com,Flowerhint,Personalised New Home Scented Candle Gift Set Gift for New Home New Memories New Adventure with names Housewarming Present Couple house warming flower,2780,2780,1,,personalis,,https://www.flowerhint.com/products/personalised-new-home-scented-candle-gift-set-gift-for-new-home-new-memories-new-adventure-with-names-housewarming-present-couple-house-warming-flower?variant=42693898109015&_gsid=NxN9F4prbYaB&utm_source=shopify&utm_medium=catalog
category,candles,candle favors,picot-collective.myshopify.com,Picot ,Candle Gift Set,9200,9200,1,,,,https://picotcollective.com/products/candle-gift-set?variant=40423240597574&_gsid=NxN9F4prbYaB&utm_source=shopify&utm_medium=catalog
category,candles,candle favors,yw0hmd-fb.myshopify.com,The Qutie Trinx Company,4oz - Personalized Baby Shower Candle Favours,850,850,1,,personaliz,,https://thequtietrinxcompany.ca/products/candles-example-product-2?variant=47301834342630&_gsid=NxN9F4prbYaB&utm_source=shopify&utm_medium=catalog
category,candles,candle favors,mmhdg8-gd.myshopify.com,Bumbleberry Decor Ltd.,Lion Party Favors -customizable!,500,500,1,Favor options; Quantity,custom,,https://bumbleberrydecorltd.com/products/lion-party-favors-customizable?variant=43746005975174&_gsid=NxN9F4prbYaB&utm_source=shopify&utm_medium=catalog
category,candles,candle favors,mmhdg8-gd.myshopify.com,Bumbleberry Decor Ltd.,Teddy Bear Favors - Customizable!,500,500,1,Favor options; Quantity,custom; personaliz,,https://bumbleberrydecorltd.com/products/teddy-bear-favors-customizable?variant=43746068332678&_gsid=NxN9F4prbYaB&utm_source=shopify&utm_medium=catalog
category,candles,candle favors,mmhdg8-gd.myshopify.com,Bumbleberry Decor Ltd.,Carousel Candles Favors or Gifts,999,999,1,Color,,,https://bumbleberrydecorltd.com/products/carousel-candles?variant=43740441804934&_gsid=NxN9F4prbYaB&utm_source=shopify&utm_medium=catalog
category,candles,candle favors,mmhdg8-gd.myshopify.com,Bumbleberry Decor Ltd.,Teddy Bear with Daisy Baby Shower Favor or Gift,699,699,1,Color; Quantity,,,https://bumbleberrydecorltd.com/products/teddy-bear-with-daisy-baby-shower-favor-or-gift?variant=43746106507398&_gsid=NxN9F4prbYaB&utm_source=shopify&utm_medium=catalog
category,candles,candle favors,0rdkjn-1g.myshopify.com,MAIOUMA INC.,Glass Jar Scented Candle,150,150,1,Qty; Size,,,https://maiouma.com/products/wedding-favour-23?variant=52329661333685&_gsid=NxN9F4prbYaB&utm_source=shopify&utm_medium=catalog
category,candles,candle favors,lulu-island-favours-canada.myshopify.com,Lulu Island Honey,Double Happiness Favors | Chinese Weddings,300,300,1,Size of jar,,,https://luluislandfavours.ca/products/chinese-wedding-favours-honey-jars-copy?variant=41936147775565&_gsid=NxN9F4prbYaB&utm_source=shopify&utm_medium=catalog
category,candles,candle favors,sfgd9w-x0.myshopify.com,Flowerhint,"Wedding Scented Peony Candle Favor, Personalized Flower Candle, Rose Candle, Bridesmaid Gift, Wedding Gift, Nikkah Candle, Blooming Peony",11956,11956,1,,personaliz,,https://www.flowerhint.com/products/wedding-scented-peony-candle-favor-personalized-flower-candle-rose-candle-bridesmaid-gift-wedding-gift-nikkah-candle-blooming-peony?variant=42680465850455&_gsid=NxN9F4prbYaB&utm_source=shopify&utm_medium=catalog
category,candles,candle favors,sfgd9w-x0.myshopify.com,Flowerhint,Personalized Wedding Favors Ð Bridal Shower & Engagement Favor Ð Handmade Peony Candle Ð Customized Gift for Guests wedding flower,4131,4131,1,,personaliz; custom,,https://www.flowerhint.com/products/personalized-wedding-favors-d-bridal-shower-engagement-favor-d-handmade-peony-candle-d-customized-gift-for-guests-wedding-flower?variant=42695975501911&_gsid=NxN9F4prbYaB&utm_source=shopify&utm_medium=catalog
category,candles,candle favors,everlastingcandleco-com.myshopify.com,Everlasting Candle Co.® Canada,Neva Collection Sets,8900,8900,1,Color; Vase,,,https://www.everlastingcandleco.ca/products/neva-sets?variant=45974162112771&_gsid=NxN9F4prbYaB&utm_source=shopify&utm_medium=catalog
category,candles,candle favors,fd119d-cv.myshopify.com,Ambient Studio,Mini Bubble Candle,5750,5750,1,Qty,,,https://ambient-studio-2.myshopify.com/products/mini-blush-bubble-candle?variant=43704611897478&_gsid=NxN9F4prbYaB&utm_source=shopify&utm_medium=catalog
category,candles,candle favors,eternalrosesca.myshopify.com,Eternal Roses CA,Party Favors | Flower Decoration Accessories,1100,1100,1,Color,custom,,https://eternalroses.ca/products/party-favors-flower-decoration-accessories?variant=47270700351786&_gsid=NxN9F4prbYaB&utm_source=shopify&utm_medium=catalog
category,candles,candle favors,lerouge-life.myshopify.com,Le Rouge Life,WEDDING FAVOR | Luxe Glow Candle,2500,2500,1,Scent,custom,,https://lerouge.life/products/custom-favors-luxe-glow-candle?variant=42378595500067&_gsid=NxN9F4prbYaB&utm_source=shopify&utm_medium=catalog
category,stickers,sticker sheet,hubman-and-chubgirl.myshopify.com,Hubman and Chubgirl,Sticker Sheet - Sweet Lavender,675,675,1,,,,https://hubmanchubgirl.store/products/sticker-sheet-sweet-lavender?variant=40418502246465&_gsid=1GE5hGwLdX26&utm_source=shopify&utm_medium=catalog
category,stickers,sticker sheet,siramerge.myshopify.com,Sira Print Inc.,Sticker Sheets,1,1,1,,,,https://siraprint.ca/products/sticker-sheets?variant=15028015398947&_gsid=1GE5hGwLdX26&utm_source=shopify&utm_medium=catalog
category,stickers,sticker sheet,hubman-and-chubgirl.myshopify.com,Hubman and Chubgirl,Sticker Sheet - Vintage Faves,675,675,1,,,,https://hubmanchubgirl.store/products/sticker-sheet-vintage-faves?variant=40493315358785&_gsid=1GE5hGwLdX26&utm_source=shopify&utm_medium=catalog
category,stickers,sticker sheet,hubman-and-chubgirl.myshopify.com,Hubman and Chubgirl,Getting Cozy with a Good Book Sticker Sheet,675,675,1,,,,https://hubmanchubgirl.store/products/getting-cozy-with-a-good-book-sticker-sheet?variant=51627849777523&_gsid=1GE5hGwLdX26&utm_source=shopify&utm_medium=catalog
category,stickers,sticker sheet,hubman-and-chubgirl.myshopify.com,Hubman and Chubgirl,"Big Fish, Little Fish Sticker Sheet",675,675,1,,,,https://hubmanchubgirl.store/products/big-fish-little-fish-sticker-sheet?variant=52359247233395&_gsid=1GE5hGwLdX26&utm_source=shopify&utm_medium=catalog
category,stickers,sticker sheet,sugarbones.myshopify.com,Sugarbones,Hollanov | Sticker Sheets,1500,1500,1,Design,,,https://sugarbones.net/products/hollanov-sticker-sheet?variant=48188951658715&_gsid=1GE5hGwLdX26&utm_source=shopify&utm_medium=catalog
category,stickers,sticker sheet,hubman-and-chubgirl.myshopify.com,Hubman and Chubgirl,Sticker Sheet - Magical Creatures,675,675,1,,,,https://hubmanchubgirl.store/products/sticker-sheet-magical-creatures?variant=40252141043777&_gsid=1GE5hGwLdX26&utm_source=shopify&utm_medium=catalog
category,stickers,sticker sheet,shopstickerbeat.myshopify.com,Stickerbeat.com,Sticker Sheets,11400,11400,1,Sticker size; Quantity,custom,,https://stickerbeat.com/products/sticker-sheets?variant=38228350304447&_gsid=1GE5hGwLdX26&utm_source=shopify&utm_medium=catalog
category,stickers,sticker sheet,hubman-and-chubgirl.myshopify.com,Hubman and Chubgirl,Happy Autumn Sticker Sheet,675,675,1,,,,https://hubmanchubgirl.store/products/happy-autumn-sticker-sheet?variant=40481655947329&_gsid=1GE5hGwLdX26&utm_source=shopify&utm_medium=catalog
category,stickers,sticker sheet,hubman-and-chubgirl.myshopify.com,Hubman and Chubgirl,School Supplies Sticker Sheet,675,675,1,,,,https://hubmanchubgirl.store/products/sticker-sheet-school-supplies?variant=40075461591105&_gsid=1GE5hGwLdX26&utm_source=shopify&utm_medium=catalog
category,stickers,sticker sheet,hubman-and-chubgirl.myshopify.com,Hubman and Chubgirl,Ocean Friends Sticker Sheet,675,675,1,,,,https://hubmanchubgirl.store/products/ocean-friends-sticker-sheet?variant=52359250837875&_gsid=1GE5hGwLdX26&utm_source=shopify&utm_medium=catalog
category,stickers,sticker sheet,hubman-and-chubgirl.myshopify.com,Hubman and Chubgirl,Sticker Sheet - Honey Bees,675,675,1,,,,https://hubmanchubgirl.store/products/sticker-sheet-honey-bees?variant=40418501427265&_gsid=1GE5hGwLdX26&utm_source=shopify&utm_medium=catalog
category,stickers,sticker sheet,hubman-and-chubgirl.myshopify.com,Hubman and Chubgirl,Sticker Sheet - Time for Cake!,675,675,1,,,,https://hubmanchubgirl.store/products/sticker-sheet-time-for-cake?variant=40423777730625&_gsid=1GE5hGwLdX26&utm_source=shopify&utm_medium=catalog
category,stickers,sticker sheet,hubman-and-chubgirl.myshopify.com,Hubman and Chubgirl,"Whale, Hello There! Sticker Sheet",675,675,1,,,,https://hubmanchubgirl.store/products/whale-hello-there-sticker-sheet?variant=52359244349811&_gsid=1GE5hGwLdX26&utm_source=shopify&utm_medium=catalog
category,stickers,sticker sheet,hubman-and-chubgirl.myshopify.com,Hubman and Chubgirl,Pumpkin Treats Sticker Sheet,675,675,1,,,,https://hubmanchubgirl.store/products/pumpkin-treats-sticker-sheet?variant=41594389430337&_gsid=1GE5hGwLdX26&utm_source=shopify&utm_medium=catalog
category,stickers,sticker sheet,hubman-and-chubgirl.myshopify.com,Hubman and Chubgirl,Sticker Sheet - Vintage Stationery,675,675,1,,,,https://hubmanchubgirl.store/products/sticker-sheet-vintage-stationery?variant=40493313916993&_gsid=1GE5hGwLdX26&utm_source=shopify&utm_medium=catalog
category,stickers,sticker sheet,hubman-and-chubgirl.myshopify.com,Hubman and Chubgirl,All the Pumpkin Spice Sticker Sheet,675,675,1,,,,https://hubmanchubgirl.store/products/all-the-pumpkin-spice-sticker-sheet?variant=41594388447297&_gsid=1GE5hGwLdX26&utm_source=shopify&utm_medium=catalog
category,stickers,sticker sheet,warner-music-canada.myshopify.com,Warner Music Canada,Perfect Little Angel Sticker Sheet,1259,1259,1,,,,https://wmc.shop/products/perfect-little-angel-sticker-sheet?variant=52403280642367&_gsid=1GE5hGwLdX26&utm_source=shopify&utm_medium=catalog
category,stickers,sticker sheet,hubman-and-chubgirl.myshopify.com,Hubman and Chubgirl,Pumpkin Harvest Sticker Sheet,675,675,1,,,,https://hubmanchubgirl.store/products/pumpkin-harvest-sticker-sheet?variant=41594385662017&_gsid=1GE5hGwLdX26&utm_source=shopify&utm_medium=catalog
category,stickers,sticker sheet,hubman-and-chubgirl.myshopify.com,Hubman and Chubgirl,All Bundled Up Sticker Sheet,675,675,1,,,,https://hubmanchubgirl.store/products/all-bundled-up-sticker-sheet?variant=62104059969907&_gsid=1GE5hGwLdX26&utm_source=shopify&utm_medium=catalog
category,stickers,sticker sheet,hubman-and-chubgirl.myshopify.com,Hubman and Chubgirl,Let's Gather Acorns Sticker Sheet,675,675,1,,,,https://hubmanchubgirl.store/products/lets-gather-acorns-sticker-sheet?variant=52831122588019&_gsid=1GE5hGwLdX26&utm_source=shopify&utm_medium=catalog
category,stickers,sticker sheet,hubman-and-chubgirl.myshopify.com,Hubman and Chubgirl,Turtley Awesome Sticker Sheet,675,675,1,,,,https://hubmanchubgirl.store/products/turtley-awesome-sticker-sheet?variant=41246179229761&_gsid=1GE5hGwLdX26&utm_source=shopify&utm_medium=catalog
category,stickers,sticker sheet,hubman-and-chubgirl.myshopify.com,Hubman and Chubgirl,Sticker Sheet - Me Time,675,675,1,,,,https://hubmanchubgirl.store/products/copy-of-sticker-sheet-leave-me-alone-please?variant=40284543483969&_gsid=1GE5hGwLdX26&utm_source=shopify&utm_medium=catalog
category,stickers,sticker sheet,hubman-and-chubgirl.myshopify.com,Hubman and Chubgirl,Let's Catch a Flight Sticker Sheet,675,675,1,,,,https://hubmanchubgirl.store/products/lets-catch-a-flight-sticker-sheet?variant=41235461406785&_gsid=1GE5hGwLdX26&utm_source=shopify&utm_medium=catalog
category,stickers,sticker sheet,hubman-and-chubgirl.myshopify.com,Hubman and Chubgirl,Sticker Sheet - You've got Mail,675,675,1,,,,https://hubmanchubgirl.store/products/sticker-sheet-youve-got-mail?variant=40493316407361&_gsid=1GE5hGwLdX26&utm_source=shopify&utm_medium=catalog
category,stickers,sticker sheet,hubman-and-chubgirl.myshopify.com,Hubman and Chubgirl,Let's Bake Sticker Sheet,675,675,1,,,,https://hubmanchubgirl.store/products/lets-bake-sticker-sheet?variant=52482393506163&_gsid=1GE5hGwLdX26&utm_source=shopify&utm_medium=catalog
category,stickers,sticker sheet,hubman-and-chubgirl.myshopify.com,Hubman and Chubgirl,The Outback Sticker Sheet,675,675,1,,,,https://hubmanchubgirl.store/products/the-outback-sticker-sheet?variant=63000138678643&_gsid=1GE5hGwLdX26&utm_source=shopify&utm_medium=catalog
category,stickers,sticker sheet,hubman-and-chubgirl.myshopify.com,Hubman and Chubgirl,Sticker Sheet - Stegosaurus & Pterodactyl,675,675,1,,,,https://hubmanchubgirl.store/products/sticker-sheet-stegosaurus-pterodactyl?variant=40813620199489&_gsid=1GE5hGwLdX26&utm_source=shopify&utm_medium=catalog
category,stickers,sticker sheet,hubman-and-chubgirl.myshopify.com,Hubman and Chubgirl,"Hello, Japan Sticker Sheet",675,675,1,,,,https://hubmanchubgirl.store/products/hello-japan-sticker-sheet?variant=41207858987073&_gsid=1GE5hGwLdX26&utm_source=shopify&utm_medium=catalog
category,stickers,sticker sheet,hubman-and-chubgirl.myshopify.com,Hubman and Chubgirl,My Cup of Tea Sticker Sheet,675,675,1,,,,https://hubmanchubgirl.store/products/my-cup-of-tea-sticker-sheet?variant=62505826943347&_gsid=1GE5hGwLdX26&utm_source=shopify&utm_medium=catalog
category,stickers,sticker sheet,hubman-and-chubgirl.myshopify.com,Hubman and Chubgirl,Acorn Harvest Sticker Sheet,675,675,1,,,,https://hubmanchubgirl.store/products/acorn-harvest-sticker-sheet?variant=52831129534835&_gsid=1GE5hGwLdX26&utm_source=shopify&utm_medium=catalog
category,stickers,sticker sheet,thecoffeemonsterzco.myshopify.com,TheCoffeeMonsterzCo,Helen's Favourite Things - Foiled Sticker Sheet,405,405,1,,,,https://thecoffeemonsterzco.com/products/helens-favourite-things-foiled-sticker-sheet?variant=43157560885487&_gsid=1GE5hGwLdX26&utm_source=shopify&utm_medium=catalog
category,stickers,sticker sheet,hubman-and-chubgirl.myshopify.com,Hubman and Chubgirl,Cozy Capybaras Sticker Sheet,675,675,1,,,,https://hubmanchubgirl.store/products/cozy-capyabaras-sticker-sheet?variant=41596756820033&_gsid=1GE5hGwLdX26&utm_source=shopify&utm_medium=catalog
category,stickers,sticker sheet,hubman-and-chubgirl.myshopify.com,Hubman and Chubgirl,Warm and Cozy Sticker Sheet,675,675,1,,,,https://hubmanchubgirl.store/products/warm-and-cozy-sticker-sheet?variant=62104059183475&_gsid=1GE5hGwLdX26&utm_source=shopify&utm_medium=catalog
category,stickers,sticker sheet,hubman-and-chubgirl.myshopify.com,Hubman and Chubgirl,Stickies and Washi Sticker Sheet,675,675,1,,,,https://hubmanchubgirl.store/products/stickies-and-washi-sticker-sheet?variant=62591881183603&_gsid=1GE5hGwLdX26&utm_source=shopify&utm_medium=catalog
category,stickers,sticker sheet,hubman-and-chubgirl.myshopify.com,Hubman and Chubgirl,Sticker Sheet - Sweet Snack Time!,608,608,1,,,,https://hubmanchubgirl.store/products/sticker-sheet-sweet-snack-time?variant=40432780312641&_gsid=1GE5hGwLdX26&utm_source=shopify&utm_medium=catalog
category,stickers,sticker sheet,hubman-and-chubgirl.myshopify.com,Hubman and Chubgirl,The Rainforest Sticker Sheet,675,675,1,,,,https://hubmanchubgirl.store/products/the-rainforest-sticker-sheet?variant=63000140284275&_gsid=1GE5hGwLdX26&utm_source=shopify&utm_medium=catalog
category,stickers,sticker sheet,soulshine-8523.myshopify.com,Soulshine ,Emily Lex Studio - Springtime Sticker Sheet,1200,1200,1,,,,https://soulshineshop.com/products/springtime-sticker-sheets?variant=49820074049831&_gsid=1GE5hGwLdX26&utm_source=shopify&utm_medium=catalog
category,stickers,sticker sheet,hubman-and-chubgirl.myshopify.com,Hubman and Chubgirl,Outdoor Adventure! Sticker Sheet,675,675,1,,,,https://hubmanchubgirl.store/products/outdoor-adventure-sticker-sheet?variant=52758061121907&_gsid=1GE5hGwLdX26&utm_source=shopify&utm_medium=catalog
category,stickers,sticker sheet,hubman-and-chubgirl.myshopify.com,Hubman and Chubgirl,Strawberry Harvest Sticker Sheet,608,608,1,,,,https://hubmanchubgirl.store/products/strawberry-harvest-sticker-sheet?variant=41113235456065&_gsid=1GE5hGwLdX26&utm_source=shopify&utm_medium=catalog
category,stickers,sticker sheet,hubman-and-chubgirl.myshopify.com,Hubman and Chubgirl,Sticker Sheet - All the Pens Pink,608,608,1,,,,https://hubmanchubgirl.store/products/sticker-sheet-all-the-pens-1?variant=40406848897089&_gsid=1GE5hGwLdX26&utm_source=shopify&utm_medium=catalog
category,stickers,sticker sheet,hubman-and-chubgirl.myshopify.com,Hubman and Chubgirl,Japan Things Sticker Sheet,675,675,1,,,,https://hubmanchubgirl.store/products/japan-things-sticker-sheet?variant=41207862689857&_gsid=1GE5hGwLdX26&utm_source=shopify&utm_medium=catalog
category,stickers,sticker sheet,hubman-and-chubgirl.myshopify.com,Hubman and Chubgirl,Autumn Farm Bunnies Sticker Sheet,675,675,1,,,,https://hubmanchubgirl.store/products/autumn-farm-bunnies-sticker-sheet?variant=52879807283571&_gsid=1GE5hGwLdX26&utm_source=shopify&utm_medium=catalog
category,stickers,sticker sheet,hubman-and-chubgirl.myshopify.com,Hubman and Chubgirl,Cozy Bakery Sticker Sheet,675,675,1,,,,https://hubmanchubgirl.store/products/cozy-bakery-sticker-sheet?variant=52482426110323&_gsid=1GE5hGwLdX26&utm_source=shopify&utm_medium=catalog
category,stickers,sticker sheet,hubman-and-chubgirl.myshopify.com,Hubman and Chubgirl,Sticker Sheet - Pink Stationery,608,608,1,,,,https://hubmanchubgirl.store/products/sticker-sheet-stationery-1?variant=40406848241729&_gsid=1GE5hGwLdX26&utm_source=shopify&utm_medium=catalog
category,stickers,sticker sheet,hubman-and-chubgirl.myshopify.com,Hubman and Chubgirl,Not Very Outdoorsy Sticker Sheet,675,675,1,,,,https://hubmanchubgirl.store/products/not-very-outdoorsy-sticker-sheet?variant=52758061416819&_gsid=1GE5hGwLdX26&utm_source=shopify&utm_medium=catalog
category,stickers,sticker sheet,rosie-dinh97.myshopify.com,cherrystudio,Home sticker sheet,500,500,1,,,,https://cherrystudiooo.com/products/home-sticker-sheet?variant=42058787258414&_gsid=1GE5hGwLdX26&utm_source=shopify&utm_medium=catalog
category,stickers,sticker sheet,thecoffeemonsterzco.myshopify.com,TheCoffeeMonsterzCo,Bean Sampler Full Sheets - Negative Days,452,452,1,Select,,,https://thecoffeemonsterzco.com/products/bean-sampler-full-sheets-negative-days?variant=49487885992175&_gsid=1GE5hGwLdX26&utm_source=shopify&utm_medium=catalog
category,stickers,sticker sheet,front-and-co-gifts.myshopify.com,Front and Company: Gifts,Bouquets sticker sheets,1495,1495,1,,,,https://gifts.frontandcompany.ca/products/bouquets-sticker-sheets?variant=48934525403380&_gsid=1GE5hGwLdX26&utm_source=shopify&utm_medium=catalog
category,stickers,sticker sheet,hubman-and-chubgirl.myshopify.com,Hubman and Chubgirl,Brown Fox Sticker Sheet,675,675,1,,,,https://hubmanchubgirl.store/products/brown-fox-sticker-sheet?variant=40481655390273&_gsid=1GE5hGwLdX26&utm_source=shopify&utm_medium=catalog
category,coasters,coasters gift,maison-lipari-test-shop-2.myshopify.com,Maison Lipari,Jonathan Adler | Playa Coaster Set - Set of 4,12800,12800,1,,,,https://www.maisonlipari.ca/products/jonathan-adler-playa-coaster-set-set-of-4-35020?variant=45858609725594&_gsid=6No7ZJmiRdYf&utm_source=shopify&utm_medium=catalog
category,coasters,coasters gift,themodernshop.myshopify.com,The Modern Shop,Maritime Coasters by Jonathan Adler,13090,13090,1,,,,https://themodernshop.com/products/maritime-coasters-by-jonathan-adler?variant=44458369220762&_gsid=6No7ZJmiRdYf&utm_source=shopify&utm_medium=catalog
category,coasters,coasters gift,themodernshop.myshopify.com,The Modern Shop,Sirena Coasters by Jonathan Adler,10795,10795,1,,,,https://themodernshop.com/products/sirena-coasters-by-jonathan-adler?variant=48151357423770&_gsid=6No7ZJmiRdYf&utm_source=shopify&utm_medium=catalog
category,coasters,coasters gift,lynn-liana.myshopify.com,Lynn & Liana Designs,Ceramic Coasters (set of 4),3900,3900,1,Color,,,https://lynnliana.com/products/ceramic-coasters?variant=40290790211673&_gsid=6No7ZJmiRdYf&utm_source=shopify&utm_medium=catalog
category,coasters,coasters gift,ti9ubc-fw.myshopify.com,Kaleidopamine Studio,Glass Tile Coaster - Cotton Candy,2600,2600,1,,,,https://kaleidopaminestudio.com/products/glass-tile-coaster-cotton-candy?variant=47608505532648&_gsid=6No7ZJmiRdYf&utm_source=shopify&utm_medium=catalog
category,coasters,coasters gift,chopvalue.myshopify.com,ChopValue,Coaster Set,2100,2100,1,Sets,,,https://chopvalue.com/products/coasters?variant=40627291062306&_gsid=6No7ZJmiRdYf&utm_source=shopify&utm_medium=catalog
category,coasters,coasters gift,baa4cb-c0.myshopify.com,LUMI,GLASS TILE COASTER - A Love Letter: Single,2900,2900,1,,,,https://lumi.glass/products/glass-tile-coaster-a-love-letter-single?variant=46807200235777&_gsid=6No7ZJmiRdYf&utm_source=shopify&utm_medium=catalog
category,coasters,coasters gift,themodernshop.myshopify.com,The Modern Shop,Hôtel De Rêve Coasters by Jonathan Adler,12070,12070,1,,,,https://themodernshop.com/products/hotel-de-reve-coasters-by-jonathan-adler?variant=48183408001178&_gsid=6No7ZJmiRdYf&utm_source=shopify&utm_medium=catalog
category,coasters,coasters gift,themodernshop.myshopify.com,The Modern Shop,Eden Coasters by Jonathan Adler,12070,12070,1,,,,https://themodernshop.com/products/eden-coasters-by-jonathan-adler?variant=37767367557274&_gsid=6No7ZJmiRdYf&utm_source=shopify&utm_medium=catalog
category,coasters,coasters gift,boutiquemariedumas.myshopify.com,Boutique Marie Dumas,Jonathan Adler Versailles Coasters,12799,12799,1,,,,https://mariedumas.com/products/jonathan-adler-versailles-coasters?variant=35598800814244&_gsid=6No7ZJmiRdYf&utm_source=shopify&utm_medium=catalog
category,coasters,coasters gift,themodernshop.myshopify.com,The Modern Shop,Full Dose Coaster Set by Jonathan Adler,10795,10795,1,,,,https://themodernshop.com/products/full-dose-coaster-set-by-jonathan-adler?variant=23956512705&_gsid=6No7ZJmiRdYf&utm_source=shopify&utm_medium=catalog
category,coasters,coasters gift,home-treasures-more.myshopify.com,Home Treasures & More,Scalloped Marble Coasters - Set of 4,3999,3999,1,,,,https://hometreasures.ca/products/scalloped-marble-coasters-set-of-4?variant=51038008541484&_gsid=6No7ZJmiRdYf&utm_source=shopify&utm_medium=catalog
category,coasters,coasters gift,ti9ubc-fw.myshopify.com,Kaleidopamine Studio,Glass Tile Coaster - Green Apple,2600,2600,1,,,,https://kaleidopaminestudio.com/products/glass-tile-coaster-green-apple?variant=47608506188008&_gsid=6No7ZJmiRdYf&utm_source=shopify&utm_medium=catalog
category,coasters,coasters gift,ti9ubc-fw.myshopify.com,Kaleidopamine Studio,Glass Tile Coaster - Summer Dream,2600,2600,1,,,,https://kaleidopaminestudio.com/products/glass-tile-coaster-summer-dream?variant=47608480956648&_gsid=6No7ZJmiRdYf&utm_source=shopify&utm_medium=catalog
category,coasters,coasters gift,ti9ubc-fw.myshopify.com,Kaleidopamine Studio,Glass Tile Coaster - Linen,2600,2600,1,,,,https://kaleidopaminestudio.com/products/glass-tile-coaster-linen?variant=47608487837928&_gsid=6No7ZJmiRdYf&utm_source=shopify&utm_medium=catalog
category,coasters,coasters gift,ti9ubc-fw.myshopify.com,Kaleidopamine Studio,Glass Tile Coaster - It's Lime,2600,2600,1,,,,https://kaleidopaminestudio.com/products/glass-tile-coaster-its-lime?variant=47608481677544&_gsid=6No7ZJmiRdYf&utm_source=shopify&utm_medium=catalog
category,coasters,coasters gift,bergo.myshopify.com,Bergo Designs,Cheese Coaster Set,3200,3200,1,,,,https://www.bergodesigns.ca/products/cheese-coaster-set?variant=48363777556734&_gsid=6No7ZJmiRdYf&utm_source=shopify&utm_medium=catalog
category,coasters,coasters gift,ti9ubc-fw.myshopify.com,Kaleidopamine Studio,Glass Tile Coaster - Mon Amour,2600,2600,1,,,,https://kaleidopaminestudio.com/products/glass-tile-coaster-mon-amour?variant=47622254231784&_gsid=6No7ZJmiRdYf&utm_source=shopify&utm_medium=catalog
category,coasters,coasters gift,myecohome-inc.myshopify.com,MyEcoHome,Chinoiserie Coasters,3499,3499,1,,,,https://myecohomemarketplace.com/products/chinoiserie-ceramic-coasters?variant=54053010866389&_gsid=6No7ZJmiRdYf&utm_source=shopify&utm_medium=catalog
category,coasters,coasters gift,byob-cocktail-emporium.myshopify.com,Cocktail Emporium,Cocktail Beaded Coasters (set of 4),4500,4500,1,,,,https://www.cocktailemporium.com/products/cocktail-beaded-coasters-set-of-4?variant=51169387643044&_gsid=6No7ZJmiRdYf&utm_source=shopify&utm_medium=catalog
category,coasters,coasters gift,ti9ubc-fw.myshopify.com,Kaleidopamine Studio,Glass Tile Coaster - Baby Corn,2600,2600,1,,,,https://kaleidopaminestudio.com/products/glass-tile-coaster-baby-corn?variant=47608480596200&_gsid=6No7ZJmiRdYf&utm_source=shopify&utm_medium=catalog
category,coasters,coasters gift,info-steelinghome-ca.myshopify.com,Steeling Home,Mango Wood Scalloped Coasters,2100,2100,1,,,,https://www.steelinghome.ca/products/mango-wood-scalloped-coasters?variant=41875580321895&_gsid=6No7ZJmiRdYf&utm_source=shopify&utm_medium=catalog
category,coasters,coasters gift,ti9ubc-fw.myshopify.com,Kaleidopamine Studio,Glass Tile Coaster - Magical,2600,2600,1,,,,https://kaleidopaminestudio.com/products/glass-tile-coaster-magical?variant=47608480563432&_gsid=6No7ZJmiRdYf&utm_source=shopify&utm_medium=catalog
category,coasters,coasters gift,824b1d-5f.myshopify.com,Kiyo Home,Elk Drink Coasters,3500,3500,1,Color,,,https://kiyohome.com/products/elk-drink-coasters?variant=46930467717370&_gsid=6No7ZJmiRdYf&utm_source=shopify&utm_medium=catalog
category,coasters,coasters gift,maison-lipari-test-shop-2.myshopify.com,Maison Lipari,Jonathan Adler | Le Wink Coaster Set - Multicolor,14300,14300,1,,,,https://www.maisonlipari.ca/products/jonathan-adler-le-wink-coaster-set?variant=41558989897882&_gsid=6No7ZJmiRdYf&utm_source=shopify&utm_medium=catalog
category,coasters,coasters gift,everdrobe.myshopify.com,OddGifts.com,These Pizza Coasters Look Like Someone Ordered Table Protection,1599,1599,1,,,,https://www.oddgifts.com/products/pizza-coasters-set?variant=48900850057451&_gsid=6No7ZJmiRdYf&utm_source=shopify&utm_medium=catalog
category,coasters,coasters gift,rubaiyat.myshopify.com,RUBAIYAT,Michael Aram | Vintage Bloom Coaster Set,29000,29000,1,,,,https://rubaiyatcalgary.com/products/copy-of-michael-aram-butterfly-gingko-coaster-set?variant=46933185855778&_gsid=6No7ZJmiRdYf&utm_source=shopify&utm_medium=catalog
category,coasters,coasters gift,lady-e-decor.myshopify.com,Lady.E Décor & Design,Handcrafted Marble Tile Coasters,899,899,1,Sigle ,,,https://ladyedecor.com/products/handcrafted-marble-tile-coasters?variant=45083147796655&_gsid=6No7ZJmiRdYf&utm_source=shopify&utm_medium=catalog
category,coasters,coasters gift,boutiquemariedumas.myshopify.com,Boutique Marie Dumas,Roseland Coasters,13799,13799,1,,,,https://mariedumas.com/products/roseland-coasters?variant=45763922165996&_gsid=6No7ZJmiRdYf&utm_source=shopify&utm_medium=catalog
category,coasters,coasters gift,nicoles-gifts-verona.myshopify.com,Nicole's Gifts Verona,Ceramic Coaster,499,499,1,Style,,,https://nicolesgifts.ca/products/ceramic-coaster?variant=45771069882598&_gsid=6No7ZJmiRdYf&utm_source=shopify&utm_medium=catalog
category,coasters,coasters gift,ti9ubc-fw.myshopify.com,Kaleidopamine Studio,Glass Tile Coaster - Stone Wall,2600,2600,1,Style,,,https://kaleidopaminestudio.com/products/glass-tile-coaster-stone-wall?variant=47608480268520&_gsid=6No7ZJmiRdYf&utm_source=shopify&utm_medium=catalog
category,coasters,coasters gift,ti9ubc-fw.myshopify.com,Kaleidopamine Studio,Glass Tile Coaster - It's Lilac,2600,2600,1,,,,https://kaleidopaminestudio.com/products/glass-tile-coaster-its-lilac?variant=47608482758888&_gsid=6No7ZJmiRdYf&utm_source=shopify&utm_medium=catalog
category,coasters,coasters gift,ti9ubc-fw.myshopify.com,Kaleidopamine Studio,Glass Tile Coaster - Vintage Love,2600,2600,1,,,,https://kaleidopaminestudio.com/products/glass-tile-coaster-vintage-love?variant=47608492949736&_gsid=6No7ZJmiRdYf&utm_source=shopify&utm_medium=catalog
category,coasters,coasters gift,ti9ubc-fw.myshopify.com,Kaleidopamine Studio,Glass Tile Coaster - Dusted Moss,2600,2600,1,Style,,,https://kaleidopaminestudio.com/products/glass-tile-coaster-dusted-moss?variant=47608480202984&_gsid=6No7ZJmiRdYf&utm_source=shopify&utm_medium=catalog
category,coasters,coasters gift,sparkle-featuring-crystals-from-swarovski.myshopify.com,Sparkle,Handmade Heart-Shaped Ocean Wave Resin Coaster – Unique Drink Coasters for Home & Gifts,1200,1200,1,Quantity,,,https://nvcreatives.com/products/heart-shaped-ocean-wave-resin-coaster?variant=45408354894018&_gsid=6No7ZJmiRdYf&utm_source=shopify&utm_medium=catalog
category,coasters,coasters gift,inkwell-boutique.myshopify.com,Inkwell Modern Handmade,East Coaster Six Pack,1500,1500,1,,,,https://inkwellboutique.ca/products/east-coaster-six-pack?variant=6001703045&_gsid=6No7ZJmiRdYf&utm_source=shopify&utm_medium=catalog
category,coasters,coasters gift,thecrdroom2.myshopify.com,The Card Room at KRICKET’S ,Retro Vinyl Coasters,2195,2195,1,,,,https://thecardroom.ca/products/retro-vinyl-coasters?variant=34952557822090&_gsid=6No7ZJmiRdYf&utm_source=shopify&utm_medium=catalog
category,coasters,coasters gift,ti9ubc-fw.myshopify.com,Kaleidopamine Studio,Glass Tile Coaster - Pinky Rose,2600,2600,1,,,,https://kaleidopaminestudio.com/products/glass-tile-coaster-pinky-rose?variant=47608480989416&_gsid=6No7ZJmiRdYf&utm_source=shopify&utm_medium=catalog
category,coasters,coasters gift,juxtaposegifts.myshopify.com,Juxtapose Cards & Gifts,Coaster Soak Up Feline Fine,2295,2295,1,,,,https://juxtaposeannex.com/products/coaster-soak-up-feline-fine?variant=42977137885338&_gsid=6No7ZJmiRdYf&utm_source=shopify&utm_medium=catalog
category,coasters,coasters gift,memories-made-custom.myshopify.com,Memories Made Custom,"Custom Engraved Cork Coasters | Personalized, Designed & Engraved in Canada",800,800,1,,custom; engrav; personaliz,,https://memoriesmade.ca/products/custom-engraved-cork-coasters-personalized-designed-engraved-in-canada?variant=44017906778246&_gsid=6No7ZJmiRdYf&utm_source=shopify&utm_medium=catalog
category,coasters,coasters gift,ti9ubc-fw.myshopify.com,Kaleidopamine Studio,Glass Tile Coaster - Honey Milk Chocolate,2600,2600,1,,,,https://kaleidopaminestudio.com/products/glass-tile-coaster-honey-milk-chocolate?variant=47608506155240&_gsid=6No7ZJmiRdYf&utm_source=shopify&utm_medium=catalog
category,coasters,coasters gift,cookery-store.myshopify.com,Cookery,Chilewich Mini Basketweave Coasters – Set of 4 / Parchment,3500,3500,1,Color,,,https://cookery-store.ca/products/chilewich-mini-basketweave-coasters-set-of-4-ochre-copy?variant=44497041457235&_gsid=6No7ZJmiRdYf&utm_source=shopify&utm_medium=catalog
category,coasters,coasters gift,presents-presents-presents.myshopify.com,Presents Presents Presents,Coasters- Hexagon Marble & Mango Wood Set/4,2795,2795,1,,,,https://www.presentspresentspresents.ca/products/coasters-hexagon-marble-mango-wood-set-4?variant=41401665355870&_gsid=6No7ZJmiRdYf&utm_source=shopify&utm_medium=catalog
category,coasters,coasters gift,canada-syc.myshopify.com,Shen Yun Collections Canada,Seasonal Blossoms Coasters,2100,2100,1,,,,https://shenyuncollections.ca/products/seasonal-blossoms-coasters?variant=44692857585717&_gsid=6No7ZJmiRdYf&utm_source=shopify&utm_medium=catalog
category,coasters,coasters gift,spadana-smart-living.myshopify.com,Spadana Smart Living,Drunk Expressions Coasters-Set of 4,2999,2999,1,,,,https://spadana-smart-living.myshopify.com/products/drunk-expressions-coasters-set-of-4?variant=45456359358663&_gsid=6No7ZJmiRdYf&utm_source=shopify&utm_medium=catalog
category,coasters,coasters gift,click-and-craft.myshopify.com,Click and Craft,Set of 2 Handmade Round Coasters,3999,3999,1,Shipping; Quantity; Including trivet,,,https://clickandcraft.com/products/set-of-2-handmade-macrame-coasters-round-shape?variant=39683439788085&_gsid=6No7ZJmiRdYf&utm_source=shopify&utm_medium=catalog
category,coasters,coasters gift,wicked-tender.myshopify.com,Wicked Tender,8-Piece Mandala Diamond Painted Coaster Set with Cup Holder – Colorful DIY Table Decor Gift for Home,7700,7700,1,Color,,,https://wickedtender.com/products/8-piece-mandala-diamond-painted-coaster-set-with-cup-holder-colorful-diy-table-decor-gift-for-home?variant=44117834104966&_gsid=6No7ZJmiRdYf&utm_source=shopify&utm_medium=catalog
category,coasters,coasters gift,7bc33e-e9.myshopify.com,Ibiza One Stop,Nautical Sailor Knot Coaster (Set of 4) - Red Handmade in Maine from Recycled Sails,2464,2464,1,,,,https://ibizaonestop.com/products/nautical-sailor-knot-coaster-set-of-4-red-handmade-in-maine-from-recycled-sails?variant=54022635815255&_gsid=6No7ZJmiRdYf&utm_source=shopify&utm_medium=catalog
category,coasters,coasters gift,275b7f-3.myshopify.com,Isle at ease ,Spiral Coasters,2800,2800,1,,,,https://www.isleateaseshop.ca/products/spiral-coasters?variant=46582276653346&_gsid=6No7ZJmiRdYf&utm_source=shopify&utm_medium=catalog
category,coasters,coasters gift,handmadesask.myshopify.com,HandmadeSask,Drink Coaster Set,2000,2000,1,Style,,,https://www.handmadesask.com/products/drink-coaster-set?variant=43680844841099&_gsid=6No7ZJmiRdYf&utm_source=shopify&utm_medium=catalog
category,totes,tote bag gift,katycouture.myshopify.com,Farmhouse Is My Style,Gingerbread Spice Tote Bag *BEST SELLER*,4900,4900,1,,,,https://farmhouseismystyle.com/products/gingerbread-spice?variant=31379214729287&_gsid=CX4Y3KYa7dH8&utm_source=shopify&utm_medium=catalog
category,totes,tote bag gift,7bc33e-e9.myshopify.com,Ibiza One Stop,Love Notes Medium Tote Handmade in Maine from Recycled Sails,11550,11550,1,,,,https://ibizaonestop.com/products/love-notes-medium-tote-handmade-in-maine-from-recycled-sails?variant=54022657671511&_gsid=CX4Y3KYa7dH8&utm_source=shopify&utm_medium=catalog
category,totes,tote bag gift,rather-green.myshopify.com,Rather Green,Amiga Tote,9900,9900,1,Colour; Size,custom,,https://rathergreen.ca/products/amiga-tote?variant=40753050452002&_gsid=CX4Y3KYa7dH8&utm_source=shopify&utm_medium=catalog
category,totes,tote bag gift,xrbthg-vv.myshopify.com,Present Agent,Montana Tote,21646,21646,1,,,,https://store.presentagent.vip/products/montana-tote?variant=46486345711713&_gsid=CX4Y3KYa7dH8&utm_source=shopify&utm_medium=catalog
category,totes,tote bag gift,muji-canada.myshopify.com,MUJI,Mini Canvas Tote Bag,590,590,1,Color,,,https://muji.ca/products/mini-canvas-tote-bag-egb41a5a?variant=52311761879406&_gsid=CX4Y3KYa7dH8&utm_source=shopify&utm_medium=catalog
category,totes,tote bag gift,xrbthg-vv.myshopify.com,Present Agent,Magnolia Kelly Green Retro Tote,4110,4110,1,,,,https://store.presentagent.vip/products/magnolia-kelly-green-retro-tote?variant=46352119431265&_gsid=CX4Y3KYa7dH8&utm_source=shopify&utm_medium=catalog
category,totes,tote bag gift,xrbthg-vv.myshopify.com,Present Agent,Crossbody Tote,31000,31000,1,,,,https://store.presentagent.vip/products/crossbody-tote?variant=46486277193825&_gsid=CX4Y3KYa7dH8&utm_source=shopify&utm_medium=catalog
category,totes,tote bag gift,ca-rugandweave-com.myshopify.com,Rug and Weave ,Everyday Gingham Tote Bag,2995,2995,1,Colour,,,https://rugandweave.com/products/everyday-gingham-tote-bag?variant=41390454866000&_gsid=CX4Y3KYa7dH8&utm_source=shopify&utm_medium=catalog
category,totes,tote bag gift,something-personalized.myshopify.com,Something Personalized,Safari Handy Open Top Tote,3200,3200,1,,,,https://somethingpersonalized.ca/products/safari-handy-open-top-tote?variant=48078901346528&_gsid=CX4Y3KYa7dH8&utm_source=shopify&utm_medium=catalog
category,totes,tote bag gift,d87ce2-43.myshopify.com,Indigo,"Heather Tote Bag, French Vanilla",2887,2887,1,Colour,,,https://www.indigo.ca/products/heather-tote-bag-rouge?variant=46660130734290&_gsid=CX4Y3KYa7dH8&utm_source=shopify&utm_medium=catalog
category,totes,tote bag gift,thecabanastores.myshopify.com,The Cabana.ca,ALOHA COLLECTION - Seaside Day Tripper | White on Lemu Blue,9799,9799,1,,,,https://thecabana.ca/products/aloha-collection-seaside-day-tripper-white-on-lemu-blue?variant=47241527066875&_gsid=CX4Y3KYa7dH8&utm_source=shopify&utm_medium=catalog
category,totes,tote bag gift,xrbthg-vv.myshopify.com,Present Agent,Magnolia Sunset Script Tote,4110,4110,1,,,,https://store.presentagent.vip/products/magnolia-sunset-script-tote?variant=46352119332961&_gsid=CX4Y3KYa7dH8&utm_source=shopify&utm_medium=catalog
category,totes,tote bag gift,xrbthg-vv.myshopify.com,Present Agent,Magnolia Market Tote,9316,9316,1,,,,https://store.presentagent.vip/products/magnolia-market-tote?variant=46352109994081&_gsid=CX4Y3KYa7dH8&utm_source=shopify&utm_medium=catalog
category,totes,tote bag gift,boutique-peridot.myshopify.com,Boutique Peridot,Cavallini Tote Bag Tea Time,3200,3200,1,,,,https://www.boutiqueperidot.com/products/cavallini-tote-bag-tea-time?variant=58351731933265&_gsid=CX4Y3KYa7dH8&utm_source=shopify&utm_medium=catalog
category,totes,tote bag gift,something-personalized.myshopify.com,Something Personalized,Safari Medium Zippered Tote Bag,5000,5000,1,,,,https://somethingpersonalized.ca/products/safari-medium-zippered-tote-bag?variant=47591829733600&_gsid=CX4Y3KYa7dH8&utm_source=shopify&utm_medium=catalog
category,totes,tote bag gift,d87ce2-43.myshopify.com,Indigo,"Heather Medium Tote Bag, Faux Suede Sand",2887,2887,1,Colour,,,https://www.indigo.ca/products/heather-medium-tote-bag-faux-suede-sand?variant=47189884698834&_gsid=CX4Y3KYa7dH8&utm_source=shopify&utm_medium=catalog
category,totes,tote bag gift,poches-et-fils.myshopify.com,Poches & Fils,Tote Bag à poche personnalisable,2499,2499,1,Color; Size,custom,,https://pochesetfils.com/products/tote-bag-a-poche-personnalisable?variant=42056989933647&_gsid=CX4Y3KYa7dH8&utm_source=shopify&utm_medium=catalog
category,totes,tote bag gift,orbitkeyinternational.myshopify.com,Orbitkey,Foldable Tote Bag,2200,2200,1,Color,,,https://www.orbitkey.com/products/foldable-tote-bag?variant=39930974404704&_gsid=CX4Y3KYa7dH8&utm_source=shopify&utm_medium=catalog
category,totes,tote bag gift,simply-gifted-burlington.myshopify.com,Simply Gifted ,Giftology - Burlington Tote bag,3500,3500,1,,,,https://simplygifted.ca/products/giftology-burlington-tote-bag?variant=46372300849465&_gsid=CX4Y3KYa7dH8&utm_source=shopify&utm_medium=catalog
category,totes,tote bag gift,silla-designs.myshopify.com,Silla Designs,Canvas Tote Bag | Cool Cats,4499,4499,1,,,,https://silladesigns.com/products/cool-cats-canvas-tote-bag?variant=49871748366636&_gsid=CX4Y3KYa7dH8&utm_source=shopify&utm_medium=catalog
category,totes,tote bag gift,7bc33e-e9.myshopify.com,Ibiza One Stop,Custom Family Gift Tote - Navy Handmade in Maine from Recycled Sails,44000,44000,1,,custom; personaliz,,https://ibizaonestop.com/products/custom-family-gift-tote-navy-handmade-in-maine-from-recycled-sails?variant=54022657081687&_gsid=CX4Y3KYa7dH8&utm_source=shopify&utm_medium=catalog
category,totes,tote bag gift,urbannaturestore-ca.myshopify.com,Urban Nature Store,Gift Tote Ah! There,695,695,1,,,,https://www.urbannaturestore.ca/products/gift-tote-ah-there?variant=46304566280379&_gsid=CX4Y3KYa7dH8&utm_source=shopify&utm_medium=catalog
category,totes,tote bag gift,outer-layer.myshopify.com,Outer Layer,Have You Tried Cheese Handy Tote,2199,2199,1,,,,https://outerlayer.com/products/have-you-tried-cheese-handy-tote?variant=44725984559424&_gsid=CX4Y3KYa7dH8&utm_source=shopify&utm_medium=catalog
category,totes,tote bag gift,bajoue.myshopify.com,Bajoue,Tote bag- Mamie d'amour,2999,2999,1,Color,,,https://bajoue.ca/products/tote-bag-mamie-damour-creme?variant=53362371559697&_gsid=CX4Y3KYa7dH8&utm_source=shopify&utm_medium=catalog
category,totes,tote bag gift,the-sweet-life-apparel-gifts.myshopify.com,The Sweet Life Apparel and Gifts ,Printed Tote Bag,2000,2000,1,Color,custom,,https://thesweetlifeapparel.com/products/printed-tote-bag-1?variant=46197523251453&_gsid=CX4Y3KYa7dH8&utm_source=shopify&utm_medium=catalog
category,totes,tote bag gift,juxtaposegifts.myshopify.com,Juxtapose Cards & Gifts,Bag Full Of Ponies Handy Tote,2195,2195,1,,,,https://juxtaposeannex.com/products/bag-full-of-ponies-handy-tote?variant=48508235776154&_gsid=CX4Y3KYa7dH8&utm_source=shopify&utm_medium=catalog
category,totes,tote bag gift,cedar-canoe-books.myshopify.com,Cedar Canoe Books,Moody Cats Canvas Tote,2700,2700,1,,,,https://www.cedarcanoebooks.com/products/moody-cats-canvas-tote?variant=49492497006878&_gsid=CX4Y3KYa7dH8&utm_source=shopify&utm_medium=catalog
category,totes,tote bag gift,hoodies-for-heros.myshopify.com,Hoodies For Heroes,Smile Embossed Leather Tote,5700,5700,1,Color,,,https://hoodiesforheroes.shop/products/smile-embossed-leather-tote?variant=50445143867696&_gsid=CX4Y3KYa7dH8&utm_source=shopify&utm_medium=catalog
category,totes,tote bag gift,precious-memories-co.myshopify.com,Precious Memories Co,"Personalized Tote Bag, Custom Silicone Tote Bag, Custom Engraved Tote Bag, Teacher's Tote, Beach Bag, Mother's Day Gift, Custom Gift for Her",6500,6500,1,,personaliz; custom; engrav,,https://preciousmemoriesco.ca/products/personalized-tote-bag-custom-silicone-tote-bag-custom-engraved-tote-bag-teachers-tote-beach-bag-mothers-day-gift-custom-gift-for-her?variant=44110771093677&_gsid=CX4Y3KYa7dH8&utm_source=shopify&utm_medium=catalog
category,totes,tote bag gift,nab-leather-co.myshopify.com,NAB Leather,Classic Brown Leather Tote Bag,20700,20700,1,Color,,,https://nableather.com/products/classic-brown-leather-tote-bag?variant=43236223549571&_gsid=CX4Y3KYa7dH8&utm_source=shopify&utm_medium=catalog
category,totes,tote bag gift,87e26e-4.myshopify.com,DAVIDsTEA,The Tea Tote,1900,1900,1,,,,https://davidstea.com/products/the-tea-tote?variant=46724366303472&_gsid=CX4Y3KYa7dH8&utm_source=shopify&utm_medium=catalog
category,totes,tote bag gift,onze-montreal.myshopify.com,Onze Montreal,Tote Bag Montreal Quebec Illustration Canvas,1995,1995,1,Color,custom,,https://onze-montreal.com/products/montreal-quebec-canvas-tote-bag-natural?variant=40077899530302&_gsid=CX4Y3KYa7dH8&utm_source=shopify&utm_medium=catalog
category,totes,tote bag gift,bajoue.myshopify.com,Bajoue,Tote bag- Maman incroyable,2999,2999,1,,,,https://bajoue.ca/products/tote-bag-maman-incroyable?variant=53433004622097&_gsid=CX4Y3KYa7dH8&utm_source=shopify&utm_medium=catalog
category,totes,tote bag gift,silla-designs.myshopify.com,Silla Designs,Canvas Tote Bag | Book Club,4499,4499,1,,,,https://silladesigns.com/products/book-club-canvas-tote-bag?variant=49871758459180&_gsid=CX4Y3KYa7dH8&utm_source=shopify&utm_medium=catalog
category,totes,tote bag gift,bajoue.myshopify.com,Bajoue,Tote bag- Meilleure éducatrice,2999,2999,1,,,,https://bajoue.ca/products/tote-bag-meilleure-educatrice-1?variant=53410821177617&_gsid=CX4Y3KYa7dH8&utm_source=shopify&utm_medium=catalog
category,totes,tote bag gift,7bc33e-e9.myshopify.com,Ibiza One Stop,Four Leaf Clover Medium Tote Handmade in Maine from Recycled Sails,15400,15400,1,,,,https://ibizaonestop.com/products/four-leaf-clover-medium-tote-handmade-in-maine-from-recycled-sails?variant=54022635192663&_gsid=CX4Y3KYa7dH8&utm_source=shopify&utm_medium=catalog
category,totes,tote bag gift,outer-layer.myshopify.com,Outer Layer,Toronto Cityscape Tote Bag,2095,2095,1,,,,https://outerlayer.com/products/toronto-cityscape-tote-bag?variant=45108365852992&_gsid=CX4Y3KYa7dH8&utm_source=shopify&utm_medium=catalog
category,totes,tote bag gift,0nkrrk-0g.myshopify.com,Bananas,Checker Icons Tote Bag,6300,6300,1,,,,https://0nkrrk-0g.myshopify.com/products/checker-icons-tote-bag?variant=48471036363011&_gsid=CX4Y3KYa7dH8&utm_source=shopify&utm_medium=catalog
category,totes,tote bag gift,bajoue.myshopify.com,Bajoue,Tote bag- Grand-maman,2999,2999,1,,,,https://bajoue.ca/products/tote-bag-grand-maman?variant=48238104019217&_gsid=CX4Y3KYa7dH8&utm_source=shopify&utm_medium=catalog
category,totes,tote bag gift,say-it-with-stacey.myshopify.com,Say it with Stacey,"It's What's on the Inside that Counts! — Hilarious Totes that are practical, eco friendly and fun!",3299,3299,1,Title,,,https://sayitwithstacey.ca/products/its-whats-on-the-inside-that-counts-hilarious-totes-that-are-practical-eco-friendly-and-fun?variant=31297317142598&_gsid=CX4Y3KYa7dH8&utm_source=shopify&utm_medium=catalog
category,totes,tote bag gift,seek-gifts-and-home-decor-ltd.myshopify.com,Seek gifts and home decor Ltd. ,No Place Like Local SEEK Tote Bag,2700,2700,1,,,,https://seekgiftsanddecor.com/products/no-place-like-local-seek-tote-bag?variant=43959626956909&_gsid=CX4Y3KYa7dH8&utm_source=shopify&utm_medium=catalog
category,totes,tote bag gift,cedar-canoe-books.myshopify.com,Cedar Canoe Books,Judgy Fish Canvas Tote,2700,2700,1,,,,https://www.cedarcanoebooks.com/products/judgy-fish-canvas-tote?variant=49492497760542&_gsid=CX4Y3KYa7dH8&utm_source=shopify&utm_medium=catalog
category,totes,tote bag gift,7bc33e-e9.myshopify.com,Ibiza One Stop,Maine Bicentennial Medium Tote Handmade in Maine from Recycled Sails,18920,18920,1,,,,https://ibizaonestop.com/products/maine-bicentennial-medium-tote-handmade-in-maine-from-recycled-sails?variant=54022656033111&_gsid=CX4Y3KYa7dH8&utm_source=shopify&utm_medium=catalog
category,totes,tote bag gift,468729-3.myshopify.com,Warm Gift Shop,Mini Tote Bag | Pink Floral with Birds,1900,1900,1,,,,https://warmgiftshop.com/products/mini-tote-bag-pink-floral-with-birds?variant=51417733333309&_gsid=CX4Y3KYa7dH8&utm_source=shopify&utm_medium=catalog
category,totes,tote bag gift,bagsinbulk-ca.myshopify.com,BagsInBulk.ca,Reusable Gift Tote Bag 8 x 10 inch,5700,5700,1,Color,,,https://bagsinbulk.ca/products/wholesale-8-x-10-gift-tote-bag?variant=42379979259948&_gsid=CX4Y3KYa7dH8&utm_source=shopify&utm_medium=catalog
category,totes,tote bag gift,opusartsupplies.myshopify.com,Opus Art Supplies,Cavallini Vintage Inspired Tote Bag - Tarot,3099,3099,1,,,,https://opusartsupplies.com/products/cavallini-vintage-inspired-tote-bag-tarot?variant=49813201354983&_gsid=CX4Y3KYa7dH8&utm_source=shopify&utm_medium=catalog
category,totes,tote bag gift,mamabuzz-collections.myshopify.com,MamaBuzz Creations,"""World's Best Mom"" ""Tote Bag, Gift for her, Mother's gift, Mom's gift, Personalized Bag, Tote Bag",3199,3199,1,Size,personaliz; custom,,https://mamabuzzcreations.com/products/worlds-best-mom-tote-bag-1?variant=32209996316785&_gsid=CX4Y3KYa7dH8&utm_source=shopify&utm_medium=catalog
category,totes,tote bag gift,osadia-store.myshopify.com,Osadia Concept Store,Rabbit Tote,3400,3400,1,Color,,,https://www.beosadia.com/products/rabbit-tote?variant=41940228210786&_gsid=CX4Y3KYa7dH8&utm_source=shopify&utm_medium=catalog
category,totes,tote bag gift,0pun7g-u6.myshopify.com,baby enRoute,Cotopaxi Taal Convertible Tote,8999,8999,1,,,,https://www.babyenroute.com/products/cotopaxi-taal-convertible-tote-del-dia?variant=45233237000329&_gsid=CX4Y3KYa7dH8&utm_source=shopify&utm_medium=catalog
category,totes,tote bag gift,bestsurprisegifts-com.myshopify.com,GiftAFeeling,Laminated Fashion Tote,220,220,1,Quantity; Colors,,,https://www.giftafeeling.com/products/laminated-fashion-tote?variant=40832050036771&_gsid=CX4Y3KYa7dH8&utm_source=shopify&utm_medium=catalog
personalization,favors_personalized,personalized party favors,readymadeplaycanada.myshopify.com,Readymade Play Canada ,Party Favours!,550,550,1,,,,https://readymadeplaycanada.com/products/party-favours?variant=48755888783646&_gsid=eQFxr5nMkuhn&utm_source=shopify&utm_medium=catalog
personalization,favors_personalized,personalized party favors,the-sugar-cube.myshopify.com,The Sugar Cube,Custom Candy Bags,12375,12375,1,Quantity; Allergen; Size,custom; personaliz,allerg,https://www.sugarcubeyyc.com/products/custom-candy-bags?variant=3359674948&_gsid=eQFxr5nMkuhn&utm_source=shopify&utm_medium=catalog
personalization,favors_personalized,personalized party favors,the-sugar-cube.myshopify.com,The Sugar Cube,Custom Stickered Surprise Bags,7000,7000,1,Quantity; Size,custom; personaliz,,https://www.sugarcubeyyc.com/products/custom-stickered-surprise-bags?variant=39845886296138&_gsid=eQFxr5nMkuhn&utm_source=shopify&utm_medium=catalog
personalization,favors_personalized,personalized party favors,rae-s-kakes-and-kreations.myshopify.com,Rae’s Kakes and Kreations,Custom Party Favors Treats,3600,3600,1,,custom; personaliz,,https://www.raeskakesandkreations.com/products/custom-party-favors-treats?variant=45432683200704&_gsid=eQFxr5nMkuhn&utm_source=shopify&utm_medium=catalog
personalization,favors_personalized,personalized party favors,custom-treatz-by-sharon.myshopify.com,Custom Favorz by Sharon,PAINT PARTY CHIP BAGS,1000,1000,1,Options,personaliz; custom,,https://customfavorzbysharon.myshopify.com/products/paint-party-chip-bags?variant=42935805673642&_gsid=eQFxr5nMkuhn&utm_source=shopify&utm_medium=catalog
personalization,favors_personalized,personalized party favors,custom-treatz-by-sharon.myshopify.com,Custom Favorz by Sharon,PATRON TEQUILA CHIP BAGS,1000,1000,1,Quantity,personaliz; custom,,https://customfavorzbysharon.myshopify.com/products/custom-chip-bag-patron-themed-chip-bag-patron-party-patron-tequila-party-favor-adult-party-digital-assembled-printed-shipped?variant=31096923029575&_gsid=eQFxr5nMkuhn&utm_source=shopify&utm_medium=catalog
personalization,favors_personalized,personalized party favors,the-sugar-cube.myshopify.com,The Sugar Cube,Custom Regular CandyGrams (Minimum 10),22000,22000,1,Quantity; Allergen; Colour theme,custom; personaliz,allerg,https://www.sugarcubeyyc.com/products/custom-regular-candygrams-minimum-10?variant=39868649996362&_gsid=eQFxr5nMkuhn&utm_source=shopify&utm_medium=catalog
personalization,favors_personalized,personalized party favors,qqiz0a-6i.myshopify.com,Halo B Designs ,Custom Chip Bag Party Favors,4999,4999,1,Brand preference; Quantity,custom,,https://www.halobdesigns.com/products/custom-chip-bag-party-favors?variant=43912210514010&_gsid=eQFxr5nMkuhn&utm_source=shopify&utm_medium=catalog
personalization,favors_personalized,personalized party favors,plumpolkadot.myshopify.com,PlumPolkaDot,"Floral Party Favors, Hair Ties",399,399,1,,personaliz; custom,,https://www.plumpolkadot.com/products/floral-party-favors-for-girls-3634?variant=31150374027353&_gsid=eQFxr5nMkuhn&utm_source=shopify&utm_medium=catalog
personalization,favors_personalized,personalized party favors,ynj3ez-pr.myshopify.com,Designs By Diza,Wrapped Treats Custom Theme,6000,6000,1,Treats,custom; personaliz,,https://designsbydiza.ca/products/wrapped-treats-custom-theme?variant=49211044823277&_gsid=eQFxr5nMkuhn&utm_source=shopify&utm_medium=catalog
personalization,favors_personalized,personalized party favors,gj6yav-aa.myshopify.com,HoneyAndB’sCreativities,Party Favor Mega bundle DIGITAL ONLY CANVA,1500,1500,1,,personaliz,,https://gj6yav-aa.myshopify.com/products/custom-party-favor-template-outline-bundle?variant=43463818772559&_gsid=eQFxr5nMkuhn&utm_source=shopify&utm_medium=catalog
personalization,favors_personalized,personalized party favors,gzjfhe-sr.myshopify.com,Oh So Cute,Play Dough Favors,1400,1400,1,,custom,,https://shopohsocute.ca/products/untitled-may18_13-21-12?variant=47363855384725&_gsid=eQFxr5nMkuhn&utm_source=shopify&utm_medium=catalog
personalization,favors_personalized,personalized party favors,custom-treatz-by-sharon.myshopify.com,Custom Favorz by Sharon,EMOJI CHIP BAG,1000,1000,1,Quantity,custom,,https://customfavorzbysharon.myshopify.com/products/custom-chip-bag-emoji-chip-bag-favor-bags-emoji-birthday-party-emoji-party-favors-digital-printed-assembled-shipped?variant=31096920113223&_gsid=eQFxr5nMkuhn&utm_source=shopify&utm_medium=catalog
personalization,favors_personalized,personalized party favors,qqiz0a-6i.myshopify.com,Halo B Designs ,Custom Party Favor – Deluxe Bundle (20 Guests),19999,19999,1,Title,custom,,https://www.halobdesigns.com/products/custom-party-favor-deluxe-bundle-20-guests?variant=43911779713114&_gsid=eQFxr5nMkuhn&utm_source=shopify&utm_medium=catalog
personalization,favors_personalized,personalized party favors,partyexpert-fr.myshopify.com,Party Expert USA,"Pokémon Birthday Favour Bags, 8 count",397,397,1,,custom,,https://www.party-expert.ca/products/pokemon-birthday-favour-bags-8-count?variant=41950185029830&_gsid=eQFxr5nMkuhn&utm_source=shopify&utm_medium=catalog
personalization,favors_personalized,personalized party favors,dellaterra.myshopify.com,DellaTerra,100ml Single - Custom Wedding & Party Favour,1195,1195,1,,custom; personaliz,,https://www.dellaterra.ca/products/wedding-party-favour-100ml?variant=28827196325965&_gsid=eQFxr5nMkuhn&utm_source=shopify&utm_medium=catalog
personalization,favors_personalized,personalized party favors,qqiz0a-6i.myshopify.com,Halo B Designs ,Custom Party Favor – Ultimate Bundle (30 Guests),27999,27999,1,Title,custom,,https://www.halobdesigns.com/products/custom-party-favor-ultimate-bundle-30-guests?variant=43911780171866&_gsid=eQFxr5nMkuhn&utm_source=shopify&utm_medium=catalog
personalization,favors_personalized,personalized party favors,c-ware-design-co.myshopify.com,C. WARE DESIGN CO,Custom Party Favors,2000,2000,1,Choose your favor,custom; personaliz,,https://cwaredesignco.com/products/untitled-sep1_15-45?variant=43885433094387&_gsid=eQFxr5nMkuhn&utm_source=shopify&utm_medium=catalog
personalization,favors_personalized,personalized party favors,qqiz0a-6i.myshopify.com,Halo B Designs ,Custom Party Favor – Mini Bundle (10 Guests),11999,11999,1,Title,custom,,https://www.halobdesigns.com/products/custom-party-favor-mini-bundle-10-guests?variant=43911779614810&_gsid=eQFxr5nMkuhn&utm_source=shopify&utm_medium=catalog
personalization,favors_personalized,personalized party favors,plumpolkadot.myshopify.com,PlumPolkaDot,"Donut Party Favors, Hair Ties",299,299,1,,personaliz; custom,,https://www.plumpolkadot.com/products/personalized-donut-party-hair-tie-favors?variant=8178728501343&_gsid=eQFxr5nMkuhn&utm_source=shopify&utm_medium=catalog
personalization,favors_personalized,personalized party favors,qqiz0a-6i.myshopify.com,Halo B Designs ,Custom Party Favor – Snack & Drink Pack (20 Guests),12999,12999,1,Title,custom; personaliz,,https://www.halobdesigns.com/products/custom-party-favor-snack-drink-pack-20-guests?variant=43911780401242&_gsid=eQFxr5nMkuhn&utm_source=shopify&utm_medium=catalog
personalization,favors_personalized,personalized party favors,custom-treatz-by-sharon.myshopify.com,Custom Favorz by Sharon,CUSTOM DESIGNED CHIP BAGS,1000,1000,1,Options,custom; personaliz,,https://customfavorzbysharon.myshopify.com/products/custom-designed-chip-bags?variant=42941694214314&_gsid=eQFxr5nMkuhn&utm_source=shopify&utm_medium=catalog
personalization,favors_personalized,personalized party favors,ggqmgn-xk.myshopify.com,JeStore,"Personalized Custom Chip Bags – Any Theme, Photo or Design | Kids Birthday Party Favor Snack Bags",4000,4000,1,Quantity,personaliz; custom,,https://jestore228.com/products/personalized-chip-bags?variant=48050695209182&_gsid=eQFxr5nMkuhn&utm_source=shopify&utm_medium=catalog
personalization,favors_personalized,personalized party favors,dufzub-j8.myshopify.com,Natasha.j.stylez,MINNIE MOUSE PARTY FAVOR BUNDLE EDIT IN CANVA,800,800,1,,custom; personaliz,,https://natashajstylez.com/products/minnie-mouse-party-favor-bundle-edit-in-canva?variant=53451253842286&_gsid=eQFxr5nMkuhn&utm_source=shopify&utm_medium=catalog
personalization,favors_personalized,personalized party favors,qqiz0a-6i.myshopify.com,Halo B Designs ,Custom Filled Snack & Drink Favor Pack,7200,7200,1,Guest count,custom,,https://www.halobdesigns.com/products/custom-filled-snack-drink-favor-pack?variant=43911658766426&_gsid=eQFxr5nMkuhn&utm_source=shopify&utm_medium=catalog
personalization,favors_personalized,personalized party favors,plumpolkadot.myshopify.com,PlumPolkaDot,"Royal Blue & Silver Glitter Party Favors, Hair Ties",399,399,1,,personaliz,,https://www.plumpolkadot.com/products/personalized-royal-blue-silver-princess-hair-tie-favors?variant=8178701664351&_gsid=eQFxr5nMkuhn&utm_source=shopify&utm_medium=catalog
personalization,favors_personalized,personalized party favors,plumpolkadot.myshopify.com,PlumPolkaDot,"Strawberry Party Favors, Hair Ties",399,399,1,,personaliz,,https://www.plumpolkadot.com/products/strawberry-party-favors-for-girls-5271?variant=31150589378649&_gsid=eQFxr5nMkuhn&utm_source=shopify&utm_medium=catalog
personalization,favors_personalized,personalized party favors,plumpolkadot.myshopify.com,PlumPolkaDot,"Personalized Wizard Party Favors, Hair Ties",499,499,1,,personaliz; custom,,https://www.plumpolkadot.com/products/personalized-wizard-party-favors?variant=8178713133151&_gsid=eQFxr5nMkuhn&utm_source=shopify&utm_medium=catalog
personalization,favors_personalized,personalized party favors,qqiz0a-6i.myshopify.com,Halo B Designs ,Custom Candy Treat Pouch Party Favors,4499,4499,1,Candy preference; Quantity,custom,,https://www.halobdesigns.com/products/custom-candy-treat-pouch-party-favors?variant=43912212775002&_gsid=eQFxr5nMkuhn&utm_source=shopify&utm_medium=catalog
personalization,favors_personalized,personalized party favors,plumpolkadot.myshopify.com,PlumPolkaDot,"Floral Birthday Party Favors, Hair Ties",299,299,1,,personaliz; custom,,https://www.plumpolkadot.com/products/floral-birthday-party-favors-girls-first-birthday-favors-hair-tie-birthday-party-thank-you-gifts-birthday-party-decorations?variant=8170715447391&_gsid=eQFxr5nMkuhn&utm_source=shopify&utm_medium=catalog
personalization,favors_personalized,personalized party favors,custom-treatz-by-sharon.myshopify.com,Custom Favorz by Sharon,TIK TOK KRISPIES TREATS,1000,1000,1,Options,personaliz; your name,,https://customfavorzbysharon.myshopify.com/products/musical-dance-party-krispies-treats-dance-musical-dance-party-teen-dance-party-musical-dance-favors-digital-printed-shipped?variant=37602806694058&_gsid=eQFxr5nMkuhn&utm_source=shopify&utm_medium=catalog
personalization,favors_personalized,personalized party favors,crafty-quita-s-boutique.myshopify.com,Crafty Quita’s Tee and Things LLC,Custom Party Favors,1500,1500,1,How to receive; Favors,custom; personaliz,,https://www.craftyquitasblanks.com/products/untitled-feb16_13-30?variant=44415971491990&_gsid=eQFxr5nMkuhn&utm_source=shopify&utm_medium=catalog
personalization,favors_personalized,personalized party favors,064w6f-nm.myshopify.com,Anastasia's Kreative Kustoms ,Custom Favor Wrappers,150,150,1,,custom; personaliz,,https://anastasiaskreatives.com/products/custom-favor-wrappers?variant=43537698914444&_gsid=eQFxr5nMkuhn&utm_source=shopify&utm_medium=catalog
personalization,favors_personalized,personalized party favors,qqiz0a-6i.myshopify.com,Halo B Designs ,Personalized Party Snack Favors,600,600,1,Package,personaliz,,https://www.halobdesigns.com/products/personalized-party-snack-favors?variant=43916792135770&_gsid=eQFxr5nMkuhn&utm_source=shopify&utm_medium=catalog
personalization,favors_personalized,personalized party favors,qqiz0a-6i.myshopify.com,Halo B Designs ,Build Your Own Custom Party Favor Bundle,2500,2500,1,Favor types; Guest count,custom,,https://www.halobdesigns.com/products/build-your-own-custom-party-favor-bundle-1?variant=43912217231450&_gsid=eQFxr5nMkuhn&utm_source=shopify&utm_medium=catalog
personalization,favors_personalized,personalized party favors,custom-treatz-by-sharon.myshopify.com,Custom Favorz by Sharon,2 FAST 2 CURIOUS CHIP BAGS,1000,1000,1,Options,personaliz,,https://customfavorzbysharon.myshopify.com/products/2-fast-2-curious-chip-bags?variant=47351702913194&_gsid=eQFxr5nMkuhn&utm_source=shopify&utm_medium=catalog
personalization,favors_personalized,personalized party favors,kinannou.myshopify.com,KINANNOU,PARTY FAVOR BOXES,16300,16300,1,Party favor boxes,custom,,https://www.kinannou.com/products/party-favor-boxes?variant=42735589261348&_gsid=eQFxr5nMkuhn&utm_source=shopify&utm_medium=catalog
personalization,favors_personalized,personalized party favors,binviteddesigns.myshopify.com,BinvitedDesigns,"PAW PATROL Shield Printed or Digital Custom Birthday Party Stickers for Gift Bags, Party Favors!",1500,1500,1,Quantity; Printed or digital,custom; personaliz,,https://binviteddesigns.myshopify.com/products/paw-patrol-shield-printed-or-digital-custom-birthday-party-stickers-for-gift-bags-party-favors?variant=44292562813224&_gsid=eQFxr5nMkuhn&utm_source=shopify&utm_medium=catalog
personalization,favors_personalized,personalized party favors,qqiz0a-6i.myshopify.com,Halo B Designs ,Custom Party Favor – DIY Party Kit (20 Guests),6999,6999,1,Title,custom,,https://www.halobdesigns.com/products/custom-party-favor-diy-party-kit-20-guests?variant=43911780630618&_gsid=eQFxr5nMkuhn&utm_source=shopify&utm_medium=catalog
personalization,favors_personalized,personalized party favors,custom-treatz-by-sharon.myshopify.com,Custom Favorz by Sharon,ADULT BIRTHDAY CHIP BAG,1000,1000,1,Design option; Options,personaliz; custom,,https://customfavorzbysharon.myshopify.com/products/queen-birthday-chip-bag-custom-chip-bag-party-favors-queen-birthday-party-birthday-queen-party-favors-digital-print-ship?variant=31097023791175&_gsid=eQFxr5nMkuhn&utm_source=shopify&utm_medium=catalog
personalization,favors_personalized,personalized party favors,ckf1yv-gc.myshopify.com,SheCustomCrafts,Shot Glass Template,300,300,1,,personaliz,,https://shecustomcrafts.com/products/untitled-feb11_18-00?variant=52847277146296&_gsid=eQFxr5nMkuhn&utm_source=shopify&utm_medium=catalog
personalization,favors_personalized,personalized party favors,smifome.myshopify.com,SMIFOME,Custom Digital Party Favors,300,300,1,Party favors,custom; personaliz,,https://www.smifome.com/products/custom-graduation-chip-bags?variant=41942940581977&_gsid=eQFxr5nMkuhn&utm_source=shopify&utm_medium=catalog
personalization,favors_personalized,personalized party favors,custom-treatz-by-sharon.myshopify.com,Custom Favorz by Sharon,GRACIE'S CORNER CHIP BAG (Purple),1000,1000,1,Options,personaliz,,https://customfavorzbysharon.myshopify.com/products/gracies-corner-chip-bag-purple?variant=46732738461866&_gsid=eQFxr5nMkuhn&utm_source=shopify&utm_medium=catalog
personalization,favors_personalized,personalized party favors,custom-treatz-by-sharon.myshopify.com,Custom Favorz by Sharon,GRACIE'S CORNER CHIP BAG,1000,1000,1,Options,personaliz,,https://customfavorzbysharon.myshopify.com/products/gracies-corner-chip-bag?variant=44437119074474&_gsid=eQFxr5nMkuhn&utm_source=shopify&utm_medium=catalog
personalization,favors_personalized,personalized party favors,qqiz0a-6i.myshopify.com,Halo B Designs ,Custom Party Favor – Premium Bundle (25 Guests),23999,23999,1,Title,custom,,https://www.halobdesigns.com/products/custom-party-favor-premium-bundle-25-guests?variant=43911780139098&_gsid=eQFxr5nMkuhn&utm_source=shopify&utm_medium=catalog
personalization,favors_personalized,personalized party favors,mmhdg8-gd.myshopify.com,Bumbleberry Decor Ltd.,Lion Party Favors -customizable!,500,500,1,Favor options; Quantity,custom,,https://bumbleberrydecorltd.com/products/lion-party-favors-customizable?variant=43746005975174&_gsid=eQFxr5nMkuhn&utm_source=shopify&utm_medium=catalog
personalization,favors_personalized,personalized party favors,ayazay-wedding-shoppe.myshopify.com,AyaZay Wedding Shoppe,MINI CUSTOM PRINTED SQUARE PAPER FAVOR BOXES - FLORAL GARDEN PARTY,549,549,1,,custom; personaliz,,https://ayazay.com/products/mini-custom-printed-square-paper-favor-boxes-floral-garden-party?variant=39753297952827&_gsid=eQFxr5nMkuhn&utm_source=shopify&utm_medium=catalog
personalization,favors_personalized,personalized party favors,custom-treatz-by-sharon.myshopify.com,Custom Favorz by Sharon,Boss Baby Girl Custom Chip Bag,1000,1000,1,Skin tone; Options,custom; personaliz,,https://customfavorzbysharon.myshopify.com/products/african-american-caucasian-boss-baby-girl-chip-bag?variant=31096988991559&_gsid=eQFxr5nMkuhn&utm_source=shopify&utm_medium=catalog
personalization,favors_personalized,personalized party favors,miniature-boutique.myshopify.com,Paper and Clips Co.,The Perfect Mix - White Party Bags,3640,3640,1,Quantity; Size,personaliz,,https://www.paperandclipsco.com/products/the-perfect-mix-white-party-bags?variant=40296052621392&_gsid=eQFxr5nMkuhn&utm_source=shopify&utm_medium=catalog
personalization,favors_personalized,personalized party favors,3781f2-ad.myshopify.com,Savoury Cravings Company,Customized Apple & Eve Party Favor,300,300,1,Amount,custom; personaliz,,https://savourycravings.com/products/customized-kool-aid-jammers-party-favor-set-of-10-copy?variant=44536489279638&_gsid=eQFxr5nMkuhn&utm_source=shopify&utm_medium=catalog
personalization,cookies_custom,custom cookies with names,levainbakery.myshopify.com,Levain Bakery,Build Your Own Cookie Box,5200,5200,1,Size,custom,,https://levainbakery.com/products/build-your-own-pack?variant=42402039726161&_gsid=nKXTmQXgbSrN&utm_source=shopify&utm_medium=catalog
personalization,cookies_custom,custom cookies with names,sweetflour-bakeshop.myshopify.com,Sweet Flour Bake Shop,Custom Logo Cookies,510,510,1,Select the shape; Select the packaging; Select the ribbon colour (if ribbon option selected above),custom; personaliz,,https://www.sweetflour.ca/products/decorated-cookies-corporate?variant=46114089992433&_gsid=nKXTmQXgbSrN&utm_source=shopify&utm_medium=catalog
personalization,cookies_custom,custom cookies with names,sweetyummy.myshopify.com,Sweet Yummy,Set of 12 custom cookies,9000,9000,1,,custom; personaliz,,https://sweetyummycookies.com/products/set-of-12-cookies-regular-size?variant=40543780077590&_gsid=nKXTmQXgbSrN&utm_source=shopify&utm_medium=catalog
personalization,cookies_custom,custom cookies with names,queen-city-cakes-yqr.myshopify.com,Queen City Cakes,Signature Custom Printed Sugar Cookies,600,600,1,,custom; personaliz,,https://queencitycakes.ca/products/the-corporate-sugar-cookies?variant=46709736603871&_gsid=nKXTmQXgbSrN&utm_source=shopify&utm_medium=catalog
personalization,cookies_custom,custom cookies with names,confetti-sweets-yeg.myshopify.com,Confetti Sweets - Sherwood Park,Printed Cookie Box Set,2500,2500,1,Number of cookies,custom; personaliz,,https://confettisweets.ca/products/printed-cookie-box-set?variant=46511888466235&_gsid=nKXTmQXgbSrN&utm_source=shopify&utm_medium=catalog
personalization,cookies_custom,custom cookies with names,veehacart-ca.myshopify.com,Veehacart,Dohful Assorted Cookies,2531,2531,1,Pack size,,,https://veehacart.ca/products/assorted-cookies?variant=46747646951653&_gsid=nKXTmQXgbSrN&utm_source=shopify&utm_medium=catalog
personalization,cookies_custom,custom cookies with names,evelyns-candy-house.myshopify.com,Evelyn's Candy House,Custom Printed Cookies,595,595,1,Type; Custom,custom; personaliz,,https://evelynscandyhouse.ca/products/custom-printed-sugar-cookie?variant=48715780292801&_gsid=nKXTmQXgbSrN&utm_source=shopify&utm_medium=catalog
personalization,cookies_custom,custom cookies with names,crave-cupcakes-and-cake.myshopify.com,Crave Cupcakes,Build Your Own Half Dozen Cookie Assortment,2100,2100,1,,custom; personaliz,,https://www.cravecupcakes.ca/products/build-your-own-half-dozen-cookie-assortment?variant=40973556219939&_gsid=nKXTmQXgbSrN&utm_source=shopify&utm_medium=catalog
personalization,cookies_custom,custom cookies with names,sweetflour-bakeshop.myshopify.com,Sweet Flour Bake Shop,Custom Printed Cookies,450,450,1,Select the shape; Select the packaging; Select the ribbon colour (if ribbon option selected above),custom; personaliz,,https://www.sweetflour.ca/products/custom-printed-cookies?variant=47861589278961&_gsid=nKXTmQXgbSrN&utm_source=shopify&utm_medium=catalog
personalization,cookies_custom,custom cookies with names,confetti-sweets-yeg.myshopify.com,Confetti Sweets - Sherwood Park,Custom Printed Cookies,5400,5400,1,,custom; personaliz,,https://confettisweets.ca/products/printed-cookie-round?variant=46512017310011&_gsid=nKXTmQXgbSrN&utm_source=shopify&utm_medium=catalog
personalization,cookies_custom,custom cookies with names,wgcsb0-10.myshopify.com,Chickadee's Home Bakeshop,Custom Cookies,7500,7500,1,,custom; personaliz,,https://chickadeeshomebakeshop.com/products/custom-cookies?variant=44164855136307&_gsid=nKXTmQXgbSrN&utm_source=shopify&utm_medium=catalog
personalization,cookies_custom,custom cookies with names,dua5pi-7e.myshopify.com,Crown Cookies,Custom Gift Box 12 mini Cookies,5000,5000,1,,custom; personaliz,,https://crowncookies.ca/products/custom-gift-box-12-mini-cookies?variant=49858560557333&_gsid=nKXTmQXgbSrN&utm_source=shopify&utm_medium=catalog
personalization,cookies_custom,custom cookies with names,sahara-tea.myshopify.com,Robyn's Cookies & Co,Personalized Sugar Cookie,775,775,1,,personaliz; custom,,https://robynscookies.com/products/personalized-sugar-cookie?variant=46849840873753&_gsid=nKXTmQXgbSrN&utm_source=shopify&utm_medium=catalog
personalization,cookies_custom,custom cookies with names,sugar-dream-cookies-f5fb.myshopify.com,Sugar Dream Cookies & Supplies,Large Custom Cookies,475,475,1,Cookie flavours; Icing flavour,custom,,https://sugardreamcookies.ca/products/12-regular-sized-custom-cookies?variant=46917869437028&_gsid=nKXTmQXgbSrN&utm_source=shopify&utm_medium=catalog
personalization,cookies_custom,custom cookies with names,bunners-bakeshop.myshopify.com,Bunner's Bakeshop,1 Dozen Custom Sugar Cookies,7200,7200,1,,custom; personaliz,vegan; gluten; nut-free,https://bunners.ca/products/custom-sugar-cookie?variant=51470374994209&_gsid=nKXTmQXgbSrN&utm_source=shopify&utm_medium=catalog
personalization,cookies_custom,custom cookies with names,akemissweets.myshopify.com,akemissweets,Two Dozen Custom Cookies,8400,8400,1,,custom,,https://www.akemissweets.com/products/2-dozen-custom-cookies-1?variant=42315826135292&_gsid=nKXTmQXgbSrN&utm_source=shopify&utm_medium=catalog
personalization,cookies_custom,custom cookies with names,sweetflour-bakeshop.myshopify.com,Sweet Flour Bake Shop,1/2 Dozen Gourmet Cookies - You Pick the Flavour,3000,3000,1,,custom,,https://www.sweetflour.ca/products/1-2-dozen-you-pick-the-flavour?variant=10223275333&_gsid=nKXTmQXgbSrN&utm_source=shopify&utm_medium=catalog
personalization,cookies_custom,custom cookies with names,country-cakes-bakes.myshopify.com,Country Cakes & Bakes,Mini Frosted Sugar Cookies Custom Colors,800,800,1,Dozen,custom; personaliz,,https://www.countrycakesandbakes.com/products/mini-frosted-sugar-cookies-1?variant=39642561806500&_gsid=nKXTmQXgbSrN&utm_source=shopify&utm_medium=catalog
personalization,cookies_custom,custom cookies with names,ce15ab.myshopify.com,Hey Sugar,Custom Logo Sugar Cookies,400,400,1,,custom; personaliz,,https://www.iloveheysugar.com/products/custom-logo-cookies?variant=47171907289376&_gsid=nKXTmQXgbSrN&utm_source=shopify&utm_medium=catalog
personalization,cookies_custom,custom cookies with names,lauries-red-pantry.myshopify.com,23sweets,"Cookies, Elf cookies with names, personalised cookies, sugar cookies, 1 custom cookie",500,500,1,Flavour of cookie,personalis; custom; personaliz,,https://23sweets.com/products/elf-cookies-with-names?variant=42368018284614&_gsid=nKXTmQXgbSrN&utm_source=shopify&utm_medium=catalog
personalization,cookies_custom,custom cookies with names,sugar-dream-cookies-f5fb.myshopify.com,Sugar Dream Cookies & Supplies,Small Logo and Specialty Printed Cookies,350,350,1,Cookie flavour,custom,,https://sugardreamcookies.ca/products/mini-sized-cookies-custom-printed?variant=46917875368036&_gsid=nKXTmQXgbSrN&utm_source=shopify&utm_medium=catalog
personalization,cookies_custom,custom cookies with names,sullivanbleeker.myshopify.com,Sullivan & Bleeker Baking Co.,Personalized Gourmet Cookie Jar: Soft-Baked Custom Gift,15000,15000,1,,personaliz; custom,,https://sullivanbleeker.com/products/personalized-gourmet-cookie-jar-soft-baked-consumer?variant=50915003203872&_gsid=nKXTmQXgbSrN&utm_source=shopify&utm_medium=catalog
personalization,cookies_custom,custom cookies with names,a0qrkj-ex.myshopify.com,Cookies By Design - Canada,Confetti and Candles Bright,6999,6999,1,,,,https://cookiesbydesign.ca/products/confetti-and-candles-bright?variant=49941424177440&_gsid=nKXTmQXgbSrN&utm_source=shopify&utm_medium=catalog
personalization,cookies_custom,custom cookies with names,sullivanbleeker.myshopify.com,Sullivan & Bleeker Baking Co.,Custom Cookie Six Pack: Choose Your Own Nut-Free Assortment,1550,1550,1,Title,custom; personaliz,nut-free,https://sullivanbleeker.com/products/custom-cookie-six-pack-choose-your-flavours?variant=5807387331&_gsid=nKXTmQXgbSrN&utm_source=shopify&utm_medium=catalog
personalization,cookies_custom,custom cookies with names,terriffetti-cookie-co.myshopify.com,The Confectionist,Custom Cookies | Detailed Design (per dozen),7500,7500,1,,custom; personaliz,,https://theconfectionist.ca/products/custom-cookies-basic-design?variant=37908733296833&_gsid=nKXTmQXgbSrN&utm_source=shopify&utm_medium=catalog
personalization,cookies_custom,custom cookies with names,peacock-bakehouse.myshopify.com,Peacock Bakehouse,Six of a Kind - Choose Your Own Flavour,4400,4400,1,Flavours,,,https://peacockbakehouse.com/products/signature-cookies-choose-your-own-flavor-next?variant=41990744735822&_gsid=nKXTmQXgbSrN&utm_source=shopify&utm_medium=catalog
personalization,cookies_custom,custom cookies with names,the-hb-baker.myshopify.com,The HB Baker,Custom Order- Kelsey Anderson,17000,17000,1,,custom; personaliz,,https://thehbbaker.com/products/custom-order-kelsey-anderson?variant=41092367220872&_gsid=nKXTmQXgbSrN&utm_source=shopify&utm_medium=catalog
personalization,cookies_custom,custom cookies with names,bluesheepbakeshop.myshopify.com,Blue Sheep Bake Shop,Printed Cookies  - $5.95,595,595,1,,custom; personaliz,,https://bluesheepbakeshop.com/products/printed-cookies-4-95?variant=40084369866799&_gsid=nKXTmQXgbSrN&utm_source=shopify&utm_medium=catalog
personalization,cookies_custom,custom cookies with names,sullivanbleeker.myshopify.com,Sullivan & Bleeker Baking Co.,Custom Logo Single Cookie: Branded Nut-Free Corporate Gift,450,450,1,,custom; personaliz,nut-free,https://sullivanbleeker.com/products/custom-logo-single-cookie-corporate-giveaway?variant=50846280810784&_gsid=nKXTmQXgbSrN&utm_source=shopify&utm_medium=catalog
personalization,cookies_custom,custom cookies with names,lauries-red-pantry.myshopify.com,23sweets,"JESSICA CUSTOM COOKIE ORDER , 1 dozen custom cookies",5500,5500,1,,custom,,https://23sweets.com/products/jessica-custom-cookie-order-1-dozen-custom-cookies?variant=45872109813830&_gsid=nKXTmQXgbSrN&utm_source=shopify&utm_medium=catalog
personalization,cookies_custom,custom cookies with names,y7vnft-f9.myshopify.com,Beau Biscuit,Sur mesure - Biscuits X 12,6500,6500,1,,personaliz,,https://www.beaubiscuit.ca/products/food-and-beverage-example-product-3?variant=47296364511477&_gsid=nKXTmQXgbSrN&utm_source=shopify&utm_medium=catalog
personalization,cookies_custom,custom cookies with names,sos-sucre.myshopify.com,SOS Sucre,Biscuits Thématiques,6600,6600,1,Quantité,personaliz,,https://www.sossucre.ca/products/biscuits-thematiques?variant=44532485554391&_gsid=nKXTmQXgbSrN&utm_source=shopify&utm_medium=catalog
personalization,cookies_custom,custom cookies with names,sweetflour-bakeshop.myshopify.com,Sweet Flour Bake Shop,Happy Birthday Sugar Cookies,600,600,1,Choose the packaging,custom,,https://www.sweetflour.ca/products/happy-birthday-sugar-cookies?variant=42685443801329&_gsid=nKXTmQXgbSrN&utm_source=shopify&utm_medium=catalog
personalization,cookies_custom,custom cookies with names,sugary-bites.myshopify.com,Sugary Bites,Custom Order,17098,17098,1,,custom; personaliz,,https://www.sugarybites.com/products/custom-order?variant=47875595993266&_gsid=nKXTmQXgbSrN&utm_source=shopify&utm_medium=catalog
personalization,cookies_custom,custom cookies with names,lauries-red-pantry.myshopify.com,23sweets,MARIA: Custom order just for you,31000,31000,1,Flavour,custom,,https://23sweets.com/products/custom-order-just-for-you?variant=42293165981766&_gsid=nKXTmQXgbSrN&utm_source=shopify&utm_medium=catalog
personalization,cookies_custom,custom cookies with names,passion-for-desserts.myshopify.com,Passion for Desserts,Logo Cookies,350,350,1,Size,custom,,https://passionfordesserts.com/products/logo-cookies?variant=40218714898565&_gsid=nKXTmQXgbSrN&utm_source=shopify&utm_medium=catalog
personalization,cookies_custom,custom cookies with names,kscrqm-1w.myshopify.com,Cookista,Cookie Favors,125,125,1,Packaging,custom,,https://cookista.ca/products/cookie-favors?variant=53100436226347&_gsid=nKXTmQXgbSrN&utm_source=shopify&utm_medium=catalog
personalization,cookies_custom,custom cookies with names,a0qrkj-ex.myshopify.com,Cookies By Design - Canada,Confetti and Candles Primary,6999,6999,1,,custom,,https://cookiesbydesign.ca/products/confetti-and-candles-primary?variant=49939121602848&_gsid=nKXTmQXgbSrN&utm_source=shopify&utm_medium=catalog
personalization,cookies_custom,custom cookies with names,shopatmint.myshopify.com,SEND JOY,BOY RABBIT AND CUSTOM NAME RABBIT -- PRE ORDER,1700,1700,1,,custom; personaliz,,https://www.sendjoygiftboxes.com/products/girl-rabbit-and-custom-name-rabbit-pre-order-copy?variant=47667029508341&_gsid=nKXTmQXgbSrN&utm_source=shopify&utm_medium=catalog
personalization,cookies_custom,custom cookies with names,sweetyummy.myshopify.com,Sweet Yummy,🐰 Personalized Bunny,850,850,1,Style,personaliz; custom,,https://sweetyummycookies.com/products/%F0%9F%90%B0-personalized-bunny?variant=52506691567638&_gsid=nKXTmQXgbSrN&utm_source=shopify&utm_medium=catalog
personalization,cookies_custom,custom cookies with names,sahara-tea.myshopify.com,Robyn's Cookies & Co,XL Personalized Cookie,4500,4500,1,,personaliz; custom,,https://robynscookies.com/products/xl-birthday-cookie-2?variant=47444433404185&_gsid=nKXTmQXgbSrN&utm_source=shopify&utm_medium=catalog
personalization,cookies_custom,custom cookies with names,dua5pi-7e.myshopify.com,Crown Cookies,Custom Gift Box 6 Cookies,5000,5000,1,,custom; personaliz,,https://crowncookies.ca/products/custom-gift-box-6-cookies?variant=49858564686101&_gsid=nKXTmQXgbSrN&utm_source=shopify&utm_medium=catalog
personalization,cookies_custom,custom cookies with names,sullivanbleeker.myshopify.com,Sullivan & Bleeker Baking Co.,Personalized Shortbread Tub: Custom Nut-Free Gift,2550,2550,1,Flavour,personaliz; custom,nut-free,https://sullivanbleeker.com/products/personalized-shortbread-tub-custom-nut-free-gift?variant=51076085645600&_gsid=nKXTmQXgbSrN&utm_source=shopify&utm_medium=catalog
personalization,cookies_custom,custom cookies with names,yu7h1s-dm.myshopify.com,LavishBakes,Mix & Match Box,1899,1899,1,Mix & match box sizes?,custom,,https://lavishbakes.ca/products/mix-match-box?variant=51287383900444&_gsid=nKXTmQXgbSrN&utm_source=shopify&utm_medium=catalog
personalization,cookies_custom,custom cookies with names,terriffetti-cookie-co.myshopify.com,The Confectionist,Custom Cookies | Complex Design (per dozen),8500,8500,1,,custom,,https://theconfectionist.ca/products/custom-cookies-complex-design?variant=37924427694273&_gsid=nKXTmQXgbSrN&utm_source=shopify&utm_medium=catalog
personalization,cookies_custom,custom cookies with names,shopatmint.myshopify.com,SEND JOY,GIRL RABBIT AND CUSTOM NAME RABBIT -- PRE ORDER,1700,1700,1,,custom; personaliz,,https://www.sendjoygiftboxes.com/products/single-rabbit-with-name-pre-order-copy?variant=47667025379573&_gsid=nKXTmQXgbSrN&utm_source=shopify&utm_medium=catalog
personalization,cookies_custom,custom cookies with names,961258-2.myshopify.com,Cookie Canvas MTL,Hand Decorated Sugar Cookies,1275,1275,1,Base; Style,,,https://cookiecanvas.ca/products/montreals-custom-sugar-cookies?variant=49559540367680&_gsid=nKXTmQXgbSrN&utm_source=shopify&utm_medium=catalog
personalization,cookies_custom,custom cookies with names,moonflourbakehouse-2.myshopify.com,Moonflour Bakehouse,Custom Cookies (Regular Size),6500,6500,1,Do your designs include piped flowers?*; Number of cookies *; Number of cookie designs (applies to entire order)*,custom,,https://moonflourbakehouse.ca/products/custom-cookies?variant=43641714999495&_gsid=nKXTmQXgbSrN&utm_source=shopify&utm_medium=catalog
personalization,cookies_custom,custom cookies with names,a0qrkj-ex.myshopify.com,Cookies By Design - Canada,Speedy Recovery,6999,6999,1,,,,https://cookiesbydesign.ca/products/speedy-recovery?variant=49954809544992&_gsid=nKXTmQXgbSrN&utm_source=shopify&utm_medium=catalog
personalization,cookies_custom,custom cookies with names,country-cakes-bakes.myshopify.com,Country Cakes & Bakes,"3"" Frosted Sugar Cookies--Seasonal Colors,colors may vary from picture",1350,1350,1,Quantity; Package individually,custom; personaliz,,https://www.countrycakesandbakes.com/products/3-frosted-sugar-cookies-seasonal-colors-1?variant=43062092071076&_gsid=nKXTmQXgbSrN&utm_source=shopify&utm_medium=catalog
personalization,coasters_engraved,engraved coaster,memories-made-custom.myshopify.com,Memories Made Custom,"Custom Engraved Cork Coasters | Personalized, Designed & Engraved in Canada",800,800,1,,custom; engrav; personaliz,,https://memoriesmade.ca/products/custom-engraved-cork-coasters-personalized-designed-engraved-in-canada?variant=44017906778246&_gsid=2SeBjv8AVThu&utm_source=shopify&utm_medium=catalog
personalization,coasters_engraved,engraved coaster,920qyc-91.myshopify.com,MVR Designs,Personalized Engraved Coaster Set,4000,4000,1,Set,personaliz; engrav; custom,,https://mvrdesigns.shop/products/personalized-engraved-coaster-set?variant=47342542913794&_gsid=2SeBjv8AVThu&utm_source=shopify&utm_medium=catalog
personalization,coasters_engraved,engraved coaster,created-for-me-canada.myshopify.com,Created For Me Laser Engraved Gifts & More,Live-Edge Coasters,4800,4800,1,Set size,custom; engrav,,https://createdforme.ca/products/live-edge-engraved-coasters-set-of-4?variant=42191231222008&_gsid=2SeBjv8AVThu&utm_source=shopify&utm_medium=catalog
personalization,coasters_engraved,engraved coaster,memories-made-custom.myshopify.com,Memories Made Custom,Personalized Engraved Wood Coasters | Custom Square or Round Wooden Coaster,1000,1000,1,,personaliz; engrav; custom,,https://memoriesmade.ca/products/personalized-engraved-wood-coasters-custom-square-or-round-wooden-coaster?variant=40451941564550&_gsid=2SeBjv8AVThu&utm_source=shopify&utm_medium=catalog
personalization,coasters_engraved,engraved coaster,fnc-workshop.myshopify.com,FnC workshop,Custom Engraved Slate Coaster | Personalized Gift | Laser Engraved Drink Coaster,800,800,1,Options,custom; engrav; personaliz,,https://fncgiftstore.ca/products/custom-engraved-slate-coaster-personalized-gift-laser-engraved-drink-coaster?variant=62803954499743&_gsid=2SeBjv8AVThu&utm_source=shopify&utm_medium=catalog
personalization,coasters_engraved,engraved coaster,dcrbqg-uq.myshopify.com,Sage Leaf Creations,Custom Engraved Coaster,1199,1199,1,Shape,custom; engrav; personaliz,,https://sageleaf.ca/products/coasters?variant=47824234872983&_gsid=2SeBjv8AVThu&utm_source=shopify&utm_medium=catalog
personalization,coasters_engraved,engraved coaster,3f8741-2.myshopify.com,Eh!ch Engraving & Woodcraft,Personalised Laser Engraved Coaster,1195,1195,1,Single,personalis; engrav; custom,,https://ehch.ca/products/personalised-laser-engraved-coaster?variant=43444047413379&_gsid=2SeBjv8AVThu&utm_source=shopify&utm_medium=catalog
personalization,coasters_engraved,engraved coaster,shopinkpot.myshopify.com,Inkpot,Laser Engraved Personalized Coaster - Family Name,1055,1055,1,,engrav; personaliz; custom,,https://shopinkpot.com/products/custom-coasters-personalized-gift-99476?variant=39370635837594&_gsid=2SeBjv8AVThu&utm_source=shopify&utm_medium=catalog
personalization,coasters_engraved,engraved coaster,mcgpqm-hf.myshopify.com,Wild Touch Engraving,Personalized Engraved Slate Coasters – Set of 4,2999,2999,1,Shape,personaliz; engrav; custom,,https://www.wildtouchengraving.com/products/personalized-slate-coasters-set-of-4?variant=46978796650749&_gsid=2SeBjv8AVThu&utm_source=shopify&utm_medium=catalog
personalization,coasters_engraved,engraved coaster,7a89d6-41.myshopify.com,Things Engraved,Custom Photo/Text Square Coaster,699,699,1,,custom; personaliz,,https://thingsengraved.com/products/custom-photo-text-square-coaster?variant=49144213930295&_gsid=2SeBjv8AVThu&utm_source=shopify&utm_medium=catalog
personalization,coasters_engraved,engraved coaster,shopinkpot.myshopify.com,Inkpot,Laser Engraved Personalized Coaster - Custom Name,1055,1055,1,,engrav; personaliz; custom,,https://shopinkpot.com/products/custom-coasters-birthday-gift-gift-for-16269?variant=39370630234266&_gsid=2SeBjv8AVThu&utm_source=shopify&utm_medium=catalog
personalization,coasters_engraved,engraved coaster,shopinkpot.myshopify.com,Inkpot,Laser Engraved Personalized Coaster - Family Name,1055,1055,1,,engrav; personaliz; custom,,https://shopinkpot.com/products/custom-coasters-personalized-gift-00058?variant=39370635083930&_gsid=2SeBjv8AVThu&utm_source=shopify&utm_medium=catalog
personalization,coasters_engraved,engraved coaster,annas-flowers-ca.myshopify.com,"Anna's Garden, Home & Wellness",Nocturna Engraved Coasters Set of 4,3999,3999,1,,engrav,,https://shopannas.ca/products/nocturna-engraved-coasters-set-of-4?variant=43196252258440&_gsid=2SeBjv8AVThu&utm_source=shopify&utm_medium=catalog
personalization,coasters_engraved,engraved coaster,shopinkpot.myshopify.com,Inkpot,Laser Engraved Personalized Coaster - Family Name,1055,1055,1,,engrav; personaliz; custom,,https://shopinkpot.com/products/custom-coasters-personalized-gift-70109?variant=39370634264730&_gsid=2SeBjv8AVThu&utm_source=shopify&utm_medium=catalog
personalization,coasters_engraved,engraved coaster,bleucieldesigns.myshopify.com,Bleu Ciel Designs,Engraved Coasters Set,8500,8500,1,Wood type,engrav; personaliz,,https://bleucieldesigns.com/products/engraved-coasters-set?variant=43573686239445&_gsid=2SeBjv8AVThu&utm_source=shopify&utm_medium=catalog
personalization,coasters_engraved,engraved coaster,shopinkpot.myshopify.com,Inkpot,Laser Engraved Personalized Coaster - Custom Text,899,899,1,,engrav; personaliz; custom,,https://shopinkpot.com/products/custom-text-coasters-birthday-gift-for-16957?variant=39370629939354&_gsid=2SeBjv8AVThu&utm_source=shopify&utm_medium=catalog
personalization,coasters_engraved,engraved coaster,shopinkpot.myshopify.com,Inkpot,Laser Engraved Personalized Coaster - Family Name,1055,1055,1,,engrav; personaliz; custom,,https://shopinkpot.com/products/custom-coasters-personalized-gift-00554?variant=39370634756250&_gsid=2SeBjv8AVThu&utm_source=shopify&utm_medium=catalog
personalization,coasters_engraved,engraved coaster,ugezc0-rk.myshopify.com,Etched Gifts Ltd.,Square Rock Coaster (1pcs),2299,2299,1,,personaliz; engrav,,https://etchedgifts.ca/products/mothers-day-square-rock-coaster-1pcs-copy?variant=44978319327302&_gsid=2SeBjv8AVThu&utm_source=shopify&utm_medium=catalog
personalization,coasters_engraved,engraved coaster,fnc-workshop.myshopify.com,FnC workshop,Engraved Coasters,5000,5000,1,Style,engrav,,https://fncgiftstore.ca/products/engraved-coasters?variant=42367530205343&_gsid=2SeBjv8AVThu&utm_source=shopify&utm_medium=catalog
personalization,coasters_engraved,engraved coaster,mcgpqm-hf.myshopify.com,Wild Touch Engraving,Personalized Engraved Wood Coasters – Set of 4,2500,2500,1,Shape,personaliz; engrav,,https://www.wildtouchengraving.com/products/engraved-wood-coasters-set-of-4?variant=47014753501437&_gsid=2SeBjv8AVThu&utm_source=shopify&utm_medium=catalog
personalization,coasters_engraved,engraved coaster,z51p5y-xw.myshopify.com,Elite Embellishments,Toronto Maple Leafs Slate Coaster | Engraved Hockey Stone Coaster,1464,1464,1,Quantity; Coaster shape,engrav,,https://eliteembellishments.ca/products/toronto-maple-leafs-slate-coaster?variant=47831503601890&_gsid=2SeBjv8AVThu&utm_source=shopify&utm_medium=catalog
personalization,coasters_engraved,engraved coaster,bestsurprisegifts-com.myshopify.com,GiftAFeeling,Custom Name Engraved Slate Coasters,1331,1331,1,Color; Quantity,custom; engrav; personaliz,,https://www.giftafeeling.com/products/custom-name-engraved-slate-coasters?variant=40297581674531&_gsid=2SeBjv8AVThu&utm_source=shopify&utm_medium=catalog
personalization,coasters_engraved,engraved coaster,z51p5y-xw.myshopify.com,Elite Embellishments,Personalized Monogram Slate Coaster | Custom Initial Gift,1464,1464,1,Quantity; Coaster shape,personaliz; monogram; custom; engrav,,https://eliteembellishments.ca/products/personalized-monogram-slate-coaster?variant=47845942034658&_gsid=2SeBjv8AVThu&utm_source=shopify&utm_medium=catalog
personalization,coasters_engraved,engraved coaster,jxuwfh-mn.myshopify.com,TNDS Laser Engraving,Custom Family Name Wooden Coasters – Laser Engraved Hardwood Set (Rustic Home Décor),3700,3700,1,,custom; engrav; personaliz,,https://tnds-laser-engraving.myshopify.com/products/custom-family-name-wooden-coasters-laser-engraved-hardwood-set-rustic-home-decor?variant=52827704197429&_gsid=2SeBjv8AVThu&utm_source=shopify&utm_medium=catalog
personalization,coasters_engraved,engraved coaster,z51p5y-xw.myshopify.com,Elite Embellishments,Toronto Blue Jays Coaster – Engraved Slate Stone | Baseball Fan Gift,1464,1464,1,Quantity; Coaster shape,engrav,,https://eliteembellishments.ca/products/toronto-blue-jays-slate-coaster?variant=47831480074466&_gsid=2SeBjv8AVThu&utm_source=shopify&utm_medium=catalog
personalization,coasters_engraved,engraved coaster,2dfd13-3e.myshopify.com,Lasers and Wood Custom Creations,Tragically Hip - Written Coaster,1000,1000,1,,engrav,,https://lasersandwood.ca/products/tragically-hip-written-coaster?variant=44254874927259&_gsid=2SeBjv8AVThu&utm_source=shopify&utm_medium=catalog
personalization,coasters_engraved,engraved coaster,7a89d6-41.myshopify.com,Things Engraved,Marble Coaster with Custom Engraving Set of 4,3799,3799,1,,custom; engrav,,https://thingsengraved.com/products/marble-coaster-with-custom-engraving?variant=49144210784567&_gsid=2SeBjv8AVThu&utm_source=shopify&utm_medium=catalog
personalization,coasters_engraved,engraved coaster,beervin.myshopify.com,V&A CRAFT,"""Drinks Are on Me"" Custom Laser Engraved Coasters – Cork, Wood & Slate Stone",699,699,1,Holder; Material; Quantity,custom; engrav; personaliz,,https://winecraftstore.ca/products/drinks-are-on-me-laser-engraved-coasters-cork-wood-slate-stone-drink-coasters-individual-set-of-4-or-set-of-5-with-holder?variant=51507708690747&_gsid=2SeBjv8AVThu&utm_source=shopify&utm_medium=catalog
personalization,coasters_engraved,engraved coaster,mcgpqm-hf.myshopify.com,Wild Touch Engraving,Personalized Engraved Cork Coasters – Set of 4,1600,1600,1,Shape,personaliz; engrav; custom,,https://www.wildtouchengraving.com/products/engraved-cork-coasters-set-of-4?variant=47014707396861&_gsid=2SeBjv8AVThu&utm_source=shopify&utm_medium=catalog
personalization,coasters_engraved,engraved coaster,evolsoul.myshopify.com,EvolSoul,Personlized Monogram Engraved Wooden Coaster Set of 4,2500,2500,1,,monogram; engrav; custom; initials; personaliz,,https://www.evolsoul.com/products/personlized-monogram-engraved-wooden-coaster-set-of-4?variant=40577032061112&_gsid=2SeBjv8AVThu&utm_source=shopify&utm_medium=catalog
personalization,coasters_engraved,engraved coaster,ssif-virtual-marketplace.myshopify.com,VIRTUAL MARKETPLACE,Wood Engraved Coasters by Vicky the Real Artist,2000,2000,1,,engrav,,https://ssif-virtual-marketplace.myshopify.com/products/wood-engraved-coasters-by-vicky-the-real-artist?variant=42557351067748&_gsid=2SeBjv8AVThu&utm_source=shopify&utm_medium=catalog
personalization,coasters_engraved,engraved coaster,blue-sky-inspired.myshopify.com,Blue Sky Inspired,Solid Wood Engraved Coasters,1000,1000,1,Style,engrav; custom,,https://www.blueskyinspired.ca/products/solid-wood-engraved-coasters?variant=44786903777557&_gsid=2SeBjv8AVThu&utm_source=shopify&utm_medium=catalog
personalization,coasters_engraved,engraved coaster,at-the-lake-distributing-inc.myshopify.com,Shop The Lake,Set of 4 Entwine Engraved Coasters,3550,3550,1,,engrav,,https://shopthelake.ca/products/entwine-engraved-coasters-set-of-4?variant=48764654354714&_gsid=2SeBjv8AVThu&utm_source=shopify&utm_medium=catalog
personalization,coasters_engraved,engraved coaster,creations-by-alfie.myshopify.com,Creations by Alfie,Personalized Marble Coaster Set with Holder | Laser Engraved,5200,5200,1,,personaliz; engrav,,https://creationsbyalfie.ca/products/wood-marble-coaster-set-with-holder-engraved?variant=52461314965685&_gsid=2SeBjv8AVThu&utm_source=shopify&utm_medium=catalog
personalization,coasters_engraved,engraved coaster,simply-gifted-burlington.myshopify.com,Simply Gifted ,Crawford Custom Engraving - Taylor Swift Albums Acrylic- Evermore,1200,1200,1,,custom; engrav,,https://simplygifted.ca/products/crawford-custom-engraving-taylor-swift-albums-acrylic-coaster-set-gifts-for-swifties-evermore?variant=47734116450617&_gsid=2SeBjv8AVThu&utm_source=shopify&utm_medium=catalog
personalization,coasters_engraved,engraved coaster,z51p5y-xw.myshopify.com,Elite Embellishments,Toronto Raptors Slate Coaster | Engraved Basketball Stone Coaster,1464,1464,1,Quantity; Coaster shape,engrav,,https://eliteembellishments.ca/products/engraved-basketball-slate-coaster?variant=47831515562210&_gsid=2SeBjv8AVThu&utm_source=shopify&utm_medium=catalog
personalization,coasters_engraved,engraved coaster,limolin.myshopify.com,LIMOLIN,Danica Studio - Teppi Engraved Coasters Set of 4,4000,4000,1,,engrav,,https://www.limolin.com/products/danica-studio-coaster-set-4-teppi?variant=48902442123491&_gsid=2SeBjv8AVThu&utm_source=shopify&utm_medium=catalog
personalization,coasters_engraved,engraved coaster,2dfd13-3e.myshopify.com,Lasers and Wood Custom Creations,Customized Coasters,1000,1000,1,,custom; personaliz; engrav,,https://lasersandwood.ca/products/customized-coasters?variant=47585674657947&_gsid=2SeBjv8AVThu&utm_source=shopify&utm_medium=catalog
personalization,coasters_engraved,engraved coaster,silver-lotus-winnipeg.myshopify.com,Silver Lotus Winnipeg,Engraved Coaster Set,3800,3800,1,Style,engrav,,https://silverlotus.co/products/engraved-coaster-set?variant=41485251870857&_gsid=2SeBjv8AVThu&utm_source=shopify&utm_medium=catalog
personalization,coasters_engraved,engraved coaster,precious-memories-co.myshopify.com,Precious Memories Co,"Custom State Coasters, Acrylic Coasters, Custom Engraved Coasters, Housewarming Gift, Gift for Newly Weds, Wedding, Unique Gift, Family Gift",2800,2800,1,Quantity in set,custom; engrav; personaliz,,https://preciousmemoriesco.ca/products/custom-state-coasters-acrylic-coasters-custom-engraved-coasters-housewarming-gift-gift-for-newly-weds-wedding-unique-gift-family-gift?variant=44110717583533&_gsid=2SeBjv8AVThu&utm_source=shopify&utm_medium=catalog
personalization,coasters_engraved,engraved coaster,v58kqg-3t.myshopify.com,ScentDrop Canada,Custom Laser Engraved Coasters – Personalized Wood & Slate Coasters,2800,2800,1,Material type; Quantity,custom; engrav; personaliz,,https://scentdrop.ca/products/custom-laser-engraved-coasters?variant=51509857616004&_gsid=2SeBjv8AVThu&utm_source=shopify&utm_medium=catalog
personalization,coasters_engraved,engraved coaster,jxuwfh-mn.myshopify.com,TNDS Laser Engraving,American Flag & Battlefield Cross Slate Coaster Set – Laser Engraved Patriotic Military Memorial Coasters,4500,4500,1,,engrav,,https://tnds-laser-engraving.myshopify.com/products/american-flag-battlefield-cross-slate-coaster-set-laser-engraved-patriotic-military-memorial-coasters?variant=52827704557877&_gsid=2SeBjv8AVThu&utm_source=shopify&utm_medium=catalog
personalization,coasters_engraved,engraved coaster,prettycleanshop.myshopify.com,Pretty Clean Shop,Acacia Engraved Coasters Set of 4 - Timber,2700,2700,1,,engrav,,https://www.prettycleanshop.com/products/wooden-engraved-coasters-set-of-4-timber?variant=44102495600874&_gsid=2SeBjv8AVThu&utm_source=shopify&utm_medium=catalog
personalization,coasters_engraved,engraved coaster,house-of-himwitsa.myshopify.com,House Of Himwitsa,Assorted Engraved Coasters,1095,1095,1,Motif,engrav,,https://himwitsa.com/products/assorted-engraved-coasters?variant=46364058484984&_gsid=2SeBjv8AVThu&utm_source=shopify&utm_medium=catalog
personalization,coasters_engraved,engraved coaster,joto-imaging-supplies-canada.myshopify.com,Joto Imaging Supplies Canada,Engravable Marble Wood Coasters - Pack of 4,1500,1500,1,Shape,engrav; custom,,https://jotoimagingsupplies.ca/products/engravable-marble-wood-coasters-pack-of-4?variant=42714209124532&_gsid=2SeBjv8AVThu&utm_source=shopify&utm_medium=catalog
personalization,coasters_engraved,engraved coaster,delaine-designs.myshopify.com,Delaine Designs,Engraved Slate Coasters,3000,3000,1,Style; Quantity,engrav; custom; personaliz,,https://delainedesigns.com/products/slate-coasters?variant=40173207584952&_gsid=2SeBjv8AVThu&utm_source=shopify&utm_medium=catalog
personalization,coasters_engraved,engraved coaster,j99h9f-w3.myshopify.com,Dead On Customs,Custom Slate Coasters - Laser Engraved,3500,3500,1,Set size,custom; engrav; personaliz,,https://deadoncustoms.ca/products/custom-slate-coasters-laser-engraved?variant=45887661080772&_gsid=2SeBjv8AVThu&utm_source=shopify&utm_medium=catalog
personalization,coasters_engraved,engraved coaster,memories-made-custom.myshopify.com,Memories Made Custom,"Custom Engraved Slate Coasters | Personalized, Designed & Engraved in Canada",1000,1000,1,,custom; engrav; personaliz,,https://memoriesmade.ca/products/custom-engraved-slate-coasters-personalized-designed-engraved-in-canada?variant=33396992769&_gsid=2SeBjv8AVThu&utm_source=shopify&utm_medium=catalog
personalization,coasters_engraved,engraved coaster,sfgd9w-x0.myshopify.com,Flowerhint,"Sunflower Engraved Wood Coaster Set - Perfect Gift for Wedding, Engagement, Anniversary, or Christmas",2764,2764,1,,engrav,,https://www.flowerhint.com/products/sunflower-engraved-wood-coaster-set-perfect-gift-for-wedding-engagement-anniversary-or-christmas?variant=42733691732055&_gsid=2SeBjv8AVThu&utm_source=shopify&utm_medium=catalog
personalization,coasters_engraved,engraved coaster,gibbdaan.myshopify.com,Gibb & Daan,6 Wooden Coaster Set with Stand - Hand Engraved design - Housewarming Gift - Zebra/Stripe Pattern Coaster Set - Wedding Favors Coasters,3500,3500,1,Pattern,engrav,,https://www.gibbdaan.com/products/6-wooden-coaster-set-with-stand-hand-engraved-design-housewarming-gift-zebra-stripe-pattern-coaster-set-wedding-favors-coasters?variant=42497468530878&_gsid=2SeBjv8AVThu&utm_source=shopify&utm_medium=catalog
personalization,totes_monogram,monogrammed tote bag,lxry-fashion-rwipqr0a.myshopify.com,LXRY +,Gucci Leather-Trimmed Monogrammed Coated Tote Bag – Green,208500,208500,1,,monogram,,https://lxrywear.com/products/gucci-leather-trimmed-monogrammed-coated-tote-bag-green?variant=49130044260608&_gsid=53nzpxJxnwWU&utm_source=shopify&utm_medium=catalog
personalization,totes_monogram,monogrammed tote bag,shop-bentley.myshopify.com,Shop Bentley,Tracker Verona Tote Bag,4799,4799,1,Color,,,https://www.shopbentley.com/products/verona-tote-bag?variant=43884494716951&_gsid=53nzpxJxnwWU&utm_source=shopify&utm_medium=catalog
personalization,totes_monogram,monogrammed tote bag,poshbagboutique.myshopify.com,Poshbag Boutique,Carry It Monogram Canvas Tote Bag,210000,210000,1,,monogram,,https://www.poshbagboutique.com/products/carry-it-monogram-canvas-tote-bag-copy?variant=53543027900730&_gsid=53nzpxJxnwWU&utm_source=shopify&utm_medium=catalog
personalization,totes_monogram,monogrammed tote bag,mine-yours-co.myshopify.com,Mine & Yours,Louis Vuitton Cream Monogram Empreinte Leather OnTheGo GM Tote,325000,325000,1,,monogram,,https://www.mineandyours.com/products/louis-vuitton-cream-monogram-empreinte-leather-onthego-gm-tote-my208991?variant=43911222296689&_gsid=53nzpxJxnwWU&utm_source=shopify&utm_medium=catalog
personalization,totes_monogram,monogrammed tote bag,lxry-fashion-rwipqr0a.myshopify.com,LXRY +,Louis Vuitton Empreinte Monogram Giant Broderies OnTheGo MM Tote Bag - Light Brown,458800,458800,1,,monogram,,https://lxrywear.com/products/louis-vuitton-empreinte-monogram-giant-broderies-onthego-mm-tote-bag-light-brown?variant=49129709830400&_gsid=53nzpxJxnwWU&utm_source=shopify&utm_medium=catalog
personalization,totes_monogram,monogrammed tote bag,7bc33e-e9.myshopify.com,Ibiza One Stop,Custom Monogram Tote Handmade in Maine from Recycled Sails,22000,22000,1,,custom; monogram; personaliz,,https://ibizaonestop.com/products/custom-monogram-tote-handmade-in-maine-from-recycled-sails?variant=54022655181143&_gsid=53nzpxJxnwWU&utm_source=shopify&utm_medium=catalog
personalization,totes_monogram,monogrammed tote bag,mine-yours-co.myshopify.com,Mine & Yours,Goyard Black/Brown Coated Canvas Goyardine St. Louis PM Tote Bag with Pouch,209500,209500,1,,,,https://www.mineandyours.com/products/goyard-blackbrown-coated-canvas-goyardine-st-louis-pm-tote-bag-wpouch-my208064-c?variant=43753144680561&_gsid=53nzpxJxnwWU&utm_source=shopify&utm_medium=catalog
personalization,totes_monogram,monogrammed tote bag,harlow-baby-boutique-official-website.myshopify.com,Harlow Boutique Official Online Store,Monogrammed Tote Bag,2195,2195,1,,monogram,,https://harlowboutique.ca/products/tote-bag-109?variant=44834492743867&_gsid=53nzpxJxnwWU&utm_source=shopify&utm_medium=catalog
personalization,totes_monogram,monogrammed tote bag,barrys-jewellers.myshopify.com,Barry's Jewellers,Carry It Monogram Canvas Tote Bag,210000,210000,1,,monogram,,https://barrysjewellers.com/products/carry-it-monogram-canvas-tote-bag?variant=53459498467635&_gsid=53nzpxJxnwWU&utm_source=shopify&utm_medium=catalog
personalization,totes_monogram,monogrammed tote bag,7bc33e-e9.myshopify.com,Ibiza One Stop,Custom Monogram Rose Gold-on-Navy Mariner Stripe Large Tote Handmade in Maine from Recycled Sails,22000,22000,1,,custom; monogram; initials; personaliz,,https://ibizaonestop.com/products/custom-monogram-rose-gold-on-navy-mariner-stripe-large-tote-handmade-in-maine-from-recycled-sails?variant=54022633718103&_gsid=53nzpxJxnwWU&utm_source=shopify&utm_medium=catalog
personalization,totes_monogram,monogrammed tote bag,mine-yours-co.myshopify.com,Mine & Yours,Goyard Grey Goyardine Artois Tote MM,375000,375000,1,,monogram,,https://www.mineandyours.com/products/goyard-grey-goyardine-artois-tote-mm-my197739-c?variant=43238791282801&_gsid=53nzpxJxnwWU&utm_source=shopify&utm_medium=catalog
personalization,totes_monogram,monogrammed tote bag,519503-4.myshopify.com,Modaselle,Louis Vuitton Reverse Monogram Giant Onthego GM,299500,299500,1,Condition; Color,monogram,,https://modaselle.com/products/louis-vuitton-reverse-monogram-giant-onthego-gm-ha11825?variant=53866756145516&_gsid=53nzpxJxnwWU&utm_source=shopify&utm_medium=catalog
personalization,totes_monogram,monogrammed tote bag,once-more-luxury.myshopify.com,Once More Luxury,Louis Vuitton Monogram Neverfull GM with Pouch,215000,215000,1,,monogram,,https://oncemoreluxury.com/products/louis-vuitton-monogram-neverfull-gm-with-pouch?variant=53365441102138&_gsid=53nzpxJxnwWU&utm_source=shopify&utm_medium=catalog
personalization,totes_monogram,monogrammed tote bag,jd44y5-1s.myshopify.com,DEZZINER,Louis Vuitton Empreinte Monogram Giant Broderies OnTheGo MM Tote Bag - White,528400,528400,1,,monogram,,https://dezziner.com/products/louis-vuitton-empreinte-monogram-giant-broderies-onthego-mm-tote-bag-white?variant=42638526644302&_gsid=53nzpxJxnwWU&utm_source=shopify&utm_medium=catalog
personalization,totes_monogram,monogrammed tote bag,momentum-clothing-2.myshopify.com,Momentum Clothing,POTR MONOGRAM TOTE BAG - BLACK,38150,38150,1,,monogram,,https://momentumshop.ca/products/potr-monogram-tote-bag-black?variant=42413227442362&_gsid=53nzpxJxnwWU&utm_source=shopify&utm_medium=catalog
personalization,totes_monogram,monogrammed tote bag,7bc33e-e9.myshopify.com,Ibiza One Stop,Gucci GG Monogram with Web Stripe Tote Bag — Beige,262249,262249,1,,monogram,,https://ibizaonestop.com/products/gucci-gg-monogram-with-web-stripe-tote-bag-beige?variant=54170259849559&_gsid=53nzpxJxnwWU&utm_source=shopify&utm_medium=catalog
personalization,totes_monogram,monogrammed tote bag,jd44y5-1s.myshopify.com,DEZZINER,Louis Vuitton Empreinte Monogram Giant Neverfull MM Tote Bag - Cognac,319800,319800,1,,monogram,,https://dezziner.com/products/louis-vuitton-empreinte-monogram-giant-neverfull-mm-tote-bag-cognac?variant=42637226147918&_gsid=53nzpxJxnwWU&utm_source=shopify&utm_medium=catalog
personalization,totes_monogram,monogrammed tote bag,n15smk-ut.myshopify.com,Purseonal Shopper,Louis Vuitton Monogram Pallas Cherry Pre-Owned,182800,182800,1,,monogram,,https://purseonalshopper.com/products/louis-vuitton-monogram-pallas-cherry-pre-owned?variant=53615289303316&_gsid=53nzpxJxnwWU&utm_source=shopify&utm_medium=catalog
personalization,totes_monogram,monogrammed tote bag,jd44y5-1s.myshopify.com,DEZZINER,Louis Vuitton Empreinte Monogram Giant Broderies OnTheGo MM Tote Bag - Light Brown,458800,458800,1,,monogram,,https://dezziner.com/products/louis-vuitton-empreinte-monogram-giant-broderies-onthego-mm-tote-bag-light-brown?variant=42638525431886&_gsid=53nzpxJxnwWU&utm_source=shopify&utm_medium=catalog
personalization,totes_monogram,monogrammed tote bag,7bc33e-e9.myshopify.com,Ibiza One Stop,Jimmy Choo Monogrammed Leather Tote Bag — Brown,75361,75361,1,,monogram,,https://ibizaonestop.com/products/jimmy-choo-monogrammed-leather-tote-bag-brown?variant=54164496548183&_gsid=53nzpxJxnwWU&utm_source=shopify&utm_medium=catalog
personalization,totes_monogram,monogrammed tote bag,barrys-jewellers.myshopify.com,Barry's Jewellers,Monogram Sac Shopper Tote,138000,138000,1,,monogram,,https://barrysjewellers.com/products/monogram-sac-shopper-tote?variant=53459480084787&_gsid=53nzpxJxnwWU&utm_source=shopify&utm_medium=catalog
personalization,totes_monogram,monogrammed tote bag,lxry-fashion-rwipqr0a.myshopify.com,LXRY +,Louis Vuitton Monogram Jacquard Denim OnTheGo MM Tote Bag - Black,375400,375400,1,,monogram,,https://lxrywear.com/products/louis-vuitton-monogram-jacquard-denim-onthego-mm-tote-bag-black?variant=49129703801088&_gsid=53nzpxJxnwWU&utm_source=shopify&utm_medium=catalog
personalization,totes_monogram,monogrammed tote bag,7bc33e-e9.myshopify.com,Ibiza One Stop,Coach Signature Monogram Calf Leather Tote Bag — Gray,40629,40629,1,,monogram,,https://ibizaonestop.com/products/coach-signature-monogram-calf-leather-tote-bag-gray?variant=54142814683479&_gsid=53nzpxJxnwWU&utm_source=shopify&utm_medium=catalog
personalization,totes_monogram,monogrammed tote bag,lxry-fashion-rwipqr0a.myshopify.com,LXRY +,Louis Vuitton Empreinte Monogram Giant Neverfull MM Tote Bag - Black,333700,333700,1,,monogram,,https://lxrywear.com/products/louis-vuitton-empreinte-monogram-giant-neverfull-mm-tote-bag-black?variant=49129707241728&_gsid=53nzpxJxnwWU&utm_source=shopify&utm_medium=catalog
personalization,totes_monogram,monogrammed tote bag,015898.myshopify.com,Sourcery,Louis Vuitton OnTheGo Monogram Empreinte Leather PM Tote Bag,420000,420000,1,,monogram,,https://www.sourceryvan.com/products/louis-vuitton-onthego-monogram-empreinte-leather-pm-tote-bag?variant=50963200213301&_gsid=53nzpxJxnwWU&utm_source=shopify&utm_medium=catalog
personalization,totes_monogram,monogrammed tote bag,barrys-jewellers.myshopify.com,Barry's Jewellers,Bree Small Monogram Canvas Tote Bag,95000,95000,1,,monogram,,https://barrysjewellers.com/products/bree-small-monogram-canvas-tote-bag?variant=53459322405171&_gsid=53nzpxJxnwWU&utm_source=shopify&utm_medium=catalog
personalization,totes_monogram,monogrammed tote bag,poshbagboutique.myshopify.com,Poshbag Boutique,Neverfull GM Monogram Canvas Bag with Pouch,255000,255000,1,,monogram,,https://www.poshbagboutique.com/products/louis-vuitton-oc3593?variant=53411497869626&_gsid=53nzpxJxnwWU&utm_source=shopify&utm_medium=catalog
personalization,totes_monogram,monogrammed tote bag,sabrinascloset.myshopify.com,Sabrina's Closet,Monogram OnTheGo GM Tote,330000,330000,1,Condition,monogram,,https://sabrinascloset.com/products/monogram-onthego-gm-tote-louis-vuitton?variant=52564799717688&_gsid=53nzpxJxnwWU&utm_source=shopify&utm_medium=catalog
personalization,totes_monogram,monogrammed tote bag,luxury-finds-consignment.myshopify.com,LFC Ltd,Louis Vuitton Two Tone Brown Monogram Canvas OnTheGo GM Tote,299500,299500,1,,monogram,,https://www.luxuryfindsconsignment.com/products/louis-vuitton-two-tone-brown-monogram-canvas-onthego-gm-tote?variant=48709519933657&_gsid=53nzpxJxnwWU&utm_source=shopify&utm_medium=catalog
personalization,totes_monogram,monogrammed tote bag,once-more-luxury.myshopify.com,Once More Luxury,Louis Vuitton Monogram Canvas Carry It Tote,158000,158000,1,,monogram,,https://oncemoreluxury.com/products/louis-vuitton-monogram-canvas-carry-it-tote?variant=52927821087034&_gsid=53nzpxJxnwWU&utm_source=shopify&utm_medium=catalog
personalization,totes_monogram,monogrammed tote bag,pft110-wn.myshopify.com,LUXOVA,OBLIQUE BOOK TOTE 26 IN DARK BLUE MONOGRAM JACQUARD,29300,29300,1,,monogram,,https://luxovafashion.com/products/oblique-book-tote-26-in-dark-blue-monogram-jacquard?variant=45917184950457&_gsid=53nzpxJxnwWU&utm_source=shopify&utm_medium=catalog
personalization,totes_monogram,monogrammed tote bag,lux-second-chances.myshopify.com,Lux Second Chance,"Louis Vuitton OnTheGo GM - ""Wild At Heart"" Monogram Tote Bag | Gold Hardware",442000,442000,1,,monogram,,https://luxsecondchance.com/products/louis-vuitton-onthego-gm-wild-at-heart-monogram-tote-bag-gold-hardware?variant=52473361727719&_gsid=53nzpxJxnwWU&utm_source=shopify&utm_medium=catalog
personalization,totes_monogram,monogrammed tote bag,harlow-baby-boutique-official-website.myshopify.com,Harlow Boutique Official Online Store,Monogrammed Tote Bag,2195,2195,1,,monogram; custom,,https://harlowboutique.ca/products/monogrammed-tote-bag?variant=44834495201467&_gsid=53nzpxJxnwWU&utm_source=shopify&utm_medium=catalog
personalization,totes_monogram,monogrammed tote bag,lxry-fashion-rwipqr0a.myshopify.com,LXRY +,Louis Vuitton Empreinte Monogram Giant Broderies OnTheGo MM Tote Bag - White,528400,528400,1,,monogram,,https://lxrywear.com/products/louis-vuitton-empreinte-monogram-giant-broderies-onthego-mm-tote-bag-white?variant=49129709928704&_gsid=53nzpxJxnwWU&utm_source=shopify&utm_medium=catalog
personalization,totes_monogram,monogrammed tote bag,7nxiks-zm.myshopify.com,LUXX GALLERY,Louis Vuitton Monogram Canvas Shopper Tote Bag MM – Brown,625700,625700,1,,monogram,,https://luxxgallery.com/products/louis-vuitton-monogram-canvas-shopper-tote-bag-mm-brown?variant=47824203939994&_gsid=53nzpxJxnwWU&utm_source=shopify&utm_medium=catalog
personalization,totes_monogram,monogrammed tote bag,poshbagboutique.myshopify.com,Poshbag Boutique,Monogram Neverfull MM Tote Bag with Pouch & Pivoine Interior,225000,225000,1,,monogram,,https://www.poshbagboutique.com/products/monogram-neverfull-mm-tote-bag-with-pouch-pivoine-interior?variant=53950663196986&_gsid=53nzpxJxnwWU&utm_source=shopify&utm_medium=catalog
personalization,totes_monogram,monogrammed tote bag,vsp-consignment.myshopify.com,VSP Consignment,Monogram Jacquard Tote Bag,149700,149700,1,,monogram,,https://vspconsignment.com/products/valentino-monogram-jacquard-tote-bag-1-47382-1?variant=45773396934847&_gsid=53nzpxJxnwWU&utm_source=shopify&utm_medium=catalog
personalization,totes_monogram,monogrammed tote bag,7bc33e-e9.myshopify.com,Ibiza One Stop,Guess Monogram Logo Tote Bag — Beige,18165,18165,1,,monogram,,https://ibizaonestop.com/products/guess-monogram-logo-tote-bag-beige?variant=54142924489047&_gsid=53nzpxJxnwWU&utm_source=shopify&utm_medium=catalog
personalization,totes_monogram,monogrammed tote bag,into-archive.myshopify.com,Into Archive,Louis Vuitton 2019 Monogram OnTheGo GM Tote,535000,535000,1,Color; Material,monogram,,https://into-archive.myshopify.com/products/louis-vuitton-2019-monogram-onthego-gm-tote-with-insert?variant=44184874385624&_gsid=53nzpxJxnwWU&utm_source=shopify&utm_medium=catalog
personalization,totes_monogram,monogrammed tote bag,1vrdx1-ta.myshopify.com,Krasceva,Classic Monogram Tote Bag with Adjustable Crossbody Strap,3999,3999,1,Color,monogram,,https://www.krasceva.ca/products/classic-monogram-tote-bag-with-adjustable-crossbody-strap?variant=47758943256834&_gsid=53nzpxJxnwWU&utm_source=shopify&utm_medium=catalog
personalization,totes_monogram,monogrammed tote bag,shop-f-y.myshopify.com,Fashionably Yours,MCM Monogram Tote,67500,67500,1,Color,monogram,,https://fashionablyyours.com/products/mcm-black-white-tote-handbags?variant=43054462402790&_gsid=53nzpxJxnwWU&utm_source=shopify&utm_medium=catalog
personalization,totes_monogram,monogrammed tote bag,lxry-fashion-rwipqr0a.myshopify.com,LXRY +,Louis Vuitton Empreinte Monogram Giant Neverfull MM Tote Bag - Cognac,319800,319800,1,,monogram,,https://lxrywear.com/products/louis-vuitton-empreinte-monogram-giant-neverfull-mm-tote-bag-cognac?variant=49129707208960&_gsid=53nzpxJxnwWU&utm_source=shopify&utm_medium=catalog
personalization,totes_monogram,monogrammed tote bag,once-more-luxury.myshopify.com,Once More Luxury,Louis Vuitton Monogram Flandrin Tote Bag,178000,178000,1,,monogram,,https://oncemoreluxury.com/products/louis-vuitton-monogram-flandrin-tote-bag-sr4168?variant=53464335089978&_gsid=53nzpxJxnwWU&utm_source=shopify&utm_medium=catalog
personalization,totes_monogram,monogrammed tote bag,jlux-luxury.myshopify.com,JLux Luxury,Louis Vuitton Monogram Popincourt Tote Bag,89500,89500,1,,monogram,,https://jluxluxury.com/products/louis-vuitton-monogram-popincourt-tote-bag?variant=51500392218939&_gsid=53nzpxJxnwWU&utm_source=shopify&utm_medium=catalog
personalization,totes_monogram,monogrammed tote bag,njdgy3-r1.myshopify.com,Petriavintage,Gucci GG Supreme Monogram Tote Bag With Web Strap Gray Black,225000,225000,1,Color,monogram,,https://petriavintage.com/products/gucci-gg-supreme-monogram-tote-bag-with-web-strap-gray-black-1?variant=52914733875567&_gsid=53nzpxJxnwWU&utm_source=shopify&utm_medium=catalog
personalization,totes_monogram,monogrammed tote bag,7bc33e-e9.myshopify.com,Ibiza One Stop,Guess Logo Monogram Tote Bag — Black,12089,12089,1,,monogram,,https://ibizaonestop.com/products/guess-logo-monogram-tote-bag-black?variant=54149321261399&_gsid=53nzpxJxnwWU&utm_source=shopify&utm_medium=catalog
personalization,totes_monogram,monogrammed tote bag,7bc33e-e9.myshopify.com,Ibiza One Stop,Gucci GG Monogram Canvas Tote Bag — Brown,216741,216741,1,,monogram,,https://ibizaonestop.com/products/gucci-gg-monogram-canvas-tote-bag-brown?variant=54145190068567&_gsid=53nzpxJxnwWU&utm_source=shopify&utm_medium=catalog
personalization,totes_monogram,monogrammed tote bag,7bc33e-e9.myshopify.com,Ibiza One Stop,Gucci GG Monogram Cotton Tote Bag — Brown,282324,282324,1,,monogram,,https://ibizaonestop.com/products/gucci-gg-monogram-cotton-tote-bag-brown?variant=54144931004759&_gsid=53nzpxJxnwWU&utm_source=shopify&utm_medium=catalog
personalization,totes_monogram,monogrammed tote bag,lxry-fashion-rwipqr0a.myshopify.com,LXRY +,Louis Vuitton Monogram Canvas Shopper Tote Bag MM – Brown,625700,625700,1,,monogram,,https://lxrywear.com/products/louis-vuitton-monogram-canvas-shopper-tote-bag-mm-brown?variant=49129906635008&_gsid=53nzpxJxnwWU&utm_source=shopify&utm_medium=catalog
personalization,totes_monogram,monogrammed tote bag,finerthingsvintage.myshopify.com,Finer Things Luxury Vintage,GUCCI Monogram Canvas Charm Tote Bag Beige,71000,71000,1,,monogram,,https://finerthingsluxe.com/products/gucci-monogram-canvas-charm-tote-bag-beige?variant=48107791122687&_gsid=53nzpxJxnwWU&utm_source=shopify&utm_medium=catalog
dietary,cookies_vegan,vegan cookie favors,crave-cupcakes-and-cake.myshopify.com,Crave Cupcakes,Vegan Confetti Cookie,400,400,1,,,vegan; dairy-free,https://www.cravecupcakes.ca/products/vegan-confetti-cookie?variant=39408040968227&_gsid=jcq5vTZWwYAg&utm_source=shopify&utm_medium=catalog
dietary,cookies_vegan,vegan cookie favors,sweetflour-bakeshop.myshopify.com,Sweet Flour Bake Shop,Vegan Signature Cookie Gift Box (6),3000,3000,1,,,vegan,https://www.sweetflour.ca/products/vegan-signature-cookie-gift-box-6?variant=43860117815537&_gsid=jcq5vTZWwYAg&utm_source=shopify&utm_medium=catalog
dietary,cookies_vegan,vegan cookie favors,peak-bakery.myshopify.com,Atome Bakery,Giant Vegan Walnut Chocolate Cookies (2-pack),1499,1499,1,,,vegan,https://atomebakery.com/products/pack-of-2-giant-vegan-cookie-walnut-chocolate?variant=45147857977527&_gsid=jcq5vTZWwYAg&utm_source=shopify&utm_medium=catalog
dietary,cookies_vegan,vegan cookie favors,sweetflour-bakeshop.myshopify.com,Sweet Flour Bake Shop,Vegan Chocolate Chunk Cookies,4500,4500,1,Select a quantity,,vegan,https://www.sweetflour.ca/products/1-dozen-vegan-chocolate-chunk-cookies?variant=43925223244017&_gsid=jcq5vTZWwYAg&utm_source=shopify&utm_medium=catalog
dietary,cookies_vegan,vegan cookie favors,vancouver-best-cookies.myshopify.com,Vancouver Best Cookies,Vegan Cookie Master Sampler,3699,3699,1,,,vegan,https://www.vancouverbestcookies.com/products/vegan-cookie-master-sampler?variant=39429567479896&_gsid=jcq5vTZWwYAg&utm_source=shopify&utm_medium=catalog
dietary,cookies_vegan,vegan cookie favors,craigs-cookies-development.myshopify.com,Craig's Cookies ,VEGAN CLASSIC CHOCOLATE CHIP,2400,2400,1,Number of cookies; Gift box,,vegan,https://craigscookies.com/products/vegan-classic-chocolate-chip?variant=43860915323043&_gsid=jcq5vTZWwYAg&utm_source=shopify&utm_medium=catalog
dietary,cookies_vegan,vegan cookie favors,sandrinepastry.myshopify.com,Sandrine French Pastry & Chocolate,Vegan Tiramisu Cookie,975,975,1,,,vegan,https://sandrinepastry.com/products/vegan-tiramisu-cookie?variant=44853397029037&_gsid=jcq5vTZWwYAg&utm_source=shopify&utm_medium=catalog
dietary,cookies_vegan,vegan cookie favors,origin-bakery.myshopify.com,Origin Bakery,"Vegan Chocolate Chip Cookie, pack/2",482,482,1,,,vegan; gluten,https://www.originbakery.com/products/vegan-chocolate-chip-cookie-pack-2?variant=35538781601943&_gsid=jcq5vTZWwYAg&utm_source=shopify&utm_medium=catalog
dietary,cookies_vegan,vegan cookie favors,i2rquw-wb.myshopify.com,Marsha Sophia,Vegan Cookie - Double Chocolate (2 Pack),399,399,1,,,vegan; gluten,https://www.marshasophia.ca/products/vegan-cookie-double-chocolate-2-pack?variant=47199149359259&_gsid=jcq5vTZWwYAg&utm_source=shopify&utm_medium=catalog
dietary,cookies_vegan,vegan cookie favors,bunners-bakeshop.myshopify.com,Bunner's Bakeshop,Cookies and Creamio,495,495,1,,,vegan; gluten; allerg,https://bunners.ca/products/cookies-and-creamio?variant=31904601833545&_gsid=jcq5vTZWwYAg&utm_source=shopify&utm_medium=catalog
dietary,cookies_vegan,vegan cookie favors,veehacart-ca.myshopify.com,Veehacart,Dohful S'mores Chocolate Chunk Cookies,2671,2671,1,Pack size,,vegan,https://veehacart.ca/products/smores-chocolate-chunk-cookies?variant=46747597996261&_gsid=jcq5vTZWwYAg&utm_source=shopify&utm_medium=catalog
dietary,cookies_vegan,vegan cookie favors,kscrqm-1w.myshopify.com,Cookista,Cookie Favors,125,125,1,Packaging,custom,,https://cookista.ca/products/cookie-favors?variant=53100436226347&_gsid=jcq5vTZWwYAg&utm_source=shopify&utm_medium=catalog
dietary,cookies_vegan,vegan cookie favors,spent-grounds-coffee-roasters.myshopify.com,Spent Grounds Coffee Roasters,Spent Grounds Cookies-ALL VEGAN,399,399,1,Type,,vegan,https://spentgroundscoffeeroasters.ca/products/spent-grounds-stuffed-cookie?variant=50205471834406&_gsid=jcq5vTZWwYAg&utm_source=shopify&utm_medium=catalog
dietary,cookies_vegan,vegan cookie favors,shopvegn.myshopify.com,Good Vegans,Stroop Club | Stroopwafels (8 pcs),1995,1995,1,,,vegan,https://goodvegans.com/products/stroop-club-traditional-caramel-stroopwafels-8-pcs?variant=47603502285026&_gsid=jcq5vTZWwYAg&utm_source=shopify&utm_medium=catalog
dietary,cookies_vegan,vegan cookie favors,vegansupply-ca.myshopify.com,Vegan Supply,Whims Caramel Cookie Bar - 100g,1399,1399,1,,,vegan; dairy-free,https://vegansupply.ca/products/whims-caramel-cookie-bar-100g?variant=41112428806262&_gsid=jcq5vTZWwYAg&utm_source=shopify&utm_medium=catalog
dietary,cookies_vegan,vegan cookie favors,bhfood.myshopify.com,BH Food Group,305 Cookie-RTB-06 Matcha Choco Duo (Vegan) (12pc),2900,2900,1,,,vegan,https://bhfoodgroup.com/products/cookie-matcha-choco-duo?variant=44330516414773&_gsid=jcq5vTZWwYAg&utm_source=shopify&utm_medium=catalog
dietary,cookies_vegan,vegan cookie favors,lemonadeglutenfreebakery.myshopify.com,Lemonade Gluten Free Bakery,Lemon Chewy Cookie (VEGAN),350,350,1,,,vegan; gluten,https://lemonadeglutenfreebakery.ca/products/lemon-chewy-cookie-vegan?variant=48564713521357&_gsid=jcq5vTZWwYAg&utm_source=shopify&utm_medium=catalog
dietary,cookies_vegan,vegan cookie favors,gooey-goode.myshopify.com,Gooey Goode,Auro vegan cookie,73000,73000,1,How many cookies would you like to order?,,vegan; gluten,https://gooeygoode.com/products/auro-vegan-cookie?variant=45086930469116&_gsid=jcq5vTZWwYAg&utm_source=shopify&utm_medium=catalog
dietary,cookies_vegan,vegan cookie favors,ec4542.myshopify.com,Whisked Away,Vegan Semi-Sweet Chocolate Chip Cookie,600,600,1,,,vegan,https://www.whiskedaway.ca/products/vegan-semi-sweet-chocolate-chip-cookie?variant=58059015946543&_gsid=jcq5vTZWwYAg&utm_source=shopify&utm_medium=catalog
dietary,cookies_vegan,vegan cookie favors,lady-glaze-bakehouse.myshopify.com,Lady Glaze,Letter I Vegan,350,350,1,,,vegan,https://ladyglazedoughnuts.com/products/letter-i-vegan?variant=49355870077211&_gsid=jcq5vTZWwYAg&utm_source=shopify&utm_medium=catalog
dietary,cookies_vegan,vegan cookie favors,bunners-bakeshop.myshopify.com,Bunner's Bakeshop,Chocolate Chip Creamie,495,495,1,,,vegan,https://bunners.ca/products/chocolate-chip-creamie?variant=31904601047113&_gsid=jcq5vTZWwYAg&utm_source=shopify&utm_medium=catalog
dietary,cookies_vegan,vegan cookie favors,thegourmetgift.myshopify.com,The Gourmet Gifts,Vegan Gift Basket,5999,5999,1,,,vegan,https://thegourmetgifts.ca/products/vegan-gift-basket?variant=47096925126710&_gsid=jcq5vTZWwYAg&utm_source=shopify&utm_medium=catalog
dietary,cookies_vegan,vegan cookie favors,flour-flower.myshopify.com,Flour & Flower,VEGAN Mini Imperials,4500,4500,1,Flavour,,vegan,https://www.flourandflower.ca/products/vegan-mini-imperials?variant=45000487501985&_gsid=jcq5vTZWwYAg&utm_source=shopify&utm_medium=catalog
dietary,cookies_vegan,vegan cookie favors,sweetsfromtheearth.myshopify.com,Sweets from the Earth,S'mores Cookie - 75g x 6 pack,990,990,1,,,vegan; dairy-free,https://shop.sweetsfromtheearth.com/products/smores-cookie-75g-x-6-pack?variant=32891302314123&_gsid=jcq5vTZWwYAg&utm_source=shopify&utm_medium=catalog
dietary,cookies_vegan,vegan cookie favors,crave-cupcakes-and-cake.myshopify.com,Crave Cupcakes,Vegan Chocolate Chip Cookie,400,400,1,,,vegan; dairy-free,https://www.cravecupcakes.ca/products/vegan-chocolate-chip-cookie?variant=39408044212259&_gsid=jcq5vTZWwYAg&utm_source=shopify&utm_medium=catalog
dietary,cookies_vegan,vegan cookie favors,urban-baker-co.myshopify.com,Urban Baker Co.,Urban Baker Healthy Favourite Flavour Box,2400,2400,1,Urban baker favourite flavour box,,gluten; dairy-free; vegan,https://urbanbakerco.com/products/urban-baker-healthy-favourite-flavour-box?variant=40124473081974&_gsid=jcq5vTZWwYAg&utm_source=shopify&utm_medium=catalog
dietary,cookies_vegan,vegan cookie favors,flint-ingredient-co.myshopify.com,The Local Grocer,Snickerdoodle Cookies -6 vegan,799,799,1,,,vegan,https://thelocalgrocer.com/products/snickerdoodle-cookies-6-vegan?variant=39598819967046&_gsid=jcq5vTZWwYAg&utm_source=shopify&utm_medium=catalog
dietary,cookies_vegan,vegan cookie favors,organic-grocer-bc.myshopify.com,Aura Natural Market,"Nowhere Bakery The Choc Chip Cookie – Plant-Based, Gluten-Free Soft-Baked Cookie (60g)",1049,1049,1,,,gluten; vegan; dairy-free,https://www.auramarket.ca/products/nowhere-bakery-the-choc-chip-cookie-60g?variant=47892069744883&_gsid=jcq5vTZWwYAg&utm_source=shopify&utm_medium=catalog
dietary,cookies_vegan,vegan cookie favors,body-fuel-organics-regina.myshopify.com,Body Fuel Organics,Wildflour Vegan GF Oatmeal Chocolate Chip Cookies (4/Pack),800,800,1,,,vegan; gluten,https://www.bodyfuelorganics.ca/products/wildflour-vegan-gf-oatmeal-chocolate-chip-cookies-4-pack?variant=40678987825232&_gsid=jcq5vTZWwYAg&utm_source=shopify&utm_medium=catalog
dietary,cookies_vegan,vegan cookie favors,boulangerie-le-toledo.myshopify.com,Boulangerie Le Toledo,Biscuit vegan,325,325,1,Format,,vegan,https://www.letoledo.com/products/biscuit-vegan?variant=43646187831340&_gsid=jcq5vTZWwYAg&utm_source=shopify&utm_medium=catalog
dietary,cookies_vegan,vegan cookie favors,ec4542.myshopify.com,Whisked Away,Vegan Lemon Macadamia and White Chocolate Chip Cookie,600,600,1,,,vegan,https://www.whiskedaway.ca/products/lemon-macadamia-and-white-chocolate-chip-cookie-copy?variant=58059054285103&_gsid=jcq5vTZWwYAg&utm_source=shopify&utm_medium=catalog
dietary,cookies_vegan,vegan cookie favors,savortesting.myshopify.com,Savor Living,🍪 Ma’s Small Batch Vegan Cookies - Box of 8,1600,1600,1,,,vegan,https://savorliving.ca/products/cookie-tray?variant=43630118895852&_gsid=jcq5vTZWwYAg&utm_source=shopify&utm_medium=catalog
dietary,cookies_vegan,vegan cookie favors,bunners-bakeshop.myshopify.com,Bunner's Bakeshop,S'mores Creamie,495,495,1,,,,https://bunners.ca/products/smores-creamie-1?variant=40347162607689&_gsid=jcq5vTZWwYAg&utm_source=shopify&utm_medium=catalog
dietary,cookies_vegan,vegan cookie favors,bread-butter-bakery-and-fine-pastries.myshopify.com,Bread & Butter Bakery and Fine Pastries,6 Vegan Chocolate Chip Peanut Butter Cookies,1175,1175,1,,,vegan; gluten,https://breadandbutter.ca/products/6-vegan-chocolate-chip-peanut-butter-cookies?variant=33122636169356&_gsid=jcq5vTZWwYAg&utm_source=shopify&utm_medium=catalog
dietary,cookies_vegan,vegan cookie favors,vegansupply-ca.myshopify.com,Vegan Supply,Stroop Club Traditional Mini Stroopwafels Cookies - 150g,1199,1199,1,,,vegan,https://vegansupply.ca/products/stroop-club-traditional-mini-stroopwafels-cookies-150g?variant=40290385854582&_gsid=jcq5vTZWwYAg&utm_source=shopify&utm_medium=catalog
dietary,cookies_vegan,vegan cookie favors,nu-grocery.myshopify.com,NU Grocery,Cookie - Belgian Chocolate Vegan,249,249,1,,,vegan,https://nugrocery.com/products/cookie-belgian-chocolate-vegan?variant=47189187657973&_gsid=jcq5vTZWwYAg&utm_source=shopify&utm_medium=catalog
dietary,cookies_vegan,vegan cookie favors,lady-glaze-bakehouse.myshopify.com,Lady Glaze,Letter Y Vegan,350,350,1,,,vegan,https://ladyglazedoughnuts.com/products/letter-y-vegan?variant=50501721915675&_gsid=jcq5vTZWwYAg&utm_source=shopify&utm_medium=catalog
dietary,cookies_vegan,vegan cookie favors,lorelynscom.myshopify.com,Lorelyns Gourmet Desserts,"VALENTINE'S DAY GIFT BOX - LARGE,  8 Gourmet Chocolate Fudge Cookies + 4 Chocolate Brownie Bliss | 100% Peanut & Nut Free | Gluten Free | Plant Based | Vegan",6000,6000,1,,,nut free; gluten; vegan; nut-free; allerg,https://lorelyns.com/products/valentines-day-gift-box-large?variant=42354956861616&_gsid=jcq5vTZWwYAg&utm_source=shopify&utm_medium=catalog
dietary,cookies_vegan,vegan cookie favors,a0qrkj-ex.myshopify.com,Cookies By Design - Canada,Mini Bites Cookie Tray,4849,4849,1,Gourmet flavor:,,,https://cookiesbydesign.ca/products/mini-bites-cookie-tray?variant=50825159377184&_gsid=jcq5vTZWwYAg&utm_source=shopify&utm_medium=catalog
dietary,cookies_vegan,vegan cookie favors,grain-inc.myshopify.com,Flourist  ,Vegan Tahini Chocolate Cookie,450,450,1,Size,,vegan,https://flourist.com/products/vegan-tahini-chocolate-cookie?variant=42519279075552&_gsid=jcq5vTZWwYAg&utm_source=shopify&utm_medium=catalog
dietary,cookies_vegan,vegan cookie favors,foodiepages.myshopify.com,Foodiepages,Coffee & Fresh-Baked Cookies,4000,4000,1,,,gluten; vegan,https://www.foodiepages.ca/products/coffee-fresh-baked-cookies-gift?variant=62010863386783&_gsid=jcq5vTZWwYAg&utm_source=shopify&utm_medium=catalog
dietary,cookies_vegan,vegan cookie favors,yummy-cookies-ottawa.myshopify.com,Yummy Cookies Ottawa,Vegan Chocolate (6 cookies),1175,1175,1,,,vegan; dairy-free,https://yummycookies.ca/products/vegan-chocolate-6-cookies?variant=42987838308519&_gsid=jcq5vTZWwYAg&utm_source=shopify&utm_medium=catalog
dietary,cookies_vegan,vegan cookie favors,knifey-spooney.myshopify.com,Knifey Spooney ,Baker's Fave's Holiday Cookie Box,5000,5000,1,,,vegan,https://knifey-spooney.myshopify.com/products/holiday-2023-cookie-box?variant=41763789963403&_gsid=jcq5vTZWwYAg&utm_source=shopify&utm_medium=catalog
dietary,cookies_vegan,vegan cookie favors,mbgrocery.myshopify.com,Miller & Bean Coffee Company,Lotus Biscoff Cookies - Individually wrapped - 300 × 6.25g,4999,4999,1,,,,https://millerandbean.com/products/lotus-biscoff-cookies-300-6-25g?variant=40100954701942&_gsid=jcq5vTZWwYAg&utm_source=shopify&utm_medium=catalog
dietary,cookies_vegan,vegan cookie favors,sweet-craft-vegan.myshopify.com,Sweet Craft Vegan,Christmas 25' Assorted Cookie Box,3000,3000,1,Size,,vegan,https://sweetcraftvegan.com/products/christmas-25-assorted-cookie-box?variant=47318927376628&_gsid=jcq5vTZWwYAg&utm_source=shopify&utm_medium=catalog
dietary,cookies_vegan,vegan cookie favors,foodiepages.myshopify.com,Foodiepages,SMILE Gift Box (Reachdesk USA),8100,8100,1,,,,https://www.foodiepages.ca/products/smile-gift-box-reachdesk-usa?variant=62682971832479&_gsid=jcq5vTZWwYAg&utm_source=shopify&utm_medium=catalog
dietary,cookies_vegan,vegan cookie favors,whisked-gluten-free-bakery.myshopify.com,Whisked Gluten-Free Bakery,Bite Size Chocolate Chip Cookies,999,999,1,,,vegan; gluten,https://whiskedglutenfree.com/products/bite-size-chocolate-chip-cookies?variant=14694640287857&_gsid=jcq5vTZWwYAg&utm_source=shopify&utm_medium=catalog
dietary,cookies_vegan,vegan cookie favors,bunners-bakeshop.myshopify.com,Bunner's Bakeshop,Supersonic Cookie,400,400,1,,,gluten; vegan,https://bunners.ca/products/supersonic-cookie?variant=31904603766857&_gsid=jcq5vTZWwYAg&utm_source=shopify&utm_medium=catalog
dietary,cookies_vegan,vegan cookie favors,ec4542.myshopify.com,Whisked Away,Vegan Salted Caramel and Dark Chocolate Chip Cookie,600,600,1,,,vegan,https://www.whiskedaway.ca/products/salted-caramel-and-milk-chocolate-chip-cookie-copy?variant=58059036361007&_gsid=jcq5vTZWwYAg&utm_source=shopify&utm_medium=catalog
dietary,cookies_vegan,vegan cookie favors,i2rquw-wb.myshopify.com,Marsha Sophia,Vegan Cookie - Pumpkin Seed Chocolate Chip (2 Pack),399,399,1,,,vegan; gluten,https://www.marshasophia.ca/products/vegan-cookie-pumpkin-seed-chocolate-chip-cookie-3-pack?variant=47179873124507&_gsid=jcq5vTZWwYAg&utm_source=shopify&utm_medium=catalog
dietary,cookies_gf,gluten free cookies gift,crave-cupcakes-and-cake.myshopify.com,Crave Cupcakes,Gluten Free Chocolate Chunk Sandwich Cookie,700,700,1,Size,,gluten,https://www.cravecupcakes.ca/products/gluten-free-chocolate-chunk-sandwich-cookie?variant=40518191480867&_gsid=PokvvjfSM6zH&utm_source=shopify&utm_medium=catalog
dietary,cookies_gf,gluten free cookies gift,organic-grocer-bc.myshopify.com,Aura Natural Market,Tate's Bake Shop Gluten Free Chocolate Chip Cookies 198g,1069,1069,1,,,gluten,https://www.auramarket.ca/products/tates-bake-shop-gluten-free-chocolate-chip-cookies-198g?variant=46648665997555&_gsid=PokvvjfSM6zH&utm_source=shopify&utm_medium=catalog
dietary,cookies_gf,gluten free cookies gift,goodness-me.myshopify.com,Goodness Me!,"Tates Bake Shop - Cookies - Gf Ginger Zinger, 198 g",849,849,1,,,gluten,https://goodnessme.ca/products/tates-bake-shop-cookies-gf-ginger-zinger-198-g?variant=43400094089405&_gsid=PokvvjfSM6zH&utm_source=shopify&utm_medium=catalog
dietary,cookies_gf,gluten free cookies gift,mary-macleod.myshopify.com,Mary Macleod's Shortbread,Gable Gift Box of Gluten-Free Cookies,5000,5000,1,,,gluten,https://marymacleod.com/products/gable-gift-box-of-cookies?variant=43751478329567&_gsid=PokvvjfSM6zH&utm_source=shopify&utm_medium=catalog
dietary,cookies_gf,gluten free cookies gift,naturallygf.myshopify.com,Naturally Gluten Free Bakery,Fudgy Brownie Cookies 8 pk,1150,1150,1,,,gluten,https://naturallygf.ca/products/double-chocolate-chip-cookies-6-pack?variant=44671965036834&_gsid=PokvvjfSM6zH&utm_source=shopify&utm_medium=catalog
dietary,cookies_gf,gluten free cookies gift,mary-macleod.myshopify.com,Mary Macleod's Shortbread,Peaked Box of Gluten Free Shortbread Cookies,1300,1300,1,Flavour,,gluten,https://marymacleod.com/products/peaked-box-of-gluten-free-shortbread-cookies?variant=36969455091871&_gsid=PokvvjfSM6zH&utm_source=shopify&utm_medium=catalog
dietary,cookies_gf,gluten free cookies gift,lobo-worldwide-inc.myshopify.com,Lobo Worldwide Inc.,"(3 pack) OREO Gluten Free Chocolate Sandwich Cookies, Gluten Free Cookies, 12.08 oz",6702,6702,1,,,gluten,https://www.loboworldwide.com/products/3-pack-oreo-gluten-free-chocolate-sandwich-cookies-gluten-free-cookies-12-08-oz?variant=44668539109576&_gsid=PokvvjfSM6zH&utm_source=shopify&utm_medium=catalog
dietary,cookies_gf,gluten free cookies gift,sweetsfromtheearth.myshopify.com,Sweets from the Earth,Gluten Free Oatmeal Coconut Cookie Box 300g,899,899,1,,,gluten; vegan,https://shop.sweetsfromtheearth.com/products/gluten-free-oatmeal-coconut-cookie-box-300g?variant=32891300872331&_gsid=PokvvjfSM6zH&utm_source=shopify&utm_medium=catalog
dietary,cookies_gf,gluten free cookies gift,specialty-food-shop.myshopify.com,Specialty Food Shop,Tate's Gluten Free Lemon Cookies,899,899,1,,,gluten,https://www.specialtyfoodshop.ca/products/tates-gluten-free-lemon-cookies?variant=44421998838018&_gsid=PokvvjfSM6zH&utm_source=shopify&utm_medium=catalog
dietary,cookies_gf,gluten free cookies gift,vancouver-best-cookies.myshopify.com,Vancouver Best Cookies,Gluten Free Cookie Master Sampler,3999,3999,1,,,gluten,https://www.vancouverbestcookies.com/products/gluten-free-cookie-master-sampler?variant=33556923056216&_gsid=PokvvjfSM6zH&utm_source=shopify&utm_medium=catalog
dietary,cookies_gf,gluten free cookies gift,peppers-foods-store.myshopify.com,Peppers Foods Store,DOUBLE STUF GLUTEN FREE OREO [353 G],1049,1049,1,Title,,gluten,https://shop.peppers-foods.com/products/oreo-gf-cookies-double-stuff-353g?variant=45125270208695&_gsid=PokvvjfSM6zH&utm_source=shopify&utm_medium=catalog
dietary,cookies_gf,gluten free cookies gift,crave-cupcakes-and-cake.myshopify.com,Crave Cupcakes,Gluten Free Confetti Cookie,400,400,1,,,gluten,https://www.cravecupcakes.ca/products/gluten-free-confetti-cookie?variant=39407987982371&_gsid=PokvvjfSM6zH&utm_source=shopify&utm_medium=catalog
dietary,cookies_gf,gluten free cookies gift,veehacart-ca.myshopify.com,Veehacart,Wheafree Gluten Free Chocochip Cookies,1968,1968,1,,,gluten,https://veehacart.ca/products/gluten-free-chocochip-cookies?variant=46751020351717&_gsid=PokvvjfSM6zH&utm_source=shopify&utm_medium=catalog
dietary,cookies_gf,gluten free cookies gift,crave-cupcakes-and-cake.myshopify.com,Crave Cupcakes,Gluten Free Chocolate Chunk Cookie,400,400,1,,,gluten,https://www.cravecupcakes.ca/products/gluten-free-chocolate-chunk-cookie?variant=39407983329315&_gsid=PokvvjfSM6zH&utm_source=shopify&utm_medium=catalog
dietary,cookies_gf,gluten free cookies gift,qi3azh-um.myshopify.com,Beat. Patisserie ,Gluten Free  Cookies,450,450,1,Flavour,,gluten,https://www.beatpatisserie.ca/products/gluten-free-cookies?variant=47619342303451&_gsid=PokvvjfSM6zH&utm_source=shopify&utm_medium=catalog
dietary,cookies_gf,gluten free cookies gift,lobo-worldwide-inc.myshopify.com,Lobo Worldwide Inc.,"OREO Double Stuf Gluten Free Chocolate Sandwich Cookies, Gluten Free Cookies, 12.47 oz Packs",3867,3867,1,,,gluten,https://www.loboworldwide.com/products/oreo-double-stuf-gluten-free-chocolate-sandwich-cookies-gluten-free-cookies-12-47-oz-packs?variant=44668523413704&_gsid=PokvvjfSM6zH&utm_source=shopify&utm_medium=catalog
dietary,cookies_gf,gluten free cookies gift,supermarchepa-2.myshopify.com,Supermarché PA,Cookies,899,899,1,Style,,gluten,https://www.supermarchepa.com/products/tates-bake-shop-cookies-biscuits-198g?variant=41049840222361&_gsid=PokvvjfSM6zH&utm_source=shopify&utm_medium=catalog
dietary,cookies_gf,gluten free cookies gift,piccola-cucina-1.myshopify.com,Piccola Cucina	,Assorted Gluten-Free Almond Macaroon Cookies Gift Pack,3499,3499,1,Size,,gluten; dairy-free,https://piccolacucina.com/products/assorted-gluten-free-almond-macaroon-cookies-gift-pack?variant=39342151303266&_gsid=PokvvjfSM6zH&utm_source=shopify&utm_medium=catalog
dietary,cookies_gf,gluten free cookies gift,sweetsfromtheearth.myshopify.com,Sweets from the Earth,Gluten Free Flourless Cashew Cookie Box 300g,999,999,1,,,gluten; vegan; dairy-free,https://shop.sweetsfromtheearth.com/products/gluten-free-flourless-cashew-cookie-box-300g?variant=32891300741259&_gsid=PokvvjfSM6zH&utm_source=shopify&utm_medium=catalog
dietary,cookies_gf,gluten free cookies gift,craigs-cookies-development.myshopify.com,Craig's Cookies ,GLUTEN-FRIENDLY CLASSIC CHOCOLATE CHIP,2400,2400,1,Number of cookies; Gift box,,gluten,https://craigscookies.com/products/gluten-friendly-classic-chocolate-chip?variant=43860915716259&_gsid=PokvvjfSM6zH&utm_source=shopify&utm_medium=catalog
dietary,cookies_gf,gluten free cookies gift,sweetsfromtheearth.myshopify.com,Sweets from the Earth,Gluten Free Ultimate Chocolate Chip Cookie Box 300g,899,899,1,,,gluten; vegan; dairy free; nut free; allerg,https://shop.sweetsfromtheearth.com/products/gluten-free-ultimate-chocolate-chip-cookie-box-300g?variant=33249415757963&_gsid=PokvvjfSM6zH&utm_source=shopify&utm_medium=catalog
dietary,cookies_gf,gluten free cookies gift,whisked-gluten-free-bakery.myshopify.com,Whisked Gluten-Free Bakery,Oatmeal Raisin Cookies,385,385,1,,,gluten,https://whiskedglutenfree.com/products/oatmeal-raisin?variant=31190211133553&_gsid=PokvvjfSM6zH&utm_source=shopify&utm_medium=catalog
dietary,cookies_gf,gluten free cookies gift,ryans-candies.myshopify.com,BritShop,Walkers Chocolate Chip Shortbread GLUTEN FREE 140g,719,719,1,,,gluten,https://britshop.ca/products/walkerschocolatechipshortbreadglutenfree140g?variant=39256904597693&_gsid=PokvvjfSM6zH&utm_source=shopify&utm_medium=catalog
dietary,cookies_gf,gluten free cookies gift,veehacart-ca.myshopify.com,Veehacart,Wheafree Gluten Free Khatai Cookies,1968,1968,1,,,gluten,https://veehacart.ca/products/gluten-free-khatai-cookies?variant=46751018090725&_gsid=PokvvjfSM6zH&utm_source=shopify&utm_medium=catalog
dietary,cookies_gf,gluten free cookies gift,jqcyyp-ju.myshopify.com,All In One Marketplace Canada,"OREO Gluten Free Original Chocolate Sandwich Cookies, 342 g 🍁 All In One Marketplace Canada",1300,1300,1,,,gluten,https://allinonemarketplace.ca/products/oreo-gluten-free-original-chocolate-sandwich-cookies-342-g?variant=53742859977017&_gsid=PokvvjfSM6zH&utm_source=shopify&utm_medium=catalog
dietary,cookies_gf,gluten free cookies gift,suss-cookie-co.myshopify.com,Süss Cookie Co,Gluten Free Cookie,400,400,1,,,gluten,https://susscookieco.com/products/gluten-free-cookie?variant=41719915085879&_gsid=PokvvjfSM6zH&utm_source=shopify&utm_medium=catalog
dietary,cookies_gf,gluten free cookies gift,lobo-worldwide-inc.myshopify.com,Lobo Worldwide Inc.,"OREO Gluten Free Mint Creme Chocolate Sandwich Cookies, Gluten Free Cookies, 12.47 oz",6702,6702,1,,,gluten,https://www.loboworldwide.com/products/oreo-gluten-free-mint-creme-chocolate-sandwich-cookies-gluten-free-cookies-12-47-oz?variant=44668537077960&_gsid=PokvvjfSM6zH&utm_source=shopify&utm_medium=catalog
dietary,cookies_gf,gluten free cookies gift,whisked-gluten-free-bakery.myshopify.com,Whisked Gluten-Free Bakery,Bite Size Chocolate Chip Cookies,999,999,1,,,vegan; gluten,https://whiskedglutenfree.com/products/bite-size-chocolate-chip-cookies?variant=14694640287857&_gsid=PokvvjfSM6zH&utm_source=shopify&utm_medium=catalog
dietary,cookies_gf,gluten free cookies gift,danashortt.myshopify.com,Dana Shortt Gourmet and Gifts,Cookie it Up - Gluten Free Butterscotch Cookies (CI0495) (C12),948,948,1,,,gluten,https://shop.danashortt.com/products/gluten-free-butterscotch?variant=44188680159452&_gsid=PokvvjfSM6zH&utm_source=shopify&utm_medium=catalog
dietary,cookies_gf,gluten free cookies gift,cookielovaca.myshopify.com,Cookie Love,Gluten Free Chocolate Chip,265,265,1,,,gluten,https://cookielove.ca/products/gluten-free-chocolate-chip-1?variant=44450546319676&_gsid=PokvvjfSM6zH&utm_source=shopify&utm_medium=catalog
dietary,cookies_gf,gluten free cookies gift,ambrosia-national.myshopify.com,Ambrosia Canada,Gluten Free Butterscotch Cookies,799,799,1,Size,,gluten,https://canada.ambrosia.ca/products/gluten-free-butterscotch-cookies?variant=46258907873524&_gsid=PokvvjfSM6zH&utm_source=shopify&utm_medium=catalog
dietary,cookies_gf,gluten free cookies gift,whisked-gluten-free-bakery.myshopify.com,Whisked Gluten-Free Bakery,Bite Size Double Chocolate Cookies,999,999,1,,,gluten,https://whiskedglutenfree.com/products/bite-size-double-chocolate-quinoa?variant=14694225772657&_gsid=PokvvjfSM6zH&utm_source=shopify&utm_medium=catalog
dietary,cookies_gf,gluten free cookies gift,yvrcookie.myshopify.com,YVR Cookie,GF Chocolate Chunk,899,899,1,Size,,gluten,https://yvrcookie.com/products/gluten-friendly-chocolate-chunk?variant=41037968474209&_gsid=PokvvjfSM6zH&utm_source=shopify&utm_medium=catalog
dietary,cookies_gf,gluten free cookies gift,shoporganicbytes.myshopify.com,ShopOrganicBytes,Wholesome Chocolate Chip Cookies (GF & DF),2072,2072,1,Cookie box,,gluten,https://shoporganicbytes.com/products/wholesome-chocolate-chips-gf-df?variant=52135544947004&_gsid=PokvvjfSM6zH&utm_source=shopify&utm_medium=catalog
dietary,cookies_gf,gluten free cookies gift,sweetsfromtheearth.myshopify.com,Sweets from the Earth,Gluten Free Peanut Butter Cookie Box 300g,899,899,1,,,gluten; vegan,https://shop.sweetsfromtheearth.com/products/gluten-free-peanut-butter-cookie-box-300g?variant=32891300839563&_gsid=PokvvjfSM6zH&utm_source=shopify&utm_medium=catalog
dietary,cookies_gf,gluten free cookies gift,urban-baker-co.myshopify.com,Urban Baker Co.,Urban Baker Healthy Favourite Flavour Box,2600,2600,1,Urban baker favourite flavour box,,gluten; dairy-free; vegan,https://urbanbakerco.com/products/urban-baker-healthy-favourite-flavour-box?variant=40124473180278&_gsid=PokvvjfSM6zH&utm_source=shopify&utm_medium=catalog
dietary,cookies_gf,gluten free cookies gift,origin-bakery.myshopify.com,Origin Bakery,Everything Cookie,1950,1950,1,Buy 6 -no tax,,,https://www.originbakery.com/products/everything-cookie?variant=43077097324695&_gsid=PokvvjfSM6zH&utm_source=shopify&utm_medium=catalog
dietary,cookies_gf,gluten free cookies gift,naturallygf.myshopify.com,Naturally Gluten Free Bakery,Lemon Crackle Cookies 8 pk,975,975,1,,,gluten,https://naturallygf.ca/products/lemon-crackle-cookies-6pk?variant=44671902253346&_gsid=PokvvjfSM6zH&utm_source=shopify&utm_medium=catalog
dietary,cookies_gf,gluten free cookies gift,whisked-gluten-free-bakery.myshopify.com,Whisked Gluten-Free Bakery,Bite Size Oatmeal Raisin Cookies,999,999,1,,,vegan; gluten; dairy-free,https://whiskedglutenfree.com/products/bite-size-oatmeal-raisin-cookies?variant=51383308058931&_gsid=PokvvjfSM6zH&utm_source=shopify&utm_medium=catalog
dietary,cookies_gf,gluten free cookies gift,danashortt.myshopify.com,Dana Shortt Gourmet and Gifts,Cookie it Up - Gluten Free Chocolate Chip Cookies (CI0433) (C12),948,948,1,,,gluten,https://shop.danashortt.com/products/gluten-free-chocolate-chip-cookies?variant=44188685304028&_gsid=PokvvjfSM6zH&utm_source=shopify&utm_medium=catalog
dietary,cookies_gf,gluten free cookies gift,organic-grocer-bc.myshopify.com,Aura Natural Market,"Nowhere Bakery The Choc Chip Cookie – Plant-Based, Gluten-Free Soft-Baked Cookie (60g)",1049,1049,1,,,gluten; vegan; dairy-free,https://www.auramarket.ca/products/nowhere-bakery-the-choc-chip-cookie-60g?variant=47892069744883&_gsid=PokvvjfSM6zH&utm_source=shopify&utm_medium=catalog
dietary,cookies_gf,gluten free cookies gift,lemonadeglutenfreebakery.myshopify.com,Lemonade Gluten Free Bakery,Joe's Favourite Cookie,350,350,1,,,gluten,https://lemonadeglutenfreebakery.ca/products/joes-favorite-cookie?variant=39939838279885&_gsid=PokvvjfSM6zH&utm_source=shopify&utm_medium=catalog
dietary,cookies_gf,gluten free cookies gift,wellboxuk.myshopify.com,WellBox,Dough! Letterbox Cookies,1495,1495,1,,,,https://wellboxes.co.uk/products/letterbox-cookies?variant=55283660652919&_gsid=PokvvjfSM6zH&utm_source=shopify&utm_medium=catalog
dietary,cookies_gf,gluten free cookies gift,vancouver-best-cookies.myshopify.com,Vancouver Best Cookies,Subscription- Gluten Free Assorted,3999,3999,1,,,gluten,https://www.vancouverbestcookies.com/products/subscription-gluten-free?variant=50304153551162&_gsid=PokvvjfSM6zH&utm_source=shopify&utm_medium=catalog
dietary,cookies_gf,gluten free cookies gift,tre-mari-bakery.myshopify.com,Tre Mari Bakery,Amaretti Gift Box,4950,4950,1,,,gluten,https://www.tremari.ca/products/amaretti-cookie-box?variant=51312843882628&_gsid=PokvvjfSM6zH&utm_source=shopify&utm_medium=catalog
dietary,cookies_gf,gluten free cookies gift,7pkasn-8k.myshopify.com,The Flakery Gluten Free Bakery,Gluten Free Bakery Style Cookies,300,300,1,Flavor,,gluten,https://theflakeryglutenfreebakery.com/products/bakery-style-cookies?variant=46087137722541&_gsid=PokvvjfSM6zH&utm_source=shopify&utm_medium=catalog
dietary,cookies_gf,gluten free cookies gift,de1577-40.myshopify.com,Yorkton Pharmacy,Chips Ahoy! Gluten Free Cookies,1299,1299,1,,,gluten,https://yorktonpharmacy.ca/products/chips-ahoy-gluten-free-cookies?variant=42183747993684&_gsid=PokvvjfSM6zH&utm_source=shopify&utm_medium=catalog
dietary,cookies_gf,gluten free cookies gift,vikingsnutritionjeantalon.myshopify.com,vikingsnutrition,ChocZero - Breakfast Biscuits - 9oz,1999,1999,1,Flavor,,,https://vikingsnutrition.com/products/choczero-breakfast-biscuits-9oz?variant=51474633097529&_gsid=PokvvjfSM6zH&utm_source=shopify&utm_medium=catalog
dietary,cookies_gf,gluten free cookies gift,sweetsfromtheearth.myshopify.com,Sweets from the Earth,Gluten Free Double Chocolate Cookie - 75g x 6 pack,990,990,1,,,gluten,https://shop.sweetsfromtheearth.com/products/copy-of-gluten-free-ultimate-chocolate-chip-cookie-75g-x-6-pack?variant=44169671409909&_gsid=PokvvjfSM6zH&utm_source=shopify&utm_medium=catalog
dietary,cookies_gf,gluten free cookies gift,sweetsfromtheearth.myshopify.com,Sweets from the Earth,Gluten Free Oatmeal Cranberry White Chocolate Cookie - 65g x 6 pack,990,990,1,,,gluten; vegan; allerg,https://shop.sweetsfromtheearth.com/products/copy-of-gluten-free-peanut-butter-cookie-60g-x-6-pack?variant=44169676062965&_gsid=PokvvjfSM6zH&utm_source=shopify&utm_medium=catalog
dietary,chocolate_nutfree,nut free chocolate gift box,anne-of-green-gables-chocolates.myshopify.com,ANNE of Green Gables Chocolates,Handmade Heaven Gift Box,4998,4998,1,,,,https://annechocolates.com/products/handmade-heaven?variant=36948667138213&_gsid=sjYVYEKBHbBF&utm_source=shopify&utm_medium=catalog
dietary,chocolate_nutfree,nut free chocolate gift box,the-chocolate-bear-shoppe.myshopify.com,The Chocolate Bear Shoppe,Sugar-Free Chocolate Box,2295,2295,1,,,,https://thechocolatebearshoppe.com/products/sugar-free-chocolate-box-large?variant=12162874671218&_gsid=sjYVYEKBHbBF&utm_source=shopify&utm_medium=catalog
dietary,chocolate_nutfree,nut free chocolate gift box,all-things-fruit.myshopify.com,That Fruit Place,Chocolate Covered Strawberries - Gift Box,3078,3078,1,Chocolate/toppings; Size,,gluten; dairy-free; nut-free,https://thatfruitplace.com/products/gift-box-chocolate-covered-strawberries?variant=42837344878770&_gsid=sjYVYEKBHbBF&utm_source=shopify&utm_medium=catalog
dietary,chocolate_nutfree,nut free chocolate gift box,makerhouse.myshopify.com,Maker House Co.,Chocolate Sampler,3299,3299,1,,,,https://makerhouse.com/products/chocolate-sampler?variant=14632412938338&_gsid=sjYVYEKBHbBF&utm_source=shopify&utm_medium=catalog
dietary,chocolate_nutfree,nut free chocolate gift box,www-abasketcase-ca.myshopify.com,A Basket Case,Local Chocolate Box,12200,12200,1,,,,https://www.abasketcase.ca/products/local-chocolate-box-calgary?variant=51810167292120&_gsid=sjYVYEKBHbBF&utm_source=shopify&utm_medium=catalog
dietary,chocolate_nutfree,nut free chocolate gift box,pure-nature-nutrition-2.myshopify.com,Pure Nature Nutrition Centers,UNREAL Dark Chocolate Coconut Covered Almond 113g,999,999,1,,,,https://www.purenaturenutrition.com/products/dark-chocolate-coconut-almonds-113g?variant=50258413486370&_gsid=sjYVYEKBHbBF&utm_source=shopify&utm_medium=catalog
dietary,chocolate_nutfree,nut free chocolate gift box,ae665e-4.myshopify.com,The Little Market Box,Those Girls - Seasonal Gift Box,3000,3000,1,,,,https://www.thelittlemarketbox.com/products/those-girls-seasonal-gift-box-4e5e?variant=42628857102509&_gsid=sjYVYEKBHbBF&utm_source=shopify&utm_medium=catalog
dietary,chocolate_nutfree,nut free chocolate gift box,xrbthg-vv.myshopify.com,Present Agent,Treasures of the Orchard - Chocolate Fruit Gift Box,10138,10138,1,,,,https://store.presentagent.vip/products/gourmet-chocolate-fruit-treasures-orchard-box?variant=46353966399585&_gsid=sjYVYEKBHbBF&utm_source=shopify&utm_medium=catalog
dietary,chocolate_nutfree,nut free chocolate gift box,shopcocomarket.myshopify.com,Coco Market,Unreal Snacks - Dark Chocolate Covered Almonds,1000,1000,1,,,,https://shopcoco.ca/products/unreal-snacks-dark-chocolate-almonds?variant=45726905106667&_gsid=sjYVYEKBHbBF&utm_source=shopify&utm_medium=catalog
dietary,chocolate_nutfree,nut free chocolate gift box,shopvegn.myshopify.com,Good Vegans,*PRE-ORDER* Loco Love | Butter Caramel Pecan Chocolate (2 pcs),1495,1495,1,,,,https://goodvegans.com/products/loco-love-butter-caramel-pecan-wellness-chocolate-35g?variant=46556643033314&_gsid=sjYVYEKBHbBF&utm_source=shopify&utm_medium=catalog
dietary,chocolate_nutfree,nut free chocolate gift box,xrbthg-vv.myshopify.com,Present Agent,Almond Bark Chocolate Gift Box,7946,7946,1,,,,https://store.presentagent.vip/products/almond-bark?variant=46352001728609&_gsid=sjYVYEKBHbBF&utm_source=shopify&utm_medium=catalog
dietary,chocolate_nutfree,nut free chocolate gift box,xrbthg-vv.myshopify.com,Present Agent,Chocolate Essentials Heart Gift Box,12193,12193,1,,,,https://store.presentagent.vip/products/chocolate-essentials-heart-gift-box?variant=46486266708065&_gsid=sjYVYEKBHbBF&utm_source=shopify&utm_medium=catalog
dietary,chocolate_nutfree,nut free chocolate gift box,ae665e-4.myshopify.com,The Little Market Box,Those Girls - Classic Chocolate Gift Box,2800,2800,1,,,,https://www.thelittlemarketbox.com/products/those-girls-classic-chocolate-gift-box-7a8e?variant=42628856283309&_gsid=sjYVYEKBHbBF&utm_source=shopify&utm_medium=catalog
dietary,chocolate_nutfree,nut free chocolate gift box,somachocolate.myshopify.com,SOMA chocolatemaker,Spark of Joy Caramel & Praline box,2000,2000,1,,,,https://www.somachocolate.com/products/copy-of-spark-of-joy-caramel-praline-box?variant=34678013690023&_gsid=sjYVYEKBHbBF&utm_source=shopify&utm_medium=catalog
dietary,chocolate_nutfree,nut free chocolate gift box,makerhouse.myshopify.com,Maker House Co.,Chocolate Lovers Gift Box,4999,4999,1,,,,https://makerhouse.com/products/chocolate-lovers-gift-box?variant=45662880071931&_gsid=sjYVYEKBHbBF&utm_source=shopify&utm_medium=catalog
dietary,chocolate_nutfree,nut free chocolate gift box,nature-sante.myshopify.com,Nature Sante,PRETZELS 100G DARK CHOCOLATE UNREAL,1069,1069,1,,,,https://naturesante.ca/products/85813500373?variant=44613477007511&_gsid=sjYVYEKBHbBF&utm_source=shopify&utm_medium=catalog
dietary,chocolate_nutfree,nut free chocolate gift box,brooks-delectable-chocolates.myshopify.com,Brook's Delectable Chocolates,Milk Chocolate Gift Boxes,3850,3850,1,Weight & price,,gluten,https://www.brookschocolates.com/products/milk-chocolate-gift-boxes?variant=39292880224429&_gsid=sjYVYEKBHbBF&utm_source=shopify&utm_medium=catalog
dietary,chocolate_nutfree,nut free chocolate gift box,igift.myshopify.com,HAZELTON's,Splendid Chocolate Dipped Strawberries Gift Box,3899,3899,1,,,,https://www.hazeltons.ca/products/splendid-chocolate-dipped-strawberries-gift-box?variant=285654850&_gsid=sjYVYEKBHbBF&utm_source=shopify&utm_medium=catalog
dietary,chocolate_nutfree,nut free chocolate gift box,somachocolate.myshopify.com,SOMA chocolatemaker,Dark Lover's Lunch Box,6000,6000,1,,,,https://www.somachocolate.com/products/dark-lovers-lunch-box?variant=27561601729&_gsid=sjYVYEKBHbBF&utm_source=shopify&utm_medium=catalog
dietary,chocolate_nutfree,nut free chocolate gift box,nature-sante.myshopify.com,Nature Sante,CUPS 120G DARK CHOCOLATE PEANUT BUTTER,1069,1069,1,,,vegan; gluten,https://naturesante.ca/products/85557100515?variant=39629938360471&_gsid=sjYVYEKBHbBF&utm_source=shopify&utm_medium=catalog
dietary,chocolate_nutfree,nut free chocolate gift box,yorkvilles.myshopify.com,YORKVILLE's,The Exotic Chocolate Box,3999,3999,1,,,,https://yorkvilles.ca/products/the-exotic-chocolate-box?variant=20970436614&_gsid=sjYVYEKBHbBF&utm_source=shopify&utm_medium=catalog
dietary,chocolate_nutfree,nut free chocolate gift box,haversack-test-2.myshopify.com,Haversack Sales,Maeve - Assorted Bonbon Gift Box (6oz) - Sail Away (Cube),7164,7164,1,Unit size; Case pack,,,https://www.haversacksales.com/products/maeve-sail-away-bonbon-gift-box-cube-6oz?variant=41056963559504&_gsid=sjYVYEKBHbBF&utm_source=shopify&utm_medium=catalog
dietary,chocolate_nutfree,nut free chocolate gift box,danashortt.myshopify.com,Dana Shortt Gourmet and Gifts,Reids - Best of Reids Box,11298,11298,1,,,,https://shop.danashortt.com/products/best-of-reids-box?variant=43826802786524&_gsid=sjYVYEKBHbBF&utm_source=shopify&utm_medium=catalog
dietary,chocolate_nutfree,nut free chocolate gift box,sullivanbleeker.myshopify.com,Sullivan & Bleeker Baking Co.,Cookie & Candy Gift Box: Nut-Free Assortment,7500,7500,1,Size,,nut-free,https://sullivanbleeker.com/products/luxury-cookie-candy-gift-box-assorted-nut-free?variant=39547825619028&_gsid=sjYVYEKBHbBF&utm_source=shopify&utm_medium=catalog
dietary,chocolate_nutfree,nut free chocolate gift box,douce-france-toronto.myshopify.com,Douce France,Voisin's Corporate Gift Box with 4 Assorted Chocolates,1375,1375,1,,,gluten,https://doucefrance.ca/products/corporate-gift-chocolate-box?variant=37423405891767&_gsid=sjYVYEKBHbBF&utm_source=shopify&utm_medium=catalog
dietary,chocolate_nutfree,nut free chocolate gift box,choco-de-lea-mtl.myshopify.com,Choco de Léa,Boîte de 12 chocolats véganes assortis,2695,2695,1,,,vegan; allerg,https://www.chocodelea.ca/products/boite-de-12-chocolats-vegane-assortis?variant=41327386918948&_gsid=sjYVYEKBHbBF&utm_source=shopify&utm_medium=catalog
dietary,chocolate_nutfree,nut free chocolate gift box,xrbthg-vv.myshopify.com,Present Agent,Easter Chocolate Dipped Fruits Gift Box,10960,10960,1,,,,https://store.presentagent.vip/products/easter-chocolate-dipped-fruits-gift-box?variant=46352001957985&_gsid=sjYVYEKBHbBF&utm_source=shopify&utm_medium=catalog
dietary,chocolate_nutfree,nut free chocolate gift box,bfccbd-cb.myshopify.com,Montreal Duty Free,Tony's Chocolonely Rainbow Tasting Pack 320g,3600,3600,1,,,,https://www.montrealdutyfree.ca/products/927169?variant=41583812345933&_gsid=sjYVYEKBHbBF&utm_source=shopify&utm_medium=catalog
dietary,chocolate_nutfree,nut free chocolate gift box,igift.myshopify.com,HAZELTON's,The Ultimate Chocolate Assortment Gift Box,10199,10199,1,,,,https://www.hazeltons.ca/products/the-ultimate-chocolate-assortment-gift-box?variant=8759595401273&_gsid=sjYVYEKBHbBF&utm_source=shopify&utm_medium=catalog
dietary,chocolate_nutfree,nut free chocolate gift box,xrbthg-vv.myshopify.com,Present Agent,Gluten Free Chocolate Signature Truffles Gift Box,8220,8220,1,,,gluten,https://store.presentagent.vip/products/gluten-free-gourmet-chocolates-gift-box?variant=46353966432353&_gsid=sjYVYEKBHbBF&utm_source=shopify&utm_medium=catalog
dietary,chocolate_nutfree,nut free chocolate gift box,mikals-golden-chocolate.myshopify.com,Mikal's Golden Chocolate,Truffle Box Large,6499,6499,1,,,gluten; nut free,https://goldenchocolate.ca/products/truffle-box-lg?variant=38039660822721&_gsid=sjYVYEKBHbBF&utm_source=shopify&utm_medium=catalog
dietary,chocolate_nutfree,nut free chocolate gift box,yorkvilles.myshopify.com,YORKVILLE's,Chocolate Dipped Strawberry Box,3899,3899,1,,,,https://yorkvilles.ca/products/chocolate-dipped-strawberry-box?variant=20969928070&_gsid=sjYVYEKBHbBF&utm_source=shopify&utm_medium=catalog
dietary,chocolate_nutfree,nut free chocolate gift box,wzkupr-e5.myshopify.com,Cherished Gift Baskets,Gluten-Free Treasure Box,13500,13500,1,,,gluten,https://cherishedgiftbaskets.ca/products/gluten-free-treasure-box?variant=53944171659574&_gsid=sjYVYEKBHbBF&utm_source=shopify&utm_medium=catalog
dietary,chocolate_nutfree,nut free chocolate gift box,crafty-care-packages.myshopify.com,Crafty in a Box,Nuts.com - Peanut Butter Chocolate Gift Box,7139,7139,1,,,,https://box.craftydelivers.com/products/nuts-com-peanut-butter-chocolate-gift-box?variant=44082017763543&_gsid=sjYVYEKBHbBF&utm_source=shopify&utm_medium=catalog
dietary,chocolate_nutfree,nut free chocolate gift box,igift.myshopify.com,HAZELTON's,Nifty Chocolate-Dipped Strawberry Gift Box,8999,8999,1,,,,https://www.hazeltons.ca/products/nifty-chocolate-dipped-strawberry-gift-box?variant=5645831684&_gsid=sjYVYEKBHbBF&utm_source=shopify&utm_medium=catalog
dietary,chocolate_nutfree,nut free chocolate gift box,skiptheflowers.myshopify.com,Skip The Flowers Inc.,Tasteful Treat Basket,7800,7800,1,Packaging,,gluten,https://skiptheflowers.com/products/tasteful-treat-basket?variant=45248004685973&_gsid=sjYVYEKBHbBF&utm_source=shopify&utm_medium=catalog
dietary,chocolate_nutfree,nut free chocolate gift box,mybaskets.myshopify.com,MY BASKETS,Assorted Chocolate Box,3900,3900,1,,,,https://www.mybaskets.ca/products/assorted-chocolate-box?variant=45939396772094&_gsid=sjYVYEKBHbBF&utm_source=shopify&utm_medium=catalog
dietary,chocolate_nutfree,nut free chocolate gift box,77-0164aa-mol.myshopify.com,Fleuriste Rive Sud,Delicious Box of Chocolates,2700,2700,1,,,,https://fleuristerivesud.ca/products/delicious-box-of-chocolates-prd-ckj?variant=45040158408885&_gsid=sjYVYEKBHbBF&utm_source=shopify&utm_medium=catalog
dietary,chocolate_nutfree,nut free chocolate gift box,wellboxuk.myshopify.com,WellBox,Vegan and Gluten Free Chocolate Gift,1995,1995,1,,,vegan; gluten,https://wellboxes.co.uk/products/the-vegan-chocolate-gift?variant=55147977998711&_gsid=sjYVYEKBHbBF&utm_source=shopify&utm_medium=catalog
dietary,chocolate_nutfree,nut free chocolate gift box,little-taste-of-home.myshopify.com,Little taste of home,Quality Street Carton 220g,1499,1499,1,,,,https://www.littletasteofhome.ca/products/quality-street-carton-220g?variant=43455156060377&_gsid=sjYVYEKBHbBF&utm_source=shopify&utm_medium=catalog
dietary,chocolate_nutfree,nut free chocolate gift box,nelsons-chocofellar.myshopify.com,Nelson's Chocofellar,Deluxe Assorted 30-Piece Gift Box (400g),7900,7900,1,Dietary preferences,,,https://nelsonschocofellar.com/products/extra-large-assorted-gift-box-500g?variant=48024111775882&_gsid=sjYVYEKBHbBF&utm_source=shopify&utm_medium=catalog
dietary,chocolate_nutfree,nut free chocolate gift box,reids-chocolate.myshopify.com,"Reids Chocolate, Candy & Nut Shop",Four Chocolate Box,565,565,1,Box,,,https://reidchocolates.com/products/4-chocolate-box?variant=31005027860540&_gsid=sjYVYEKBHbBF&utm_source=shopify&utm_medium=catalog
dietary,chocolate_nutfree,nut free chocolate gift box,fairs-quare.myshopify.com,Fair/Square,Chocolate Lover Gift Box,6495,6495,1,Dietary preference,custom,vegan; dairy-free,https://fair-square.ca/products/chocolate-lover-vegan-gift-basket?variant=47924421427451&_gsid=sjYVYEKBHbBF&utm_source=shopify&utm_medium=catalog
dietary,chocolate_nutfree,nut free chocolate gift box,anne-of-green-gables-chocolates.myshopify.com,ANNE of Green Gables Chocolates,Localicious Gift Box,3998,3998,1,,,,https://annechocolates.com/products/localicious?variant=36948639416485&_gsid=sjYVYEKBHbBF&utm_source=shopify&utm_medium=catalog
dietary,chocolate_nutfree,nut free chocolate gift box,sullivanbleeker.myshopify.com,Sullivan & Bleeker Baking Co.,Personalized Cookie Gift Box: Nut-Free Gift Delivery,3500,3500,1,,personaliz; custom,nut-free,https://sullivanbleeker.com/products/personalized-nut-free-cookie-gift-box-consumer?variant=49454186397984&_gsid=sjYVYEKBHbBF&utm_source=shopify&utm_medium=catalog
dietary,chocolate_nutfree,nut free chocolate gift box,chocolatas-ltd.myshopify.com,ChocolaTas LTD,Elegance Box - All Dome Collection 16 piece,4695,4695,1,,,,https://chocolatas.com/products/16-piece-elegance-dome-collection?variant=28695638704208&_gsid=sjYVYEKBHbBF&utm_source=shopify&utm_medium=catalog
dietary,chocolate_nutfree,nut free chocolate gift box,75-1062aa-mol.myshopify.com,Clarkson Flowers & Gifts ,Delicious Box of Chocolates,2800,2800,1,,,,https://clarksonflowersandgifts.ca/products/delicious-box-of-chocolates-prd-ckj?variant=44838980518063&_gsid=sjYVYEKBHbBF&utm_source=shopify&utm_medium=catalog
dietary,chocolate_nutfree,nut free chocolate gift box,nutterie.myshopify.com,Nutterie,Bianca Box - Small,8999,8999,1,Size,,,https://nutterie.com/products/bianca-box?variant=45652436844709&_gsid=sjYVYEKBHbBF&utm_source=shopify&utm_medium=catalog
dietary,chocolate_nutfree,nut free chocolate gift box,gift-it-gray.myshopify.com,Gift It Gray,Summerdown Mint Chocolate Collection,1999,1999,1,,,,https://giftitgray.ca/products/summerdown-mint-chocolate-collection?variant=43317593276551&_gsid=sjYVYEKBHbBF&utm_source=shopify&utm_medium=catalog
dietary,chocolate_nutfree,nut free chocolate gift box,marysbsweets.myshopify.com,Mary's Brigadeiro,12pcs Brigadeiro Gift Box,3900,3900,1,Flavour; Furoshiki fabric wrapping,,,https://www.marysbsweets.com/products/12-brigadeiro-gift-box?variant=42382393835629&_gsid=sjYVYEKBHbBF&utm_source=shopify&utm_medium=catalog
occasion,wedding,wedding favors for guests,evoolution.myshopify.com,Evoolution,Wedding Favours,1375,1375,1,Tags,custom,,https://evoolution.ca/products/wedding-favours?variant=42841144852595&_gsid=U5g3nU8nnD4y&utm_source=shopify&utm_medium=catalog
occasion,wedding,wedding favors for guests,mmhdg8-gd.myshopify.com,Bumbleberry Decor Ltd.,Individual Rose Favors,500,500,1,Fragrance; Color; Quantity,,,https://bumbleberrydecorltd.com/products/individual-rose-favors?variant=43990147989638&_gsid=U5g3nU8nnD4y&utm_source=shopify&utm_medium=catalog
occasion,wedding,wedding favors for guests,sfgd9w-x0.myshopify.com,Flowerhint,Personalized Seed Wedding Favours Ð Let Love Grow Flower Seeds Ð Guest Gift wedding flower,4000,4000,1,,personaliz,,https://www.flowerhint.com/products/personalized-seed-wedding-favours-d-let-love-grow-flower-seeds-d-guest-gift-wedding-flower?variant=42695975436375&_gsid=U5g3nU8nnD4y&utm_source=shopify&utm_medium=catalog
occasion,wedding,wedding favors for guests,sfgd9w-x0.myshopify.com,Flowerhint,"Custom Magnet Favors for Guest, Rustic Wedding Favors, Party Favor, Dry Flowers Bouquet, Unique Favors, Wedding Gift",2243,2243,1,,custom; personaliz,,https://www.flowerhint.com/products/custom-magnet-favors-for-guest-rustic-wedding-favors-party-favor-dry-flowers-bouquet-unique-favors-wedding-gift?variant=42680340381783&_gsid=U5g3nU8nnD4y&utm_source=shopify&utm_medium=catalog
occasion,wedding,wedding favors for guests,9cbefe-2.myshopify.com,Baby Shower Chocolate,Custom Resin Magnet Wedding Favors – Personalized Epoxy Bridal Shower Gifts for Guests,7400,7400,1,Color; Quantity; Shape,custom; personaliz,,https://babyshowerchocolate.com/products/customizable-resin-magnet-wedding-favors?variant=55861505229185&_gsid=U5g3nU8nnD4y&utm_source=shopify&utm_medium=catalog
occasion,wedding,wedding favors for guests,sfgd9w-x0.myshopify.com,Flowerhint,"Custom Pencils For Wedding Bulk Favors, Recycle Favors For Wedding Guest, Eco Friendly Gifts, Engraved Pencil Guest Favors, Save The Date seeds bulk",2009,2009,1,,custom; engrav; personaliz,,https://www.flowerhint.com/products/custom-pencils-for-wedding-bulk-favors-recycle-favors-for-wedding-guest-eco-friendly-gifts-engraved-pencil-guest-favors-save-the-date-seeds-bulk?variant=42693733580887&_gsid=U5g3nU8nnD4y&utm_source=shopify&utm_medium=catalog
occasion,wedding,wedding favors for guests,0rdkjn-1g.myshopify.com,MAIOUMA INC.,Crystal Clam Shell With Pearl,285,285,1,Package; Size,,,https://maiouma.com/products/wedding-favours-18?variant=52329666314421&_gsid=U5g3nU8nnD4y&utm_source=shopify&utm_medium=catalog
occasion,wedding,wedding favors for guests,sfgd9w-x0.myshopify.com,Flowerhint,"Magnet Favors for Guest, Wedding Favor for Guest Mini Flower Bouquet, Rustic Wedding Gift, Bridal Shower Favor,Baby Shower Favor,Party Favor",1841,1841,1,,,,https://www.flowerhint.com/products/magnet-favors-for-guest-wedding-favor-for-guest-mini-flower-bouquet-rustic-wedding-gift-bridal-shower-favor-baby-shower-favor-party-favor?variant=42680346411095&_gsid=U5g3nU8nnD4y&utm_source=shopify&utm_medium=catalog
occasion,wedding,wedding favors for guests,sfgd9w-x0.myshopify.com,Flowerhint,"Personalized Seed Pencils - Wedding Favors for Guests in Bulk, Plantable Thank You Gifts seeds bulk",1798,1798,1,,personaliz,,https://www.flowerhint.com/products/personalized-seed-pencils-wedding-favors-for-guests-in-bulk-plantable-thank-you-gifts-seeds-bulk?variant=42693748162647&_gsid=U5g3nU8nnD4y&utm_source=shopify&utm_medium=catalog
occasion,wedding,wedding favors for guests,b45d0a-ab.myshopify.com,Terra's Vibe Swedish Cloths,25 x Custom WEDDING GUEST FAVORS - any color,30000,30000,1,Number of cloths,custom; personaliz,,https://terrasvibe.com/products/personalized-wedding-favors-eco-swedish-dishcloth?variant=62614806397087&_gsid=U5g3nU8nnD4y&utm_source=shopify&utm_medium=catalog
occasion,wedding,wedding favors for guests,whiteroomfavors.myshopify.com,Whiteroomfavors,"10 pcs Mauve Rose Favors, Wedding Favors for Guests, Wedding Favors, Rustic Wedding, Custom Favors, Rustic Favors, Burlap Favor Bags",3105,3105,1,,custom,,https://whiteroomfavor.com/products/10-pcs-mauve-rose-favors-wedding-favors-for-guests-wedding-favors-favors-rustic-wedding-custom-favors-rustic-favors-burlap-favor-bags?variant=42236149858465&_gsid=U5g3nU8nnD4y&utm_source=shopify&utm_medium=catalog
occasion,wedding,wedding favors for guests,sfgd9w-x0.myshopify.com,Flowerhint,"Magnet Favors for Guest, Rustic Wedding Favors,Baby Shower Favors, Backyard Wedding Favor, Magnet Favors,Personalized Favors, Flower Favors",1816,1816,1,,personaliz,,https://www.flowerhint.com/products/magnet-favors-for-guest-rustic-wedding-favors-baby-shower-favors-backyard-wedding-favor-magnet-favors-personalized-favors-flower-favors?variant=42680509071447&_gsid=U5g3nU8nnD4y&utm_source=shopify&utm_medium=catalog
occasion,wedding,wedding favors for guests,sfgd9w-x0.myshopify.com,Flowerhint,Personalized Seed Pen Favors: Plantable Wedding Guest Thank You Gifts seeds bulk,5731,5731,1,,personaliz,,https://www.flowerhint.com/products/personalized-seed-pen-favors-plantable-wedding-guest-thank-you-gifts-seeds-bulk?variant=42693747769431&_gsid=U5g3nU8nnD4y&utm_source=shopify&utm_medium=catalog
occasion,wedding,wedding favors for guests,whiteroomfavors.myshopify.com,Whiteroomfavors,"5 pcs Wedding favors, Peacock favors, Wedding favors for guests, Baptism, Favours, Engagement favors, Party favors, Party Supplies",5081,5081,1,,custom,,https://whiteroomfavor.com/products/5-pcs-favors-wedding-favors-peacock-favors-wedding-favors-for-guests-baptism-favours-engagement-favors-party-favors-party-supplies?variant=42236118761633&_gsid=U5g3nU8nnD4y&utm_source=shopify&utm_medium=catalog
occasion,wedding,wedding favors for guests,sfgd9w-x0.myshopify.com,Flowerhint,"10 PIECES of Confetti Flower Wedding Favors, Communion, Almond Favors, Bomboniere, Italian favors, Jordan almonds flowers, Koufeta, Favours",9399,9399,1,,,,https://www.flowerhint.com/products/10-pieces-of-confetti-flower-wedding-favors-communion-almond-favors-bomboniere-italian-favors-jordan-almonds-flowers-koufeta-favours?variant=42680868044887&_gsid=U5g3nU8nnD4y&utm_source=shopify&utm_medium=catalog
occasion,wedding,wedding favors for guests,mmhdg8-gd.myshopify.com,Bumbleberry Decor Ltd.,Personalized Wedding Favor - Heart wax Melt,500,500,1,Scent; Quantity,personaliz; custom,,https://bumbleberrydecorltd.com/products/personalized-wedding-favor-heart?variant=43750261063814&_gsid=U5g3nU8nnD4y&utm_source=shopify&utm_medium=catalog
occasion,wedding,wedding favors for guests,sfgd9w-x0.myshopify.com,Flowerhint,Plantable Seed Pencil Favors with Personalized Cards: Eco-Friendly Gifts seeds bulk,1763,1763,1,,personaliz,,https://www.flowerhint.com/products/plantable-seed-pencil-favors-with-personalized-cards-eco-friendly-gifts-seeds-bulk?variant=42693749440599&_gsid=U5g3nU8nnD4y&utm_source=shopify&utm_medium=catalog
occasion,wedding,wedding favors for guests,plumpolkadot.myshopify.com,PlumPolkaDot,"Teal and Gold Wedding Favors Thank You, Wine Charm Wedding Gifts for Guests, Wedding Favors Champagne Glass Charm Swarovski Crystal",399,399,1,,personaliz,,https://www.plumpolkadot.com/products/teal-and-gold-wedding-favors-thank-you-4815?variant=31150532034649&_gsid=U5g3nU8nnD4y&utm_source=shopify&utm_medium=catalog
occasion,wedding,wedding favors for guests,plumpolkadot.myshopify.com,PlumPolkaDot,"Lace Print Bridal Shower Favors, Hair Tie Wedding Shower Thank You Gifts for Guests, Bridal Shower Decorations, Bachelorette Hair Tie Favors",199,199,1,,personaliz,,https://www.plumpolkadot.com/products/lace-print-bridal-shower-favors-hair-3308?variant=31150346010713&_gsid=U5g3nU8nnD4y&utm_source=shopify&utm_medium=catalog
occasion,wedding,wedding favors for guests,sfgd9w-x0.myshopify.com,Flowerhint,Personalized Wildflower Seed Paper Heart Wedding Favors for Guests in Bulk seeds bulk,6864,6864,1,,personaliz,,https://www.flowerhint.com/products/personalized-wildflower-seed-paper-heart-wedding-favors-for-guests-in-bulk-seeds-bulk?variant=42693748752471&_gsid=U5g3nU8nnD4y&utm_source=shopify&utm_medium=catalog
occasion,wedding,wedding favors for guests,sfgd9w-x0.myshopify.com,Flowerhint,"Personalized Seed Pencils - Custom Plantable Eco Friendly favors, Thank You Gift for Guests seeds bulk",1831,1831,1,,personaliz; custom,,https://www.flowerhint.com/products/personalized-seed-pencils-custom-plantable-eco-friendly-favors-thank-you-gift-for-guests-seeds-bulk?variant=42693748064343&_gsid=U5g3nU8nnD4y&utm_source=shopify&utm_medium=catalog
occasion,wedding,wedding favors for guests,nelson-olive-oil-co.myshopify.com,Nelson Olive Oil Co,VIP Package - Weddings & Events,1700,1700,1,Select quantity pricing,custom; personaliz,,https://www.nelsonoliveoil.ca/products/vip-custom-wedding-event-favours?variant=43119112650806&_gsid=U5g3nU8nnD4y&utm_source=shopify&utm_medium=catalog
occasion,wedding,wedding favors for guests,plumpolkadot.myshopify.com,PlumPolkaDot,"Christmas Wedding Favors for Guests, Swarovski Crystal Wine Charms",399,399,1,,personaliz,,https://www.plumpolkadot.com/products/christmas-wedding-favors-for-guests-4497?variant=31150500380761&_gsid=U5g3nU8nnD4y&utm_source=shopify&utm_medium=catalog
occasion,wedding,wedding favors for guests,0rdkjn-1g.myshopify.com,MAIOUMA INC.,Personalized Engraved Wooden Wedding Fans for Wedding Favor Party Favor,135,135,1,Qty; Size,personaliz; engrav; custom,,https://maiouma.com/products/wedding-favour-10?variant=52346591117493&_gsid=U5g3nU8nnD4y&utm_source=shopify&utm_medium=catalog
occasion,wedding,wedding favors for guests,sticks-doodles.myshopify.com,Sticks & Doodles,Round Wood Wedding Guestbook Sign,15500,15500,1,Size; Build time,personaliz,,https://sticksanddoodles.com/products/round-wood-guestbook?variant=42433657471072&_gsid=U5g3nU8nnD4y&utm_source=shopify&utm_medium=catalog
occasion,wedding,wedding favors for guests,plumpolkadot.myshopify.com,PlumPolkaDot,"Yellow Floral Wedding Favors, Swarovski Crystal Wine Charms",399,399,1,,personaliz,,https://www.plumpolkadot.com/products/yellow-wedding-favors-for-guests-4764?variant=31150528004185&_gsid=U5g3nU8nnD4y&utm_source=shopify&utm_medium=catalog
occasion,wedding,wedding favors for guests,sfgd9w-x0.myshopify.com,Flowerhint,Personalized Mini Seed Pencil with Custom Name | Plantable Wedding Favor | Eco Friendly Party Gift seeds bulk,4012,4012,1,,personaliz; custom,,https://www.flowerhint.com/products/personalized-mini-seed-pencil-with-custom-name-plantable-wedding-favor-eco-friendly-party-gift-seeds-bulk?variant=42693747310679&_gsid=U5g3nU8nnD4y&utm_source=shopify&utm_medium=catalog
occasion,wedding,wedding favors for guests,u7k1ad-8q.myshopify.com,Lee Chocolate,Signature Gold Wedding Favors,1999,1999,1,Size,,,https://leechoco.ca/products/signature-gold-wedding-favors?variant=52734842634553&_gsid=U5g3nU8nnD4y&utm_source=shopify&utm_medium=catalog
occasion,wedding,wedding favors for guests,sfgd9w-x0.myshopify.com,Flowerhint,"Personalized Peony Candle Wedding Favors, Engagement Favors, Wedding Candle Favors for Guest, Handmade Wedding Keepsakes, Baby Shower Gifts wedding flower",8470,8470,1,,personaliz,,https://www.flowerhint.com/products/personalized-peony-candle-wedding-favors-engagement-favors-wedding-candle-favors-for-guest-handmade-wedding-keepsakes-baby-shower-gifts-wedding-flower?variant=42695975338071&_gsid=U5g3nU8nnD4y&utm_source=shopify&utm_medium=catalog
occasion,wedding,wedding favors for guests,mmhdg8-gd.myshopify.com,Bumbleberry Decor Ltd.,Personalized Wedding Favors - Butterfly Wax Melts,500,500,1,Scent; Quantity,personaliz; custom; initials,,https://bumbleberrydecorltd.com/products/personalized-wedding-favors-heart-of-butterfly-wax-melts?variant=43750263554182&_gsid=U5g3nU8nnD4y&utm_source=shopify&utm_medium=catalog
occasion,wedding,wedding favors for guests,sfgd9w-x0.myshopify.com,Flowerhint,Personalized Seed Pencil with Custom Name | Plantable Wedding Favor | Eco Friendly Party Gift seeds bulk,4776,4776,1,,personaliz; custom,,https://www.flowerhint.com/products/personalized-seed-pencil-with-custom-name-plantable-wedding-favor-eco-friendly-party-gift-seeds-bulk?variant=42693747998807&_gsid=U5g3nU8nnD4y&utm_source=shopify&utm_medium=catalog
occasion,wedding,wedding favors for guests,sfgd9w-x0.myshopify.com,Flowerhint,Personalized Wildflower Seed Paper Heart Wedding Favors for Guests in Bulk wedding flower,6864,6864,1,,personaliz; custom,,https://www.flowerhint.com/products/personalized-wildflower-seed-paper-heart-wedding-favors-for-guests-in-bulk-wedding-flower?variant=42695975632983&_gsid=U5g3nU8nnD4y&utm_source=shopify&utm_medium=catalog
occasion,wedding,wedding favors for guests,sfgd9w-x0.myshopify.com,Flowerhint,Personalized Wildflower Seed Paper Wedding Favor - Eco-Friendly Favors for Guests in Bulk seeds bulk,1777,1777,1,,personaliz; custom,,https://www.flowerhint.com/products/personalized-wildflower-seed-paper-wedding-favor-eco-friendly-favors-for-guests-in-bulk-seeds-bulk?variant=42693748785239&_gsid=U5g3nU8nnD4y&utm_source=shopify&utm_medium=catalog
occasion,wedding,wedding favors for guests,sfgd9w-x0.myshopify.com,Flowerhint,Bulk Seed Paper Wedding Favor Seed Paper Favor Flower Seed Wedding Favor for Guests Bulk Seed Wedding Favor Plantable Wildflower Seed Paper,13189,13189,1,,,,https://www.flowerhint.com/products/bulk-seed-paper-wedding-favor-seed-paper-favor-flower-seed-wedding-favor-for-guests-bulk-seed-wedding-favor-plantable-wildflower-seed-paper?variant=42680800903255&_gsid=U5g3nU8nnD4y&utm_source=shopify&utm_medium=catalog
occasion,wedding,wedding favors for guests,sfgd9w-x0.myshopify.com,Flowerhint,"Plantable Wildflower Seed Paper Favors, Eco-Friendly Wedding, Bridal Shower, Baby Shower Favours for Guests seeds bulk",5568,5568,1,,,,https://www.flowerhint.com/products/plantable-wildflower-seed-paper-favors-eco-friendly-wedding-bridal-shower-baby-shower-favours-for-guests-seeds-bulk?variant=42693751636055&_gsid=U5g3nU8nnD4y&utm_source=shopify&utm_medium=catalog
occasion,wedding,wedding favors for guests,sfgd9w-x0.myshopify.com,Flowerhint,Mini bouquet - Wedding favors for guest - Magnet dried flowers bouquet - Bulk souvenir,2062,2062,1,,,,https://www.flowerhint.com/products/mini-bouquet-wedding-favors-for-guest-magnet-dried-flowers-bouquet-bulk-souvenir?variant=42680477057111&_gsid=U5g3nU8nnD4y&utm_source=shopify&utm_medium=catalog
occasion,wedding,wedding favors for guests,sfgd9w-x0.myshopify.com,Flowerhint,"Bulk Wildflower Seed Paper Wedding Favors,  Seeded Heart Favour for Guests in Bulk seeds bulk",7019,7019,1,,,,https://www.flowerhint.com/products/bulk-wildflower-seed-paper-wedding-favors-seeded-heart-favour-for-guests-in-bulk-seeds-bulk?variant=42693729517655&_gsid=U5g3nU8nnD4y&utm_source=shopify&utm_medium=catalog
occasion,wedding,wedding favors for guests,sfgd9w-x0.myshopify.com,Flowerhint,"Colorful dried flower bouquet favor mini,Boho bouquet favor mini,Magnet favors,wedding favors,bouquet favor for guests,Rustic wedding favors",2147,2147,1,,,,https://www.flowerhint.com/products/colorful-dried-flower-bouquet-favor-mini-boho-bouquet-favor-mini-magnet-favors-wedding-favors-bouquet-favor-for-guests-rustic-wedding-favors?variant=42680369512535&_gsid=U5g3nU8nnD4y&utm_source=shopify&utm_medium=catalog
occasion,wedding,wedding favors for guests,plumpolkadot.myshopify.com,PlumPolkaDot,"Spring Floral Wedding Favors, Swarovski Crystal Wine Charm",399,399,1,,personaliz,,https://www.plumpolkadot.com/products/spring-wedding-favors-for-guests-4796?variant=31150531280985&_gsid=U5g3nU8nnD4y&utm_source=shopify&utm_medium=catalog
occasion,wedding,wedding favors for guests,9cbefe-2.myshopify.com,Baby Shower Chocolate,Islamic Wedding Favors Ayatul Kursi Resin Magnet Custom Epoxy Personalized Gift Bridal Shower Guest Souvenir Bulk,3000,3000,1,Design; Quantity,custom; personaliz,,https://babyshowerchocolate.com/products/personalized-islamic-ayatul-kursi-resin-magnet?variant=55861598552449&_gsid=U5g3nU8nnD4y&utm_source=shopify&utm_medium=catalog
occasion,wedding,wedding favors for guests,just-closeouts-canada-inc.myshopify.com,Just Closeouts Canada Inc.,"Folding Handheld Paper Fans - 24pcs Heart Folding Fan-Wedding Favors for Guests, Wedding Fans for Guests Personalised, White",1299,1299,1,,personalis,,https://justcloseoutscanada.ca/products/sjeng-folding-handheld-paper-fans-24pcs-heart-folding-fan-wedding-favors-for-guests-wedding-fans-for-guests-personalised-white?variant=43857722048703&_gsid=U5g3nU8nnD4y&utm_source=shopify&utm_medium=catalog
occasion,wedding,wedding favors for guests,sfgd9w-x0.myshopify.com,Flowerhint,"Magnet favors bouquet mini, Boho dry flower bouquet favors for guests,Boho rustic decoration,Bulk gifts bouquet,Thank you favor,personalized",2147,2147,1,,personaliz,,https://www.flowerhint.com/products/magnet-favors-bouquet-mini-boho-dry-flower-bouquet-favors-for-guests-boho-rustic-decoration-bulk-gifts-bouquet-thank-you-favor-personalized?variant=42680361582679&_gsid=U5g3nU8nnD4y&utm_source=shopify&utm_medium=catalog
occasion,wedding,wedding favors for guests,sfgd9w-x0.myshopify.com,Flowerhint,Mini bouquet - Wedding favors for guest - Dried flowers bouquet with name tags - Bulk souvenir - Table place cards,2062,2062,1,,,,https://www.flowerhint.com/products/mini-bouquet-wedding-favors-for-guest-dried-flowers-bouquet-with-name-tags-bulk-souvenir-table-place-cards?variant=42680767414359&_gsid=U5g3nU8nnD4y&utm_source=shopify&utm_medium=catalog
occasion,wedding,wedding favors for guests,plumpolkadot.myshopify.com,PlumPolkaDot,"Greenery Wedding Favors for Guests, Wine Charm - G100",399,399,1,,personaliz,,https://www.plumpolkadot.com/products/greenery-wedding-favors-for-guests-95737?variant=39811455647833&_gsid=U5g3nU8nnD4y&utm_source=shopify&utm_medium=catalog
occasion,wedding,wedding favors for guests,sfgd9w-x0.myshopify.com,Flowerhint,Personalized Wedding Favors Ð Bridal Shower & Engagement Favor Ð Handmade Peony Candle Ð Customized Gift for Guests wedding flower,4131,4131,1,,personaliz; custom,,https://www.flowerhint.com/products/personalized-wedding-favors-d-bridal-shower-engagement-favor-d-handmade-peony-candle-d-customized-gift-for-guests-wedding-flower?variant=42695975501911&_gsid=U5g3nU8nnD4y&utm_source=shopify&utm_medium=catalog
occasion,wedding,wedding favors for guests,sfgd9w-x0.myshopify.com,Flowerhint,Plantable Wildflower Seed Paper Hearts: Eco-Friendly Wedding Favors wedding flower,5472,5472,1,,,,https://www.flowerhint.com/products/plantable-wildflower-seed-paper-hearts-eco-friendly-wedding-favors-wedding-flower?variant=42695976386647&_gsid=U5g3nU8nnD4y&utm_source=shopify&utm_medium=catalog
occasion,wedding,wedding favors for guests,heavenpartyflowers.myshopify.com,Heavenpartyflowers,Tea Favors,8800,8800,1,Tea option; Quantity,personaliz,,https://heavenpartyflowers.com/products/tea-favors?variant=47538001903871&_gsid=U5g3nU8nnD4y&utm_source=shopify&utm_medium=catalog
occasion,wedding,wedding favors for guests,ambassador-laser-engraving.myshopify.com,Ambassador Engraving,Wedding Favors,495,495,1,Additional cost for engraving.,custom; engrav; personaliz,,https://ambassadorlaser.com/products/wedding-favors?variant=45730488746150&_gsid=U5g3nU8nnD4y&utm_source=shopify&utm_medium=catalog
occasion,wedding,wedding favors for guests,plumpolkadot.myshopify.com,PlumPolkaDot,"Red Floral Winter Wedding Favors, Swarovski Crystal Wine Charm",399,399,1,,personaliz,,https://www.plumpolkadot.com/products/winter-wedding-favors-for-guests-4604?variant=31150511226969&_gsid=U5g3nU8nnD4y&utm_source=shopify&utm_medium=catalog
occasion,baby_shower,baby shower favors,plumpolkadot.myshopify.com,PlumPolkaDot,"Tropical Baby Shower Favors, Hawaiian, Hair Scrunchies - ST100",499,499,1,,personaliz,,https://www.plumpolkadot.com/products/tropical-baby-shower-favors-hair-16768?variant=39331487121497&_gsid=JHhDm5duxyGN&utm_source=shopify&utm_medium=catalog
occasion,baby_shower,baby shower favors,vxuztj-th.myshopify.com,the Cubit Lab,DIY Personalized Baby Shower Favors – Blossom Baby Girl,4100,4100,1,Size,personaliz,,https://thecubitlab.com/products/personalized-baby-boy-baptism-favors?variant=62937302991178&_gsid=JHhDm5duxyGN&utm_source=shopify&utm_medium=catalog
occasion,baby_shower,baby shower favors,mmhdg8-gd.myshopify.com,Bumbleberry Decor Ltd.,"""Oh Baby!"" Teddy Bear Favors",4000,4000,1,Color; Quantity,,,https://bumbleberrydecorltd.com/products/oh-baby-teddy-bear-favors?variant=43746061811846&_gsid=JHhDm5duxyGN&utm_source=shopify&utm_medium=catalog
occasion,baby_shower,baby shower favors,brandondemandio.myshopify.com,Brand On Demand,We Can Bearly Wait Baby Shower Party Favor Set – Teddy Bear Theme | Printable Bundle | Custom Boho Aviator Baby Shower Decorations | Mockups | PNGs,7100,7100,1,Title,custom,,https://shop.innateacademy.com/products/we-can-bearly-wait-baby-shower-party-favor-set-teddy-bear-theme-printable-bundle-custom-boho-aviator-baby-shower-decorations-mockups-pngs?variant=47532924272882&_gsid=JHhDm5duxyGN&utm_source=shopify&utm_medium=catalog
occasion,baby_shower,baby shower favors,plumpolkadot.myshopify.com,PlumPolkaDot,"Greenery Baby Shower Favors, Oh Baby Sip and See Guest Gifts - G100",399,399,1,,personaliz,,https://www.plumpolkadot.com/products/greenery-baby-shower-favors-wine-charm-12135?variant=39811403415641&_gsid=JHhDm5duxyGN&utm_source=shopify&utm_medium=catalog
occasion,baby_shower,baby shower favors,0rdkjn-1g.myshopify.com,MAIOUMA INC.,Tie Bow for Baby Shower Party Favor,15,15,1,Color; Qty; Size,,,https://maiouma.com/products/tie-bow-for-baby?variant=52323428860085&_gsid=JHhDm5duxyGN&utm_source=shopify&utm_medium=catalog
occasion,baby_shower,baby shower favors,mmhdg8-gd.myshopify.com,Bumbleberry Decor Ltd.,Teddy Bear with Daisy Baby Shower Favor or Gift,699,699,1,Color; Quantity,,,https://bumbleberrydecorltd.com/products/teddy-bear-with-daisy-baby-shower-favor-or-gift?variant=43746106507398&_gsid=JHhDm5duxyGN&utm_source=shopify&utm_medium=catalog
occasion,baby_shower,baby shower favors,mmhdg8-gd.myshopify.com,Bumbleberry Decor Ltd.,Little Elephant Baby Shower Favor,4000,4000,1,Scent; Quantity,custom,,https://bumbleberrydecorltd.com/products/little-elephant-baby-shower-favor?variant=43746124595334&_gsid=JHhDm5duxyGN&utm_source=shopify&utm_medium=catalog
occasion,baby_shower,baby shower favors,plumpolkadot.myshopify.com,PlumPolkaDot,"It's A Boy Baby Shower Favors, Dusty Blue & Silver, Hair Ties",499,499,1,,personaliz; custom,,https://www.plumpolkadot.com/products/personalized-dusty-blue-silver-hair-tie-favors?variant=8178728599647&_gsid=JHhDm5duxyGN&utm_source=shopify&utm_medium=catalog
occasion,baby_shower,baby shower favors,19vzqf-m9.myshopify.com,Babyease,Baby Gift Box,7000,7000,1,Gender; Box type,,,https://shopbabyease.com/products/baby-gift-box?variant=43754518216778&_gsid=JHhDm5duxyGN&utm_source=shopify&utm_medium=catalog
occasion,baby_shower,baby shower favors,plumpolkadot.myshopify.com,PlumPolkaDot,"Buffalo Plaid Bear Theme Baby Shower Favors, Mama Bear Hair Don't Care, Hair Scrunchies",499,499,1,,custom,,https://www.plumpolkadot.com/products/bear-theme-baby-shower-favors-boy-hair-13063?variant=39328504283225&_gsid=JHhDm5duxyGN&utm_source=shopify&utm_medium=catalog
occasion,baby_shower,baby shower favors,plumpolkadot.myshopify.com,PlumPolkaDot,"Sprinkle Baby Shower Favors, Aqua, Hair Ties",399,399,1,,personaliz,,https://www.plumpolkadot.com/products/sprinkle-baby-shower-favors-baby-4566?variant=31150507130969&_gsid=JHhDm5duxyGN&utm_source=shopify&utm_medium=catalog
occasion,baby_shower,baby shower favors,mmhdg8-gd.myshopify.com,Bumbleberry Decor Ltd.,"""Oh Baby"" Lion Party Favors",500,500,1,Color; Quantity; Design options for back,,,https://bumbleberrydecorltd.com/products/oh-baby-lion-party-favors?variant=43745906000006&_gsid=JHhDm5duxyGN&utm_source=shopify&utm_medium=catalog
occasion,baby_shower,baby shower favors,plumpolkadot.myshopify.com,PlumPolkaDot,"Bear Theme Baby Shower Favors, Mama Bear Hair Don't Care, Hair Scrunchies",499,499,1,,custom,,https://www.plumpolkadot.com/products/bear-baby-shower-favors-boy-hair-91591?variant=39328496975961&_gsid=JHhDm5duxyGN&utm_source=shopify&utm_medium=catalog
occasion,baby_shower,baby shower favors,plumpolkadot.myshopify.com,PlumPolkaDot,"Bee Baby Shower Favors, Hair Ties",499,499,1,,personaliz; custom,,https://www.plumpolkadot.com/products/copy-of-baby-its-cold-outside-baby-shower-favors-personalized-3?variant=8178725748831&_gsid=JHhDm5duxyGN&utm_source=shopify&utm_medium=catalog
occasion,baby_shower,baby shower favors,eastvanbees.myshopify.com,eastvanbees,"Honey Favors for Weddings, Bridal Shower, Baby Shower, Special day - Single Jar",425,425,1,Dipper; Ribbon color,,,https://www.eastvanbees.com/products/honey-favors-for-weddings-bridal-shower-baby-shower-special-day-single-jar?variant=12222066622548&_gsid=JHhDm5duxyGN&utm_source=shopify&utm_medium=catalog
occasion,baby_shower,baby shower favors,plumpolkadot.myshopify.com,PlumPolkaDot,"Desert Boho Pampas Grass Baby Shower Favors, Hair Scrunchies  - DP100",499,499,1,,personaliz,,https://www.plumpolkadot.com/products/desert-boho-baby-shower-favors-hair-14173?variant=39331227172953&_gsid=JHhDm5duxyGN&utm_source=shopify&utm_medium=catalog
occasion,baby_shower,baby shower favors,plumpolkadot.myshopify.com,PlumPolkaDot,"It's a Boy Baby Shower Favors, Aqua and Teal Glitter, Hair Ties",399,399,1,,personaliz; custom,,https://www.plumpolkadot.com/products/boy-baby-shower-favors-blue-baby-3839?variant=31150396506201&_gsid=JHhDm5duxyGN&utm_source=shopify&utm_medium=catalog
occasion,baby_shower,baby shower favors,plumpolkadot.myshopify.com,PlumPolkaDot,"Blush Pastel Floral Girl Baby Shower Favors, Hair Scrunchie",499,499,1,,personaliz; custom,,https://www.plumpolkadot.com/products/baby-shower-favors-girl-scrunchie-hair-44173?variant=39811342631001&_gsid=JHhDm5duxyGN&utm_source=shopify&utm_medium=catalog
occasion,baby_shower,baby shower favors,party-stuff-v4.myshopify.com,Party Stuff,Baby Bottle Favor Blue-multi,899,899,1,,,,https://www.partystuff.ca/products/baby-bottle-favor-blue-multi?variant=37175409770656&_gsid=JHhDm5duxyGN&utm_source=shopify&utm_medium=catalog
occasion,baby_shower,baby shower favors,plumpolkadot.myshopify.com,PlumPolkaDot,"Mermaid Vibes Baby Shower Favors, Hair Scrunchies",499,499,1,,personaliz,,https://www.plumpolkadot.com/products/mermaid-baby-shower-favors-baby-shower-6812?variant=31492748312665&_gsid=JHhDm5duxyGN&utm_source=shopify&utm_medium=catalog
occasion,baby_shower,baby shower favors,mmhdg8-gd.myshopify.com,Bumbleberry Decor Ltd.,Lion Party Favors -customizable!,500,500,1,Favor options; Quantity,custom,,https://bumbleberrydecorltd.com/products/lion-party-favors-customizable?variant=43746005975174&_gsid=JHhDm5duxyGN&utm_source=shopify&utm_medium=catalog
occasion,baby_shower,baby shower favors,mmhdg8-gd.myshopify.com,Bumbleberry Decor Ltd.,Teddy Bear Favors - Customizable!,500,500,1,Favor options; Quantity,custom; personaliz,,https://bumbleberrydecorltd.com/products/teddy-bear-favors-customizable?variant=43746068332678&_gsid=JHhDm5duxyGN&utm_source=shopify&utm_medium=catalog
occasion,baby_shower,baby shower favors,garden-gate-home-decor.myshopify.com,GARDEN GATE HOME DECOR,WOODLAND BABY FAVOR BOX,1499,1499,1,,,,https://gardengatehomedecor.ca/products/woodland-baby-favor-box?variant=47738291093795&_gsid=JHhDm5duxyGN&utm_source=shopify&utm_medium=catalog
occasion,baby_shower,baby shower favors,plumpolkadot.myshopify.com,PlumPolkaDot,"Mama To Bee Baby Shower Favors, Hair Ties",3990,3990,1,,personaliz,,https://www.plumpolkadot.com/products/mama-to-bee-baby-shower-favors-hair-3141?variant=31150332346457&_gsid=JHhDm5duxyGN&utm_source=shopify&utm_medium=catalog
occasion,baby_shower,baby shower favors,plumpolkadot.myshopify.com,PlumPolkaDot,"Mama Bear Baby Shower Favors, Hair Ties",399,399,1,,personaliz; custom,,https://www.plumpolkadot.com/products/mama-bear-baby-shower-favors-mama-bear-4225?variant=31150468759641&_gsid=JHhDm5duxyGN&utm_source=shopify&utm_medium=catalog
occasion,baby_shower,baby shower favors,plumpolkadot.myshopify.com,PlumPolkaDot,"Party Like a Panda Baby Shower Favors, Panda Party, Hair Scrunchies",499,499,1,,personaliz,,https://www.plumpolkadot.com/products/panda-baby-shower-favors-hair-0614?variant=31553084686425&_gsid=JHhDm5duxyGN&utm_source=shopify&utm_medium=catalog
occasion,baby_shower,baby shower favors,lulaflora.myshopify.com,Lula Flora,Baby in Bloom Personalized Favor Tags,2600,2600,1,Color; Quantity,personaliz; custom,,https://lulaflora.com/products/personalized-papel-picado-fiesta-cupcake-toppers-copy?variant=43439673835619&_gsid=JHhDm5duxyGN&utm_source=shopify&utm_medium=catalog
occasion,baby_shower,baby shower favors,b45d0a-ab.myshopify.com,Terra's Vibe Swedish Cloths,25 x Custom BABY SHOWER FAVORS,30000,30000,1,Number of cloths,custom; personaliz,,https://terrasvibe.com/products/baby-shower-favor-swedish-dishcloth-personalized?variant=62614825238687&_gsid=JHhDm5duxyGN&utm_source=shopify&utm_medium=catalog
occasion,baby_shower,baby shower favors,plumpolkadot.myshopify.com,PlumPolkaDot,"A Sweet Little Peach Is On The Way Baby Shower Favors, Sweet as a Peach, Hair Scrunchies",499,499,1,,personaliz,,https://www.plumpolkadot.com/products/a-sweet-little-peach-is-on-the-way-baby-99663?variant=39328442843225&_gsid=JHhDm5duxyGN&utm_source=shopify&utm_medium=catalog
occasion,baby_shower,baby shower favors,plumpolkadot.myshopify.com,PlumPolkaDot,"Nautical Baby Shower Favor, Hair Ties",499,499,1,,personaliz,,https://www.plumpolkadot.com/products/personalized-nautical-hair-tie-party-favors?variant=8178711920735&_gsid=JHhDm5duxyGN&utm_source=shopify&utm_medium=catalog
occasion,baby_shower,baby shower favors,plumpolkadot.myshopify.com,PlumPolkaDot,"Pineapple Baby Shower Favors, Party Like A Pineapple, Hair Scrunchies",499,499,1,,personaliz,,https://www.plumpolkadot.com/products/pineapple-baby-shower-favors-hair-95879?variant=39331369386073&_gsid=JHhDm5duxyGN&utm_source=shopify&utm_medium=catalog
occasion,baby_shower,baby shower favors,plumpolkadot.myshopify.com,PlumPolkaDot,"It's a Girl Baby Shower Favors, Pink and Aqua Floral, Hair Ties",399,399,1,,personaliz,,https://www.plumpolkadot.com/products/personalized-baby-shower-favors-unique-4660?variant=31150517846105&_gsid=JHhDm5duxyGN&utm_source=shopify&utm_medium=catalog
occasion,baby_shower,baby shower favors,ohsnp.myshopify.com,Quanta Intelligence,Midjourney Custom Baby Shower Favors: Personalized and Adorable Keepsakes,600,600,1,,custom; personaliz,,https://shop.quantaintelligence.ai/products/midjourney-custom-baby-shower-favors-personalized-and-adorable-keepsakes-prompt?variant=45169304830258&_gsid=JHhDm5duxyGN&utm_source=shopify&utm_medium=catalog
occasion,baby_shower,baby shower favors,scrap-bits.myshopify.com,Scrap Bits,"Pink Bow Thank You Labels, Baby Shower Favor Stickers or Tags",875,875,1,Size + type,personaliz,,https://scrap-bits.com/products/pink-bow-thank-you-labels-baby-shower-favor-stickers-or-tags?variant=45240742084787&_gsid=JHhDm5duxyGN&utm_source=shopify&utm_medium=catalog
occasion,baby_shower,baby shower favors,baby-joy-canada.myshopify.com,Baby Joy Canada,Zeronto Classic Gift Basket - Custom Your Own,12500,12500,1,,custom,,https://babyjoy.ca/products/zeronto-classic-gift-basket-custom-your-own?variant=45102175944924&_gsid=JHhDm5duxyGN&utm_source=shopify&utm_medium=catalog
occasion,baby_shower,baby shower favors,partyexpertballoon.myshopify.com,Party Expert,"Pink Floral Elephant Favor Boxes, 8 Count",449,449,1,,,,https://www.party-expert.com/products/pink-floral-elephant-favor-boxes-8-count?variant=38084236574906&_gsid=JHhDm5duxyGN&utm_source=shopify&utm_medium=catalog
occasion,baby_shower,baby shower favors,plumpolkadot.myshopify.com,PlumPolkaDot,"It's A Girl Baby Shower Favors, Grey & Purple, Hair Ties",499,499,1,,personaliz,,https://www.plumpolkadot.com/products/personalized-grey-purple-hair-tie-favors?variant=8178706022495&_gsid=JHhDm5duxyGN&utm_source=shopify&utm_medium=catalog
occasion,baby_shower,baby shower favors,plumpolkadot.myshopify.com,PlumPolkaDot,"Lemon Baby Shower Favors Gender Neutral, Citrus Baby Shower, Hair Scrunchie",499,499,1,,personaliz,,https://www.plumpolkadot.com/products/lemon-baby-shower-favors-gender-neutral-81830?variant=39298614591577&_gsid=JHhDm5duxyGN&utm_source=shopify&utm_medium=catalog
occasion,baby_shower,baby shower favors,mmhdg8-gd.myshopify.com,Bumbleberry Decor Ltd.,Unicorn Baby Shower Favor - Customizable!,4000,4000,1,Favor options; Quantity,custom,,https://bumbleberrydecorltd.com/products/unicorn-baby-shower-favor-customizable?variant=43746182267014&_gsid=JHhDm5duxyGN&utm_source=shopify&utm_medium=catalog
occasion,baby_shower,baby shower favors,plumpolkadot.myshopify.com,PlumPolkaDot,"Fall Pumpkin Baby Shower Favors, Hair Ties",499,499,1,,personaliz,,https://www.plumpolkadot.com/products/fall-baby-shower-favors-pumpkin-favors-for-baby?variant=13632686456921&_gsid=JHhDm5duxyGN&utm_source=shopify&utm_medium=catalog
occasion,baby_shower,baby shower favors,baby-joy-canada.myshopify.com,Baby Joy Canada,Zeronto Signature Gift Basket - Custom Your Own,20800,20800,1,,custom,,https://babyjoy.ca/products/zeronto-signature-gift-basket-custom-your-own?variant=45058983723228&_gsid=JHhDm5duxyGN&utm_source=shopify&utm_medium=catalog
occasion,baby_shower,baby shower favors,plumpolkadot.myshopify.com,PlumPolkaDot,"Blue Floral Baby Shower Favors Boy, Hair Scrunchies - BF100",499,499,1,,personaliz,,https://www.plumpolkadot.com/products/blue-floral-baby-shower-favors-boy-hair-93878?variant=39328506675289&_gsid=JHhDm5duxyGN&utm_source=shopify&utm_medium=catalog
occasion,baby_shower,baby shower favors,inventory-barterpay.myshopify.com,BarterPay Online Marketplace,Baby Girl Shower Favors - set of 19,1500,1500,1,,,,https://store.barterpay.ca/products/baby-girl-shower-favors-set-of-19?variant=46751702089974&_gsid=JHhDm5duxyGN&utm_source=shopify&utm_medium=catalog
occasion,baby_shower,baby shower favors,a0qrkj-ex.myshopify.com,Cookies By Design - Canada,Baby Blocks,6999,6999,1,,custom,,https://cookiesbydesign.ca/products/baby-blocks?variant=50141209559328&_gsid=JHhDm5duxyGN&utm_source=shopify&utm_medium=catalog
occasion,baby_shower,baby shower favors,plumpolkadot.myshopify.com,PlumPolkaDot,"Floral Baby Shower Favors, Pink and Gold, Hair Ties  - FR100",399,399,1,,personaliz,,https://www.plumpolkadot.com/products/baby-shower-favors-girl-floral-baby-8791?variant=31568603021401&_gsid=JHhDm5duxyGN&utm_source=shopify&utm_medium=catalog
occasion,baby_shower,baby shower favors,plumpolkadot.myshopify.com,PlumPolkaDot,"Adventure Awaits Baby Shower Favor, Mountain Theme Boy Baby Shower Guest Gifts, Hair Scrunchie",499,499,1,,personaliz,,https://www.plumpolkadot.com/products/adventure-awaits-baby-shower-favor-hair-75042?variant=39811557326937&_gsid=JHhDm5duxyGN&utm_source=shopify&utm_medium=catalog
occasion,baby_shower,baby shower favors,plumpolkadot.myshopify.com,PlumPolkaDot,"It's a Girl Pink and Gold Baby Shower Favors, Hair Ties",3999,3999,1,,personaliz,,https://www.plumpolkadot.com/products/girl-baby-shower-favors-baby-shower-3677?variant=31150378352729&_gsid=JHhDm5duxyGN&utm_source=shopify&utm_medium=catalog
occasion,baby_shower,baby shower favors,a0qrkj-ex.myshopify.com,Cookies By Design - Canada,Oh Baby! Favor Tray,7129,7129,1,,,,https://cookiesbydesign.ca/products/oh-baby-favor-tray?variant=50141339713824&_gsid=JHhDm5duxyGN&utm_source=shopify&utm_medium=catalog
occasion,baby_shower,baby shower favors,plumpolkadot.myshopify.com,PlumPolkaDot,"Teddy Bear Baby Boy Shower Favors, Hair Scrunchies  - TB100",2994,2994,1,,personaliz,,https://www.plumpolkadot.com/products/teddy-bear-baby-shower-favors-scrunchie-37904?variant=39331467722841&_gsid=JHhDm5duxyGN&utm_source=shopify&utm_medium=catalog
occasion,kids,kids party favor bags,partyexpertballoon.myshopify.com,Party Expert,"Avengers Assemble favor bags, 8 per package",347,347,1,,,,https://www.party-expert.com/products/avengers-assemble-lootbags-8-pkg?variant=14026965286978&_gsid=UU9ZMa8aEdD6&utm_source=shopify&utm_medium=catalog
occasion,kids,kids party favor bags,partyexpertballoon.myshopify.com,Party Expert,"Fairy Party Paper Bags, 8 Count",2499,2499,1,,,,https://www.party-expert.com/products/fairy-party-paper-bags-8-count?variant=43749427609786&_gsid=UU9ZMa8aEdD6&utm_source=shopify&utm_medium=catalog
occasion,kids,kids party favor bags,paper-parties-boutique.myshopify.com,Pretty Day,Charm Party Bags 8pk.,3134,3134,1,,,,https://www.prettyday.com/products/charm-party-bags-8pk?variant=50979965632745&_gsid=UU9ZMa8aEdD6&utm_source=shopify&utm_medium=catalog
occasion,kids,kids party favor bags,paper-parties-boutique.myshopify.com,Pretty Day,Toybox Icon Party Bags 8pk.,3134,3134,1,,,,https://www.prettyday.com/products/toybox-icon-party-bags-8pk?variant=48093208805609&_gsid=UU9ZMa8aEdD6&utm_source=shopify&utm_medium=catalog
occasion,kids,kids party favor bags,partyexpertballoon.myshopify.com,Party Expert,"Justice League favor bags, 8 per package",1097,1097,1,,,,https://www.party-expert.com/products/justice-league-paper-bag-8-per-package?variant=31782860488764&_gsid=UU9ZMa8aEdD6&utm_source=shopify&utm_medium=catalog
occasion,kids,kids party favor bags,partyexpertballoon.myshopify.com,Party Expert,"SpongeBob SquarePants Birthday Favor Bags, 8 Count",799,799,1,,,,https://www.party-expert.com/products/spongebob-squarepants-birthday-favor-bags-8-count?variant=42245130387642&_gsid=UU9ZMa8aEdD6&utm_source=shopify&utm_medium=catalog
occasion,kids,kids party favor bags,partyexpertballoon.myshopify.com,Party Expert,"Spider-Man Birthday Favour Bags, Marvel, 8 Count",349,349,1,,,,https://www.party-expert.com/products/spider-man-birthday-favour-bags-marvel-8-count?variant=44831504171194&_gsid=UU9ZMa8aEdD6&utm_source=shopify&utm_medium=catalog
occasion,kids,kids party favor bags,lemon-and-lavender-toronto.myshopify.com,Lemon And Lavender Toronto,Stripe Party Bags (Set of 8)-Meri Meri,2999,2999,1,,,,https://shop.lemonlavender.com/products/easter-party-bags-set-of-8-meri-meri-copy?variant=45902392951013&_gsid=UU9ZMa8aEdD6&utm_source=shopify&utm_medium=catalog
occasion,kids,kids party favor bags,thecrossdesign.myshopify.com,The Cross Living,Mermaid Party Bags,3000,3000,1,,,,https://www.thecrossliving.com/products/mermaid-party-bags?variant=45866594598969&_gsid=UU9ZMa8aEdD6&utm_source=shopify&utm_medium=catalog
occasion,kids,kids party favor bags,paper-parties-boutique.myshopify.com,Pretty Day,Jungle Jamboree Party Bags 8pk.,3079,3079,1,,,,https://www.prettyday.com/products/jungle-jamboree-party-bags-8pk?variant=50693296357609&_gsid=UU9ZMa8aEdD6&utm_source=shopify&utm_medium=catalog
occasion,kids,kids party favor bags,thecrossdesign.myshopify.com,The Cross Living,Dinosaur Kingdom Party Bags,3000,3000,1,,,,https://www.thecrossliving.com/products/dinosaur-kingdom-party-bags?variant=41153732280377&_gsid=UU9ZMa8aEdD6&utm_source=shopify&utm_medium=catalog
occasion,kids,kids party favor bags,buchans-kerrisdale-stationery-3461.myshopify.com,Buchan's Kerrisdale Stationery,MERI MERI - Animal Parade Party Bags - Pack of 8,2599,2599,1,,,,https://www.buchanst.com/products/meri-meri-animal-parade-party-bags-pack-of-8?variant=50286285291799&_gsid=UU9ZMa8aEdD6&utm_source=shopify&utm_medium=catalog
occasion,kids,kids party favor bags,partyexpertballoon.myshopify.com,Party Expert,"Minecraft favor bags, 8 per package",349,349,1,,,,https://www.party-expert.com/products/minecraft-loot-bag-8-pkg?variant=16177196924994&_gsid=UU9ZMa8aEdD6&utm_source=shopify&utm_medium=catalog
occasion,kids,kids party favor bags,partyexpertballoon.myshopify.com,Party Expert,"Pokémon Plastic Favour Bags, 8 Count",349,349,1,,,,https://www.party-expert.com/products/pokemon-plastic-favour-bags-8-count?variant=45574837305530&_gsid=UU9ZMa8aEdD6&utm_source=shopify&utm_medium=catalog
occasion,kids,kids party favor bags,partyexpertballoon.myshopify.com,Party Expert,"Mickey Mouse Forever favor bags, 8 per package",1099,1099,1,,,,https://www.party-expert.com/products/mickey-mouse-forever-favor-bags?variant=31955252478012&_gsid=UU9ZMa8aEdD6&utm_source=shopify&utm_medium=catalog
occasion,kids,kids party favor bags,partyexpertballoon.myshopify.com,Party Expert,"Little Mermaid favor bags, 8 per package",349,349,1,,,,https://www.party-expert.com/products/little-mermaid-loot-bags-8-pkg?variant=15810062614594&_gsid=UU9ZMa8aEdD6&utm_source=shopify&utm_medium=catalog
occasion,kids,kids party favor bags,partyexpertballoon.myshopify.com,Party Expert,"Peppa Pig Birthday Plastic Favour Bags, 8 Count",349,349,1,,,,https://www.party-expert.com/products/peppa-pig-birthday-plastic-favour-bags-8-count?variant=43555917365434&_gsid=UU9ZMa8aEdD6&utm_source=shopify&utm_medium=catalog
occasion,kids,kids party favor bags,partyexpertballoon.myshopify.com,Party Expert,"Frozen 2 favor bags, 8 per package",349,349,1,,,,https://www.party-expert.com/products/frozen-2-loot-bags-8-pkg?variant=30345749561410&_gsid=UU9ZMa8aEdD6&utm_source=shopify&utm_medium=catalog
occasion,kids,kids party favor bags,confettimyparty-5294.myshopify.com,CONFETTIMYPARTY,PRINCESS PARTY BAGS BY MERI MERI,3000,3000,1,,,,https://www.confettimyparty.com/products/princess-party-bags?variant=44327979483455&_gsid=UU9ZMa8aEdD6&utm_source=shopify&utm_medium=catalog
occasion,kids,kids party favor bags,partyexpert-fr.myshopify.com,Party Expert USA,"Pokémon Birthday Favour Bags, 8 count",397,397,1,,custom,,https://www.party-expert.ca/products/pokemon-birthday-favour-bags-8-count?variant=41950185029830&_gsid=UU9ZMa8aEdD6&utm_source=shopify&utm_medium=catalog
occasion,kids,kids party favor bags,geniusgems.myshopify.com,Genius Gems,Goody Bags,2117,2117,1,Option,,,https://geniusgems.com/products/goody-bags?variant=48701158687008&_gsid=UU9ZMa8aEdD6&utm_source=shopify&utm_medium=catalog
occasion,kids,kids party favor bags,partyexpertballoon.myshopify.com,Party Expert,"Spirit Lootbags, 8 Count",349,349,1,,,,https://www.party-expert.com/products/spirit-lootbags-8-count?variant=39256369135802&_gsid=UU9ZMa8aEdD6&utm_source=shopify&utm_medium=catalog
occasion,kids,kids party favor bags,party-stuff-v4.myshopify.com,Party Stuff,"Loot Bag - Spider-Man™,  8 Count",399,399,1,,,,https://www.partystuff.ca/products/8-spiderman-lootbag?variant=50914946777248&_gsid=UU9ZMa8aEdD6&utm_source=shopify&utm_medium=catalog
occasion,kids,kids party favor bags,partyexpertballoon.myshopify.com,Party Expert,"Frosty Delight Birthday Surprise Bags, 6 Count",699,699,1,,,,https://www.party-expert.com/products/frosty-delight-birthday-surprise-bags-6-count?variant=44554426777786&_gsid=UU9ZMa8aEdD6&utm_source=shopify&utm_medium=catalog
occasion,kids,kids party favor bags,partyexpertballoon.myshopify.com,Party Expert,"Toy Story Plastic Favour Bags, 8 Count",349,349,1,,,,https://www.party-expert.com/products/toy-story-plastic-favour-bags-8-count?variant=45868922175674&_gsid=UU9ZMa8aEdD6&utm_source=shopify&utm_medium=catalog
occasion,kids,kids party favor bags,partyexpertballoon.myshopify.com,Party Expert,"Cars 3 favor bags, 8 per package",349,349,1,,,,https://www.party-expert.com/products/cars-3-loot-bags-8-pkg?variant=14025470967874&_gsid=UU9ZMa8aEdD6&utm_source=shopify&utm_medium=catalog
occasion,kids,kids party favor bags,partyexpertballoon.myshopify.com,Party Expert,"Mermaid Paper Bag, 8 Count",897,897,1,,,,https://www.party-expert.com/products/mermaid-paper-bag-8-count?variant=38138746503354&_gsid=UU9ZMa8aEdD6&utm_source=shopify&utm_medium=catalog
occasion,kids,kids party favor bags,littleleafbaby.myshopify.com,LittleLeafBaby,patachou kids girl party bag,8500,8500,1,Color,,,https://littleleafbaby.ca/products/patachou-kids-girl-party-bag?variant=45692428845274&_gsid=UU9ZMa8aEdD6&utm_source=shopify&utm_medium=catalog
occasion,kids,kids party favor bags,partyexpertballoon.myshopify.com,Party Expert,"Friendship Birthday Surprise Bags, 6 Count",699,699,1,,,,https://www.party-expert.com/products/friendship-birthday-surprise-bags-6-count?variant=44725991932090&_gsid=UU9ZMa8aEdD6&utm_source=shopify&utm_medium=catalog
occasion,kids,kids party favor bags,partyexpertballoon.myshopify.com,Party Expert,"Disney Princess Loot Bags, 8 Count",299,299,1,,,,https://www.party-expert.com/products/disney-princess-loot-bags-8-count?variant=45628915384506&_gsid=UU9ZMa8aEdD6&utm_source=shopify&utm_medium=catalog
occasion,kids,kids party favor bags,lemon-and-lavender-toronto.myshopify.com,Lemon And Lavender Toronto,Camping Adventure Backpack Party Bags | Meri Meri,3299,3299,1,,,,https://shop.lemonlavender.com/products/camping-adventure-backpack-party-bags-meri-meri?variant=46782325653733&_gsid=UU9ZMa8aEdD6&utm_source=shopify&utm_medium=catalog
occasion,kids,kids party favor bags,the-warehouse-liquidation.myshopify.com,The Warehouse Liquidation,"NEW 12 PCS Kids Dinosaur Party Favor Bags for Birthday Party Gift Package, Animal Drawstring Bag Cartoon Dinosaur Birthday Treat Bags, Dinosaur Goody Bag Gift Pouch for Kids Boys and Girls Party",2099,2099,1,,,,https://thewarehouseliquidation.com/products/new-12-pcs-kids-dinosaur-party-favor-bags-for-birthday-party-gift-package-animal-drawstring-bag-cartoon-dinosaur-birthday-treat-bags-dinosaur-goody-bag-gift-pouch-for-kids-boys-and-girls-party-1?variant=44603945484545&_gsid=UU9ZMa8aEdD6&utm_source=shopify&utm_medium=catalog
occasion,kids,kids party favor bags,partyexpertballoon.myshopify.com,Party Expert,Spider-Man Gift Bag,299,299,1,,,,https://www.party-expert.com/products/spider-man-gift-bag?variant=39291045216442&_gsid=UU9ZMa8aEdD6&utm_source=shopify&utm_medium=catalog
occasion,kids,kids party favor bags,party-stuff-v4.myshopify.com,Party Stuff,"Hello Kitty Kraft Favor Bags, 8 Count",999,999,1,,,,https://www.partystuff.ca/products/8ct-hello-kitty-kraft-favor-bags?variant=51815973519730&_gsid=UU9ZMa8aEdD6&utm_source=shopify&utm_medium=catalog
occasion,kids,kids party favor bags,partyexpertballoon.myshopify.com,Party Expert,"Barbie Birthday Plastic Favour Bags, 8 Count",349,349,1,,,,https://www.party-expert.com/products/barbie-birthday-plastic-favour-bags-8-count?variant=43555309191354&_gsid=UU9ZMa8aEdD6&utm_source=shopify&utm_medium=catalog
occasion,kids,kids party favor bags,mobilewag.myshopify.com,LiquidationMania.com,"BEEBEERUN 12PCS Kids Dinosaur Birthday Party Drawstring Party Favor Bags, SQ002",300,300,1,,,,https://liquidationmania.com/products/12-pcs-kids-dinosaur-party-favor-bags-for-birthday-party-drawstring-package-dinosaur-goody-bag-gifts-t24?variant=43620397088946&_gsid=UU9ZMa8aEdD6&utm_source=shopify&utm_medium=catalog
occasion,kids,kids party favor bags,mobilewag.myshopify.com,LiquidationMania.com,BEEBEERUN 2PCS Kids Drawstring Party Favor Bags for Birthday Party with Cartoon Dinosaur SQ004,300,300,1,,,,https://liquidationmania.com/products/12-pcs-kids-party-favor-bags-for-birthday-party-gift-drawstring-goody-package-with-cartoon-dinosaur-t21?variant=43620391321778&_gsid=UU9ZMa8aEdD6&utm_source=shopify&utm_medium=catalog
occasion,kids,kids party favor bags,9f0c90-2.myshopify.com,J-FÊTE EXTRÊME,Sacs-cadeaux en papier - Hello Kitty - 8/Pqt,999,999,1,,,,https://j-feteextreme.ca/products/hello-kitty-friends-kraft-paper-favor-bags-8ct?variant=50366067310909&_gsid=UU9ZMa8aEdD6&utm_source=shopify&utm_medium=catalog
occasion,kids,kids party favor bags,lolli-and-confetti-party-shop.myshopify.com,Lolli and Confetti Party Shop,Meri Meri  Construction Party Bag,2250,2250,1,,,,https://lolliandconfetti.com/products/meri-meri-construction-party-bag?variant=44144293970172&_gsid=UU9ZMa8aEdD6&utm_source=shopify&utm_medium=catalog
occasion,kids,kids party favor bags,gdyd0t-fx.myshopify.com,DailySkinWisely,"Nush Nush Dinosaur Gift Bag Medium Size – Set of 12 Dinosaur Goodie Bag With Handles, Reusable Gift Bags for Kids - For Dino Party Favors, Party Favor Bags for Kids Birthday - 8""x4""x 10"" Size",2803,2803,1,,,,https://dailyskinwisely.com/products/b0b63xsvd4?variant=47483823194348&_gsid=UU9ZMa8aEdD6&utm_source=shopify&utm_medium=catalog
occasion,kids,kids party favor bags,partyexpertballoon.myshopify.com,Party Expert,"Buzz Lightyear Make Your Own Kraft Favour Paper Bags, 8 1/4 x 5 1/4 x 3 Inches, 8 Count",795,795,1,,,,https://www.party-expert.com/products/buzz-lightyear-make-your-own-kraft-favour-paper-bags-8-1-4-x-5-1-4-x-3-inches-8-count?variant=42044108996794&_gsid=UU9ZMa8aEdD6&utm_source=shopify&utm_medium=catalog
occasion,kids,kids party favor bags,buchans-kerrisdale-stationery-3461.myshopify.com,Buchan's Kerrisdale Stationery,MERI MERI - Animal Friends Party Bags - Pack of 8,2599,2599,1,,,,https://www.buchanst.com/products/meri-meri-animal-friends-party-bags-pack-of-8?variant=51053525664023&_gsid=UU9ZMa8aEdD6&utm_source=shopify&utm_medium=catalog
occasion,kids,kids party favor bags,paper-parties-boutique.myshopify.com,Pretty Day,Kitten Club Party Bags 8pk.,3134,3134,1,,,,https://www.prettyday.com/products/kitten-club-party-bags-8pk?variant=50697756508393&_gsid=UU9ZMa8aEdD6&utm_source=shopify&utm_medium=catalog
occasion,kids,kids party favor bags,confettimyparty-5294.myshopify.com,CONFETTIMYPARTY,ROCKET PARTY BAGS BY MERI MERI,2550,2550,1,,,,https://www.confettimyparty.com/products/rocket-party-bags?variant=44249098158399&_gsid=UU9ZMa8aEdD6&utm_source=shopify&utm_medium=catalog
occasion,kids,kids party favor bags,partyexpertballoon.myshopify.com,Party Expert,"Paw Patrol Plastic Favour Bags, 8 Count",349,349,1,,,,https://www.party-expert.com/products/paw-patrol-plastic-favour-bags-8-count?variant=44287104680122&_gsid=UU9ZMa8aEdD6&utm_source=shopify&utm_medium=catalog
occasion,kids,kids party favor bags,partyexpertballoon.myshopify.com,Party Expert,"Unicorn Sparkle favor bags, 10 per package",699,699,1,,,,https://www.party-expert.com/products/unicorn-sparkle-treat-bags-10-pkg?variant=14025326198850&_gsid=UU9ZMa8aEdD6&utm_source=shopify&utm_medium=catalog
occasion,kids,kids party favor bags,partywarehousecanada.myshopify.com,Party Warehouse,Cocomelon Paper Craft Bags-8Pcs,1099,1099,1,,,,https://partywarehousecanada.myshopify.com/products/cocomelon-paper-craft-bags-8pcs?variant=44134497452182&_gsid=UU9ZMa8aEdD6&utm_source=shopify&utm_medium=catalog
occasion,kids,kids party favor bags,partyexpertballoon.myshopify.com,Party Expert,"Rocket Blast Birthday Surprise Bags, 6 Count",699,699,1,,,,https://www.party-expert.com/products/rocket-blast-birthday-surprise-bags-6-count?variant=44551828766906&_gsid=UU9ZMa8aEdD6&utm_source=shopify&utm_medium=catalog
occasion,kids,kids party favor bags,partyexpertballoon.myshopify.com,Party Expert,"Enchanted Unicorn Paper Bag, 10 Count",1049,1049,1,,,,https://www.party-expert.com/products/enchanted-unicorn-paper-bag-10-count?variant=38117544493242&_gsid=UU9ZMa8aEdD6&utm_source=shopify&utm_medium=catalog
occasion,kids,kids party favor bags,paper-parties-boutique.myshopify.com,Pretty Day,Western Boot Party Bags 8pk.,3134,3134,1,,,,https://www.prettyday.com/products/western-boot-party-bags-8pk?variant=48093411737833&_gsid=UU9ZMa8aEdD6&utm_source=shopify&utm_medium=catalog
occasion,corporate,corporate event gifts for attendees,wrap-artist-baskets.myshopify.com,Wrap Artist Baskets,Welcome!,6495,6495,1,,custom,,https://www.wrapartistbaskets.ca/products/welcome?variant=42283555520676&_gsid=2ZphJFbWxiLr&utm_source=shopify&utm_medium=catalog
occasion,corporate,corporate event gifts for attendees,imirpt-dv.myshopify.com,Luxify Gifts,Welcome Kit™ Luxury Corporate Gift Box,10999,10999,1,,,,https://luxifygifts.com/products/welcome-kit%E2%84%A2-luxury-corporate-gift-box?variant=52157094035672&_gsid=2ZphJFbWxiLr&utm_source=shopify&utm_medium=catalog
occasion,corporate,corporate event gifts for attendees,a9jxaa-1u.myshopify.com,Fancy Collective,Events,6900,6900,1,,,,https://fancycollective.ca/products/welcome-copy?variant=49217302593787&_gsid=2ZphJFbWxiLr&utm_source=shopify&utm_medium=catalog
occasion,corporate,corporate event gifts for attendees,wrap-artist-baskets.myshopify.com,Wrap Artist Baskets,The VIP Experience,5650,5650,1,,,,https://www.wrapartistbaskets.ca/products/the-vip-experience?variant=39267681960100&_gsid=2ZphJFbWxiLr&utm_source=shopify&utm_medium=catalog
occasion,corporate,corporate event gifts for attendees,ccqseq-ya.myshopify.com,Bestow ,Custom Stampede Survival Kit – Corporate Gift,9900,9900,1,Quantity,custom; personaliz,,https://www.bestowgifts.ca/products/custom-stampede-survival-kit-corporate-gift?variant=42625252982859&_gsid=2ZphJFbWxiLr&utm_source=shopify&utm_medium=catalog
occasion,corporate,corporate event gifts for attendees,arkitype23.myshopify.com,arkitype,Corporate Gift Set Welcoming on board 6 in 1 Gift Set,8900,8900,1,,personaliz,,https://arkitype.my/products/corporate-gift-set-welcoming-on-board-6-in-1-gift-set?variant=51980980355383&_gsid=2ZphJFbWxiLr&utm_source=shopify&utm_medium=catalog
occasion,corporate,corporate event gifts for attendees,imirpt-dv.myshopify.com,Luxify Gifts,Workspace Pro- Luxury Gift Box | Premium Corporate & Employee Gift,10999,10999,1,,,,https://luxifygifts.com/products/workspace-pro-luxury-gift-box-premium-corporate-employee-gift?variant=52157347856600&_gsid=2ZphJFbWxiLr&utm_source=shopify&utm_medium=catalog
occasion,corporate,corporate event gifts for attendees,3vh80y-k7.myshopify.com,Gifty,Premium Corporate Gift Set – Custom Logo,1999,1999,1,Color,custom,,https://gifty.media/products/premium-corporate-gift-set-custom-logo?variant=50622593859870&_gsid=2ZphJFbWxiLr&utm_source=shopify&utm_medium=catalog
occasion,corporate,corporate event gifts for attendees,wrap-artist-baskets.myshopify.com,Wrap Artist Baskets,The Stress Buster,5000,5000,1,,,,https://www.wrapartistbaskets.ca/products/the-stress-buster?variant=39271880622244&_gsid=2ZphJFbWxiLr&utm_source=shopify&utm_medium=catalog
occasion,corporate,corporate event gifts for attendees,imirpt-dv.myshopify.com,Luxify Gifts,Corporate Welcome Kit | Custom Branded Employee Gift Tote,10999,10999,1,,custom,,https://luxifygifts.com/products/corporate-welcome-kit-custom-branded-employee-gift-tote?variant=52144840016088&_gsid=2ZphJFbWxiLr&utm_source=shopify&utm_medium=catalog
occasion,corporate,corporate event gifts for attendees,the-little-charm-box.myshopify.com,J&F Gift Inc,Gratitude Mini (Green),2490,2490,1,,,,https://jfgiftinc.com/products/gratitude-mini-green?variant=44852778827976&_gsid=2ZphJFbWxiLr&utm_source=shopify&utm_medium=catalog
occasion,corporate,corporate event gifts for attendees,imirpt-dv.myshopify.com,Luxify Gifts,Executive Essentials™ Corporate Gift Box,12499,12499,1,,,,https://luxifygifts.com/products/executive-essentials%E2%84%A2-corporate-gift-box?variant=52041509011672&_gsid=2ZphJFbWxiLr&utm_source=shopify&utm_medium=catalog
occasion,corporate,corporate event gifts for attendees,1d1f83-f0.myshopify.com,LightBoxforYou,"Corporate Gift: Large Set, Custom Business Gift for Employees or Clients in Any Industry",11900,11900,1,,custom; engrav,,https://lightboxforyou.shop/products/corporate-gift-large-set-custom-business-gift-for-employees-or-clients-in-any-industry?variant=44809075720370&_gsid=2ZphJFbWxiLr&utm_source=shopify&utm_medium=catalog
occasion,corporate,corporate event gifts for attendees,a9jxaa-1u.myshopify.com,Fancy Collective,Appreciate,5900,5900,1,,,,https://fancycollective.ca/products/appreciate?variant=49217299022075&_gsid=2ZphJFbWxiLr&utm_source=shopify&utm_medium=catalog
occasion,corporate,corporate event gifts for attendees,pacificbasket.myshopify.com,Pacific Basket Co.,BC AMBASSADOR,17595,17595,1,,,,https://www.pacificbasketco.com/products/bc-ambassador?variant=44240445112500&_gsid=2ZphJFbWxiLr&utm_source=shopify&utm_medium=catalog
occasion,corporate,corporate event gifts for attendees,a9feae-ea.myshopify.com,Conscious Collective Corporate Gifting,Anna's Referral Brand Box 2,5100,5100,1,,,,https://giftwithstory.com/products/annas-referral-brand-box-2?variant=53395275743505&_gsid=2ZphJFbWxiLr&utm_source=shopify&utm_medium=catalog
occasion,corporate,corporate event gifts for attendees,the-little-charm-box.myshopify.com,J&F Gift Inc,Simple Thanks,4200,4200,1,,,,https://jfgiftinc.com/products/simple-thanks?variant=44028067021000&_gsid=2ZphJFbWxiLr&utm_source=shopify&utm_medium=catalog
occasion,corporate,corporate event gifts for attendees,giftory-4867.myshopify.com,Giftory,The Signature Business Collection,20000,20000,1,Number of people,,,https://www.giftory.com/products/the-signature-collection?variant=60805510168946&_gsid=2ZphJFbWxiLr&utm_source=shopify&utm_medium=catalog
occasion,corporate,corporate event gifts for attendees,a997a7-2.myshopify.com,Revive Goods.,Corporate Gift Employee Appreciation Gift Client Promotional Gift Box Christmas Gift Clients Boss Gift Idea Company Logo Customized Gifts,17200,17200,1,Choose mug colour; Add personalization on items,custom; personaliz,,https://revivegoods.ca/products/corporate-gift-employee-appreciation-gift-client-promotional-gift-box-christmas-gift-clients-boss-gift-idea-company-logo-customized-gifts?variant=49517301268757&_gsid=2ZphJFbWxiLr&utm_source=shopify&utm_medium=catalog
occasion,corporate,corporate event gifts for attendees,thegourmetgift.myshopify.com,The Gourmet Gifts,Prestige Corporate Basket,9699,9699,1,,,,https://thegourmetgifts.ca/products/prestige-corporate-basket?variant=47112320450614&_gsid=2ZphJFbWxiLr&utm_source=shopify&utm_medium=catalog
occasion,corporate,corporate event gifts for attendees,devamandacluett.myshopify.com,Black Bow Gift Co.,Ambition & Appreciation,9000,9000,1,,,,https://blackbowgiftco.ca/products/ambition-appreciation?variant=50954850631965&_gsid=2ZphJFbWxiLr&utm_source=shopify&utm_medium=catalog
occasion,corporate,corporate event gifts for attendees,pacificbasket.myshopify.com,Pacific Basket Co.,BC GOURMET LOCAL ARTISAN GIFT BASKET,12795,12795,1,,,,https://www.pacificbasketco.com/products/bc-gourmet-1?variant=43647615697076&_gsid=2ZphJFbWxiLr&utm_source=shopify&utm_medium=catalog
occasion,corporate,corporate event gifts for attendees,mybaskets.myshopify.com,MY BASKETS,Corporate Gift With Wine,26000,26000,1,,,,https://www.mybaskets.ca/products/corporate-gift-with-wine?variant=31140325252&_gsid=2ZphJFbWxiLr&utm_source=shopify&utm_medium=catalog
occasion,corporate,corporate event gifts for attendees,lush-party-studio-props.myshopify.com,Lush Party Studio Props,EMPLOYEE APPRECIATION SET,8200,8200,1,,,,https://www.lushpartystudio.com/products/employee-appreciation-photo-booth-prop-set?variant=51067772862753&_gsid=2ZphJFbWxiLr&utm_source=shopify&utm_medium=catalog
occasion,corporate,corporate event gifts for attendees,3vh80y-k7.myshopify.com,Gifty,Executive Smart Gift Set – Notebook Pen & Temperature Flask,3799,3799,1,Color,,,https://gifty.media/products/executive-smart-gift-set-notebook-pen-temperature-flask?variant=50622719033630&_gsid=2ZphJFbWxiLr&utm_source=shopify&utm_medium=catalog
occasion,corporate,corporate event gifts for attendees,imirpt-dv.myshopify.com,Luxify Gifts,Nourish™ Healthy Gift Box | Premium Corporate Wellness Gift,9999,9999,1,,,,https://luxifygifts.com/products/nourish%E2%84%A2-healthy-gift-box-premium-corporate-wellness-gift?variant=52138190274776&_gsid=2ZphJFbWxiLr&utm_source=shopify&utm_medium=catalog
occasion,corporate,corporate event gifts for attendees,yw0hmd-fb.myshopify.com,The Qutie Trinx Company,Personalized Mini Succulent Favors - Corporate & Event Gifts,950,950,1,Type; Vinyl,personaliz; custom,,https://thequtietrinxcompany.ca/products/personalized-mini-succulent-favors-corporate-event-gifts?variant=47333579194598&_gsid=2ZphJFbWxiLr&utm_source=shopify&utm_medium=catalog
occasion,corporate,corporate event gifts for attendees,3vh80y-k7.myshopify.com,Gifty,Mini Wellness Gift Box,2499,2499,1,,custom,,https://gifty.media/products/mini-wellness-gift-box?variant=59545147506974&_gsid=2ZphJFbWxiLr&utm_source=shopify&utm_medium=catalog
occasion,corporate,corporate event gifts for attendees,backdropsource-v1-0.myshopify.com,Backdropsource Canada,Trade Shows Booth Packages,115500,115500,1,Choose size; Choose printing option,custom,,https://www.backdropsource.ca/products/trade-shows-booth-packages?variant=33183698256004&_gsid=2ZphJFbWxiLr&utm_source=shopify&utm_medium=catalog
occasion,corporate,corporate event gifts for attendees,card-gift-store.myshopify.com,Card.Gift,Gift- Mastercard,2545,2545,1,Amount,,,https://checkout.card.gift/products/gift-mastercard?variant=42253288603830&_gsid=2ZphJFbWxiLr&utm_source=shopify&utm_medium=catalog
occasion,corporate,corporate event gifts for attendees,arkitype23.myshopify.com,arkitype,Corporate Gift Set Team Building - OTIS | Premium Towel and Bamboo Flask,10000,10000,1,,custom; engrav,,https://arkitype.my/products/corporate-gift-set-team-building-otis-premium-towel-and-bamboo-flask?variant=50027754258743&_gsid=2ZphJFbWxiLr&utm_source=shopify&utm_medium=catalog
occasion,corporate,corporate event gifts for attendees,mybaskets.myshopify.com,MY BASKETS,Corporate Gift with 2 Wine,28000,28000,1,,,,https://www.mybaskets.ca/products/corporate-gift-with-two-wine?variant=32884542996583&_gsid=2ZphJFbWxiLr&utm_source=shopify&utm_medium=catalog
occasion,corporate,corporate event gifts for attendees,a9feae-ea.myshopify.com,Conscious Collective Corporate Gifting,Branded Treat Bag,400,400,1,,,,https://giftwithstory.com/products/branded-treat-bag?variant=54120046231825&_gsid=2ZphJFbWxiLr&utm_source=shopify&utm_medium=catalog
occasion,corporate,corporate event gifts for attendees,sweetflour-bakeshop.myshopify.com,Sweet Flour Bake Shop,Custom Logo Cookies,510,510,1,Select the shape; Select the packaging; Select the ribbon colour (if ribbon option selected above),custom; personaliz,,https://www.sweetflour.ca/products/decorated-cookies-corporate?variant=46114089992433&_gsid=2ZphJFbWxiLr&utm_source=shopify&utm_medium=catalog
occasion,corporate,corporate event gifts for attendees,bundles-of-zoe-2.myshopify.com,BUNDLES OF ZOE,Custom Corporate Gift Boxes,5000,5000,1,Price per box,custom; personaliz,,https://bundlesofzoe.ca/products/custom-corporate-gift-boxes?variant=47299741024424&_gsid=2ZphJFbWxiLr&utm_source=shopify&utm_medium=catalog
occasion,corporate,corporate event gifts for attendees,more-than-just-baskets-inc.myshopify.com,More Than Just Baskets Inc.,Ultimate Charcuterie Gift Box (48 Hours' Notice),6500,6500,1,Add on,,,https://morethanjustbaskets.ca/products/copy-of-charcuterie-board-gift-box-48-hours-notice?variant=45895351074973&_gsid=2ZphJFbWxiLr&utm_source=shopify&utm_medium=catalog
occasion,corporate,corporate event gifts for attendees,notherstheawardstore.myshopify.com,Nothers The Award Store,Jade Glass Droplet Award,12718,12718,1,Size,custom; engrav,,https://nothers.com/products/jade-crystal-fire?variant=43678336581824&_gsid=2ZphJFbWxiLr&utm_source=shopify&utm_medium=catalog
occasion,corporate,corporate event gifts for attendees,suspire-in.myshopify.com,Suspire,"Wooden Handshake Memento Trophy | DIY Customizable Partnership Award for Corporate Gifts, Dealer Meets & Business Achievements | Add Your Own Sticker or Text",39900,39900,1,,custom,,https://suspire.in/products/wooden-handshake-memento-trophy-diy-customizable-partnership-award-for-corporate-gifts-dealer-meets-business-achievements-add-your-own-sticker-or-text?variant=48493280854240&_gsid=2ZphJFbWxiLr&utm_source=shopify&utm_medium=catalog
occasion,corporate,corporate event gifts for attendees,3vh80y-k7.myshopify.com,Gifty,Gifty Signature Corporate Gift Set,5599,5599,1,Color,,,https://gifty.media/products/gifty-signature-corporate-gift-set?variant=50632630206750&_gsid=2ZphJFbWxiLr&utm_source=shopify&utm_medium=catalog
occasion,corporate,corporate event gifts for attendees,mybaskets.myshopify.com,MY BASKETS,Classy Corporate Gift Basket,23000,23000,1,,,,https://www.mybaskets.ca/products/classi-corporate-gift-basket?variant=616102689&_gsid=2ZphJFbWxiLr&utm_source=shopify&utm_medium=catalog
occasion,corporate,corporate event gifts for attendees,d53877-9b.myshopify.com,The Gift Marche,Appreciation Hamper for Carrier,6000,6000,1,,,,https://www.thegiftmarche.ca/products/appreciation-hamper-for-carrier?variant=54670676033841&_gsid=2ZphJFbWxiLr&utm_source=shopify&utm_medium=catalog
occasion,corporate,corporate event gifts for attendees,peppal.myshopify.com,Peppal,The Corporate Curations Hamper,545000,545000,1,,custom,,https://www.peppal.in/products/the-corporate-curations-hamper?variant=52062248206549&_gsid=2ZphJFbWxiLr&utm_source=shopify&utm_medium=catalog
occasion,corporate,corporate event gifts for attendees,thegourmetgift.myshopify.com,The Gourmet Gifts,The Corporate Delight Hamper,18499,18499,1,,engrav,,https://thegourmetgifts.ca/products/the-corporate-delight-hamper?variant=43128865357878&_gsid=2ZphJFbWxiLr&utm_source=shopify&utm_medium=catalog
occasion,corporate,corporate event gifts for attendees,mf01tg-11.myshopify.com,ClearLabPrint,Custom Corporate Gift Sets | Personalized Premium Business & Occasion Gifts,4990,4990,1,Custom 1-on-1 gift set service,custom; personaliz,,https://clearlabprint.com/products/custom-corporate-gift-sets-personalized-premium-business-occasion-gifts?variant=45848939987001&_gsid=2ZphJFbWxiLr&utm_source=shopify&utm_medium=catalog
occasion,corporate,corporate event gifts for attendees,a997a7-2.myshopify.com,Revive Goods.,Employee Cozy Gift Corporate Gift Coworker Gift For Employees Appreciation Gift Box Gift For Team Boss Mug Set Gift Tea Gift Box Bulk Gift,13999,13999,1,Choose your gift box,,,https://revivegoods.ca/products/employee-cozy-gift-corporate-gift-coworker-gift-for-employees-appreciation-gift-box-gift-for-team-boss-mug-set-gift-tea-gift-box-bulk-gift?variant=49517326598421&_gsid=2ZphJFbWxiLr&utm_source=shopify&utm_medium=catalog
occasion,corporate,corporate event gifts for attendees,glitter-baskets.myshopify.com,Glitter Baskets,Winter Elegance Cheese & Chocolate Basket - Ideal Christmas Corporate Gift,7800,7800,1,,,,https://glittergiftbaskets.ca/products/winter-elegance-cheese-chocolate-basket-ideal-christmas-corporate-gift?variant=47462706544949&_gsid=2ZphJFbWxiLr&utm_source=shopify&utm_medium=catalog
occasion,corporate,corporate event gifts for attendees,d53877-9b.myshopify.com,The Gift Marche,Client Appreciation Hamper - Mosiac Transport,3500,3500,1,Personalized message; Gift wrapping,personaliz,,https://www.thegiftmarche.ca/products/holiday-hampers-for-mosaic-client-appreciation?variant=52245718958385&_gsid=2ZphJFbWxiLr&utm_source=shopify&utm_medium=catalog
occasion,corporate,corporate event gifts for attendees,geoponicsincc.myshopify.com,Plant Club,Succulent Event Favors & Corporate Gifts | Eco-Friendly Plant Gifts,1200,1200,1,,custom,,https://www.plantclub.ca/products/succulent-event-favour?variant=44239879897203&_gsid=2ZphJFbWxiLr&utm_source=shopify&utm_medium=catalog
occasion,corporate,corporate event gifts for attendees,a9jxaa-1u.myshopify.com,Fancy Collective,Welcome,6900,6900,1,,,,https://fancycollective.ca/products/appreciate-copy?variant=49217299054843&_gsid=2ZphJFbWxiLr&utm_source=shopify&utm_medium=catalog
occasion,corporate,corporate event gifts for attendees,bestsurprisegifts-com.myshopify.com,GiftAFeeling,Meeting Mastery + Merch Box 3-Piece Gift Set,2893,2893,1,Quantity; Colors,,,https://www.giftafeeling.com/products/meeting-mastery-merch-box-3-piece-gift-set?variant=40858065698851&_gsid=2ZphJFbWxiLr&utm_source=shopify&utm_medium=catalog
bulk,favors_bulk,party favors bulk 50,f82aa1-6d.myshopify.com,Gifts and Prints by MW,Rose (50 pcs),10000,10000,1,Size; Color; Ribbon color,personaliz,,https://www.giftsandprintsbymw.ca/products/wedding-favors?variant=41239917101127&_gsid=rwui9XUrgYKD&utm_source=shopify&utm_medium=catalog
bulk,favors_bulk,party favors bulk 50,party-stuff-v4.myshopify.com,Party Stuff,"Twist Poppers 11.5"" - Bulk",399,399,1,,,,https://www.partystuff.ca/products/twist-poppers-11-5-bulk?variant=37053363585184&_gsid=rwui9XUrgYKD&utm_source=shopify&utm_medium=catalog
bulk,favors_bulk,party favors bulk 50,bazaar-novelty.myshopify.com,Bazaar & Novelty,***ENTERTAINER FOR 50,21000,21000,1,,,,https://bazaarnovelty.ca/products/silver-entertainer-for-50-copy?variant=49394426446104&_gsid=rwui9XUrgYKD&utm_source=shopify&utm_medium=catalog
bulk,favors_bulk,party favors bulk 50,party-stuff-v4.myshopify.com,Party Stuff,48 Count Hello Kitty Party Favor Pack,1499,1499,1,,,,https://www.partystuff.ca/products/48ct-hello-kitty-party-favor-pack?variant=51815973224818&_gsid=rwui9XUrgYKD&utm_source=shopify&utm_medium=catalog
bulk,favors_bulk,party favors bulk 50,bazaar-novelty.myshopify.com,Bazaar & Novelty,**NEW YEAR RESOLUTION FOR 50,6000,6000,1,,,,https://bazaarnovelty.ca/products/new-year-resolution-for-50?variant=47803939651864&_gsid=rwui9XUrgYKD&utm_source=shopify&utm_medium=catalog
bulk,favors_bulk,party favors bulk 50,sfgd9w-x0.myshopify.com,Flowerhint,Personalized Seed Pencil with Custom Name | Plantable Wedding Favor | Eco Friendly Party Gift seeds bulk,4776,4776,1,,personaliz; custom,,https://www.flowerhint.com/products/personalized-seed-pencil-with-custom-name-plantable-wedding-favor-eco-friendly-party-gift-seeds-bulk?variant=42693747998807&_gsid=rwui9XUrgYKD&utm_source=shopify&utm_medium=catalog
bulk,favors_bulk,party favors bulk 50,partyexpertballoon.myshopify.com,Party Expert,"Spider-Man mega favor pack, 48 per package",1599,1599,1,,,,https://www.party-expert.com/products/spider-man-mega-mix-pack-48-pkg?variant=14307101769794&_gsid=rwui9XUrgYKD&utm_source=shopify&utm_medium=catalog
bulk,favors_bulk,party favors bulk 50,plumpolkadot.myshopify.com,PlumPolkaDot,"50th Birthday Party Favors, Hair Tie Favors",399,399,1,,personaliz; custom,,https://www.plumpolkadot.com/products/50th-birthday-party-favors-50th-9149?variant=31568624451673&_gsid=rwui9XUrgYKD&utm_source=shopify&utm_medium=catalog
bulk,favors_bulk,party favors bulk 50,sfgd9w-x0.myshopify.com,Flowerhint,Personalized Wedding Seed Pencil Favor: Floral Card & Kraft Envelope seeds bulk,1772,1772,1,,personaliz; custom,,https://www.flowerhint.com/products/personalized-wedding-seed-pencil-favor-floral-card-kraft-envelope-seeds-bulk?variant=42693748490327&_gsid=rwui9XUrgYKD&utm_source=shopify&utm_medium=catalog
bulk,favors_bulk,party favors bulk 50,sfgd9w-x0.myshopify.com,Flowerhint,50 pcs Personalized Wedding Seed Pencil Favors: Floral Kraft Card seeds bulk,8684,8684,1,,personaliz,,https://www.flowerhint.com/products/50-pcs-personalized-wedding-seed-pencil-favors-floral-kraft-card-seeds-bulk?variant=42693716738135&_gsid=rwui9XUrgYKD&utm_source=shopify&utm_medium=catalog
bulk,favors_bulk,party favors bulk 50,rocketfireworks-ca.myshopify.com,Rocket.ca,Glow Bracelets - Bulk Tube Of 100 Assorted,1499,1499,1,,,,https://rocketfireworks.ca/products/glow-bracelets-100-assorted?variant=42500616978621&_gsid=rwui9XUrgYKD&utm_source=shopify&utm_medium=catalog
bulk,favors_bulk,party favors bulk 50,sfgd9w-x0.myshopify.com,Flowerhint,Personalized Plantable Seed Pens: Eco-Friendly Party Favors-mothers day seeds bulk,1757,1757,1,,personaliz; custom,,https://www.flowerhint.com/products/personalized-plantable-seed-pens-eco-friendly-party-favors-mothers-day-seeds-bulk?variant=42693747638359&_gsid=rwui9XUrgYKD&utm_source=shopify&utm_medium=catalog
bulk,favors_bulk,party favors bulk 50,1b335b-b5.myshopify.com,Canada's Toy Hub,Disney Princess Party Favor Bag Set - 12 Pack of 8 Princess Party Goodie Bags for Bulk,3138,3138,1,,,,https://www.canadastoyhub.com/products/disney-disney-princess-party-favor-bag-set-a-12-pack-of-8-princess-party-goodie-bags-for-kids-bulk-reusable-mini-totes-disney-birthday-party-supplies?variant=50981116117281&_gsid=rwui9XUrgYKD&utm_source=shopify&utm_medium=catalog
bulk,favors_bulk,party favors bulk 50,bazaar-novelty.myshopify.com,Bazaar & Novelty,TIARIA HAPPY NEW YEAR  - 50/BOX,4450,4450,1,,,,https://bazaarnovelty.ca/products/tiaria-happy-new-year-50-box?variant=47803928412440&_gsid=rwui9XUrgYKD&utm_source=shopify&utm_medium=catalog
bulk,favors_bulk,party favors bulk 50,bear-country-kitchen.myshopify.com,Bear Country Kitchen,Wilton 150 Party Bags Clear,799,799,1,,,,https://www.bearcountrykitchen.ca/products/22568_wilton-150-party-bags-clear?variant=39653748047935&_gsid=rwui9XUrgYKD&utm_source=shopify&utm_medium=catalog
bulk,favors_bulk,party favors bulk 50,plumpolkadot.myshopify.com,PlumPolkaDot,"Customized Promotional Giveaway with Logo, Corporate Gifts Bulk, Hair Ties",8499,8499,1,,custom; personaliz,,https://www.plumpolkadot.com/products/promotional-items-with-logo-3999?variant=31150421016665&_gsid=rwui9XUrgYKD&utm_source=shopify&utm_medium=catalog
bulk,favors_bulk,party favors bulk 50,sfgd9w-x0.myshopify.com,Flowerhint,Personalized Mini Seed Pencil with Custom Name | Plantable Wedding Favor | Eco Friendly Party Gift seeds bulk,4012,4012,1,,personaliz; custom,,https://www.flowerhint.com/products/personalized-mini-seed-pencil-with-custom-name-plantable-wedding-favor-eco-friendly-party-gift-seeds-bulk?variant=42693747310679&_gsid=rwui9XUrgYKD&utm_source=shopify&utm_medium=catalog
bulk,favors_bulk,party favors bulk 50,bazaar-novelty.myshopify.com,Bazaar & Novelty,*THE GRAND FOR 100,13200,13200,1,,,,https://bazaarnovelty.ca/products/the-grand-for-100?variant=47803901116696&_gsid=rwui9XUrgYKD&utm_source=shopify&utm_medium=catalog
bulk,favors_bulk,party favors bulk 50,bazaar-novelty.myshopify.com,Bazaar & Novelty,***GOLD ENTERTAINER FOR 50,21000,21000,1,,,,https://bazaarnovelty.ca/products/silver-entertainer-for-50-copy-1?variant=49394427068696&_gsid=rwui9XUrgYKD&utm_source=shopify&utm_medium=catalog
bulk,favors_bulk,party favors bulk 50,partywarehousecanada.myshopify.com,Party Warehouse,Bluey Blowouts-8ct,399,399,1,,,,https://partywarehousecanada.myshopify.com/products/bluey-blowouts-8ct?variant=44133609341078&_gsid=rwui9XUrgYKD&utm_source=shopify&utm_medium=catalog
bulk,favors_bulk,party favors bulk 50,1gmzrj-af.myshopify.com,Dazzling Party and Balloons,Pokemon Mega Pack Value Mix Party Favors 48/PCS,2495,2495,1,,,,https://dazzlingballoons.ca/products/pokemon-mega-pack-value-mix-party-favors-48-pcs?variant=52696464032017&_gsid=rwui9XUrgYKD&utm_source=shopify&utm_medium=catalog
bulk,favors_bulk,party favors bulk 50,party-stuff-v4.myshopify.com,Party Stuff,Sparkle Unicorn Treat Bags,459,459,1,,,,https://www.partystuff.ca/products/sparkle-unicorn-treat-bags?variant=37176116936864&_gsid=rwui9XUrgYKD&utm_source=shopify&utm_medium=catalog
bulk,favors_bulk,party favors bulk 50,party-stuff-v4.myshopify.com,Party Stuff,"Paw Patrol™ Favor Pack, 48 Count",2299,2299,1,,,,https://www.partystuff.ca/products/paw-patrol-favor-pack-48ct?variant=38111954272416&_gsid=rwui9XUrgYKD&utm_source=shopify&utm_medium=catalog
bulk,favors_bulk,party favors bulk 50,sfgd9w-x0.myshopify.com,Flowerhint,"Bulk Plantable Onesie-Shaped Seed Paper, Flower Seed Paper Cards for Baby Shower Favors, Baby in Bloom Eco-Friendly Gifts, Plantable Favors seeds bulk",1804,1804,1,,,,https://www.flowerhint.com/products/bulk-plantable-onesie-shaped-seed-paper-flower-seed-paper-cards-for-baby-shower-favors-baby-in-bloom-eco-friendly-gifts-plantable-favors-seeds-bulk?variant=42693727486039&_gsid=rwui9XUrgYKD&utm_source=shopify&utm_medium=catalog
bulk,favors_bulk,party favors bulk 50,bargainballoons.myshopify.com,Bargain Balloons USA,"12"" Kalisan Brand Latex Balloons Aura Ivory White (50 Per Bag)",1069,1069,1,,,,https://bargainballoons.com/products/12-inches-kalisan-brand-latex-balloons-aura-ivory-white-50-per-bag-11270832?variant=51838545756530&_gsid=rwui9XUrgYKD&utm_source=shopify&utm_medium=catalog
bulk,favors_bulk,party favors bulk 50,bazaar-novelty.myshopify.com,Bazaar & Novelty,***SPARKLING GOLD FOR 50,8300,8300,1,,,,https://bazaarnovelty.ca/products/sparkling-gold-for-50?variant=47803908260120&_gsid=rwui9XUrgYKD&utm_source=shopify&utm_medium=catalog
bulk,favors_bulk,party favors bulk 50,partywarehousecanada.myshopify.com,Party Warehouse,Hot Wheels Blowouts-8PCS,699,699,1,,,,https://partywarehousecanada.myshopify.com/products/hot-wheels-blowouts-8pcs?variant=44133569396886&_gsid=rwui9XUrgYKD&utm_source=shopify&utm_medium=catalog
bulk,favors_bulk,party favors bulk 50,dollar-max-depot.myshopify.com,Dollar Max Dépôt,Wilton 25 Clear Plastic Party Bags with Ties 4x9.5in,329,329,1,,,,https://www.dollarmaxdepot.com/products/bags-party-25ct-clear-w-ties-e-wilto1912-1240?variant=34240165314697&_gsid=rwui9XUrgYKD&utm_source=shopify&utm_medium=catalog
bulk,favors_bulk,party favors bulk 50,party-stuff-v4.myshopify.com,Party Stuff,Emerald Green Crepe Streamer - 81' (1CT),199,199,1,,,,https://www.partystuff.ca/products/emerald-green-crepe-streamer-81-1ct?variant=51816253260146&_gsid=rwui9XUrgYKD&utm_source=shopify&utm_medium=catalog
bulk,favors_bulk,party favors bulk 50,partyexpertballoon.myshopify.com,Party Expert,"Flutter Party Mega Mix Favor Pack, 48 Count",1597,1597,1,,,,https://www.party-expert.com/products/flutter-party-mega-mix-favor-pack-48-count?variant=38116746133690&_gsid=rwui9XUrgYKD&utm_source=shopify&utm_medium=catalog
bulk,favors_bulk,party favors bulk 50,sfgd9w-x0.myshopify.com,Flowerhint,Plantable Seed Pencil Favors with Personalized Cards: Eco-Friendly Gifts seeds bulk,1763,1763,1,,personaliz,,https://www.flowerhint.com/products/plantable-seed-pencil-favors-with-personalized-cards-eco-friendly-gifts-seeds-bulk?variant=42693749440599&_gsid=rwui9XUrgYKD&utm_source=shopify&utm_medium=catalog
bulk,favors_bulk,party favors bulk 50,partywarehousecanada.myshopify.com,Party Warehouse,"Orange & Black Dots Treat Bags, 4""X6"", 50Ct",169,169,1,,,,https://partywarehousecanada.myshopify.com/products/orange-black-dots-treat-bags-4x6-50ct?variant=44133465915542&_gsid=rwui9XUrgYKD&utm_source=shopify&utm_medium=catalog
bulk,favors_bulk,party favors bulk 50,1svzbm-9p.myshopify.com,Prestige Sales,"Glow Necklace 22"" Bulk Tube (50/tube)",6099,6099,1,Quantity,,,https://www.prestigesales.ca/products/glow-necklace-22-bulk-tube-50-tube?variant=48549930041536&_gsid=rwui9XUrgYKD&utm_source=shopify&utm_medium=catalog
bulk,favors_bulk,party favors bulk 50,umgusa.myshopify.com,UMGLA,CANDY BAG 10x10CM 50PK,2760,2760,1,,,,https://umgla.com/products/candy-bag-10x10cm-50pk?variant=45256413970594&_gsid=rwui9XUrgYKD&utm_source=shopify&utm_medium=catalog
bulk,favors_bulk,party favors bulk 50,little-gifts-that-grow.myshopify.com,Little Gifts That Grow,Succulent Clay Favours,650,650,1,Twine/ribbon; Top dressing,,,https://littlegiftsthatgrow.ca/products/succulent-clay-favours?variant=39801632653400&_gsid=rwui9XUrgYKD&utm_source=shopify&utm_medium=catalog
bulk,favors_bulk,party favors bulk 50,0a092c.myshopify.com,Todsky’s Magic Shop,Noses 1.5 inch Bag of 50,5390,5390,1,,,,https://magicstore.ca/products/noses-1-5-inch-bag-of-50?variant=51856756048156&_gsid=rwui9XUrgYKD&utm_source=shopify&utm_medium=catalog
bulk,favors_bulk,party favors bulk 50,partyexpertballoon.myshopify.com,Party Expert,"Mickey Mouse Forever mega favor pack, 48 per package",1599,1599,1,,,,https://www.party-expert.com/products/mickey-mouse-forever-mega-favor-pack?variant=31955396722748&_gsid=rwui9XUrgYKD&utm_source=shopify&utm_medium=catalog
bulk,favors_bulk,party favors bulk 50,xwimey-bq.myshopify.com,CowLost,Graduation Rubber Duck Sets with Candy Boxes and Yellow Tassel – 6/12/24 Bulk Grad Party Favors,4999,4999,1,Color; Ships from,,,https://cowlost.com/products/product_id-graduation-rubber-duck-sets-with-candy-boxes-and-yellow-tassel-6-12-24-bulk-grad-party-favors?variant=43491697197145&_gsid=rwui9XUrgYKD&utm_source=shopify&utm_medium=catalog
bulk,favors_bulk,party favors bulk 50,party-stuff-v4.myshopify.com,Party Stuff,"22"" Glow Necklace Super Mega Value Pack - Multi Color",4599,4599,1,,,,https://www.partystuff.ca/products/22-glow-necklace-super-mega-value-pack-multi-color?variant=37169546068128&_gsid=rwui9XUrgYKD&utm_source=shopify&utm_medium=catalog
bulk,favors_bulk,party favors bulk 50,readymadeplaycanada.myshopify.com,Readymade Play Canada ,Party Favours!,550,550,1,,,,https://readymadeplaycanada.com/products/party-favours?variant=48755888783646&_gsid=rwui9XUrgYKD&utm_source=shopify&utm_medium=catalog
bulk,favors_bulk,party favors bulk 50,1gmzrj-af.myshopify.com,Dazzling Party and Balloons,Hello Kitty & Friends Favor Pack 48 Pack,2195,2195,1,,,,https://dazzlingballoons.ca/products/hello-kitty-friends-favor-pack-48-pack?variant=52696288330001&_gsid=rwui9XUrgYKD&utm_source=shopify&utm_medium=catalog
bulk,favors_bulk,party favors bulk 50,partyexpertballoon.myshopify.com,Party Expert,"Emoji mega favor pack, 48 per package",1297,1297,1,,,,https://www.party-expert.com/products/emoji-favor-pack-48-pkg?variant=14028097159234&_gsid=rwui9XUrgYKD&utm_source=shopify&utm_medium=catalog
bulk,favors_bulk,party favors bulk 50,partywarehousecanada.myshopify.com,Party Warehouse,Unicorn Stampers-8pcs,300,300,1,,,,https://partywarehousecanada.myshopify.com/products/unicorn-stampers-8pcs?variant=44133608358038&_gsid=rwui9XUrgYKD&utm_source=shopify&utm_medium=catalog
bulk,favors_bulk,party favors bulk 50,partywarehousecanada.myshopify.com,Party Warehouse,Tattoo Favors-45 Boxes,497,497,1,,,,https://partywarehousecanada.myshopify.com/products/tattoo-favors-45-boxes?variant=44133480497302&_gsid=rwui9XUrgYKD&utm_source=shopify&utm_medium=catalog
bulk,favors_bulk,party favors bulk 50,plumpolkadot.myshopify.com,PlumPolkaDot,"50 and Fabulous, 50th Birthday Party Favors for Women, Hair Scrunchies",499,499,1,,personaliz,,https://www.plumpolkadot.com/products/50-and-fabulous-50th-birthday-party-1125?variant=31492508057689&_gsid=rwui9XUrgYKD&utm_source=shopify&utm_medium=catalog
bulk,favors_bulk,party favors bulk 50,bazaar-novelty.myshopify.com,Bazaar & Novelty,**SILVER GOLD LEGACY FOR 50,13500,13500,1,,,,https://bazaarnovelty.ca/products/n88937-50?variant=47803907473688&_gsid=rwui9XUrgYKD&utm_source=shopify&utm_medium=catalog
bulk,favors_bulk,party favors bulk 50,partyexpertballoon.myshopify.com,Party Expert,"New Pink Paper Party Bags, 10 x 5 x 3 Inches, 12 Count",299,299,1,,,,https://www.party-expert.com/products/new-pink-paper-party-bags-10-x-5-inches-12-count?variant=44592617357498&_gsid=rwui9XUrgYKD&utm_source=shopify&utm_medium=catalog
bulk,favors_bulk,party favors bulk 50,sfgd9w-x0.myshopify.com,Flowerhint,Bulk Plantable Heart shapes Thank you Wedding favour Seed paper 2.5 inches Heart gift labels,9920,9920,1,,,,https://www.flowerhint.com/products/bulk-plantable-heart-shapes-thank-you-wedding-favour-seed-paper-2-5-inches-heart-gift-labels?variant=42680837242967&_gsid=rwui9XUrgYKD&utm_source=shopify&utm_medium=catalog
bulk,favors_bulk,party favors bulk 50,bargainballoons.myshopify.com,Bargain Balloons USA,"12"" Standard White Decomex Latex Balloons (100 Per Bag)",838,838,1,Color; Size,,,https://bargainballoons.com/products/12-inch-standard-white-decomex-latex-balloons-100-per-bag-r12-100?variant=47224396939558&_gsid=rwui9XUrgYKD&utm_source=shopify&utm_medium=catalog
bulk,favors_bulk,party favors bulk 50,the-sugar-cube.myshopify.com,The Sugar Cube,Custom Candy Bags,12375,12375,1,Quantity; Allergen; Size,custom; personaliz,allerg,https://www.sugarcubeyyc.com/products/custom-candy-bags?variant=3359674948&_gsid=rwui9XUrgYKD&utm_source=shopify&utm_medium=catalog
bulk,cookies_bulk,cookies bulk order 100,745d6f-06.myshopify.com,Casepack,Nestle Crunch Cookie Biscuit 100G | Case of 20 | Bulk Candy & Chocolate,4249,4249,1,,,,https://casepack.ca/products/nestle-crunch-cookie-biscuit-20x100g?variant=45027476406448&_gsid=8CagRvWCL6NA&utm_source=shopify&utm_medium=catalog
bulk,cookies_bulk,cookies bulk order 100,crave-cupcakes-and-cake.myshopify.com,Crave Cupcakes,Build Your Own Half Dozen Cookie Assortment,2100,2100,1,,custom; personaliz,,https://www.cravecupcakes.ca/products/build-your-own-half-dozen-cookie-assortment?variant=40973556219939&_gsid=8CagRvWCL6NA&utm_source=shopify&utm_medium=catalog
bulk,cookies_bulk,cookies bulk order 100,sweetflour-bakeshop.myshopify.com,Sweet Flour Bake Shop,1/2 Dozen Gourmet Cookies - You Pick the Flavour,3000,3000,1,,custom,,https://www.sweetflour.ca/products/1-2-dozen-you-pick-the-flavour?variant=10223275333&_gsid=8CagRvWCL6NA&utm_source=shopify&utm_medium=catalog
bulk,cookies_bulk,cookies bulk order 100,745d6f-06.myshopify.com,Casepack,Peanut Snaps 30G | Case of 25 | Bulk Cookies & Biscuits,1999,1999,1,,,,https://casepack.ca/products/peanut-snaps-25x30g?variant=45027477356720&_gsid=8CagRvWCL6NA&utm_source=shopify&utm_medium=catalog
bulk,cookies_bulk,cookies bulk order 100,sweetflour-bakeshop.myshopify.com,Sweet Flour Bake Shop,1 Dozen Gourmet Cookies - Assorted Mix,4500,4500,1,,,,https://www.sweetflour.ca/products/gourmet-signature-cookies-assorted-mix?variant=28207367651400&_gsid=8CagRvWCL6NA&utm_source=shopify&utm_medium=catalog
bulk,cookies_bulk,cookies bulk order 100,sweetflour-bakeshop.myshopify.com,Sweet Flour Bake Shop,Large Signature Cookies,4500,4500,1,Select the flavour,,,https://www.sweetflour.ca/products/large-signature-cookies?variant=45281911996657&_gsid=8CagRvWCL6NA&utm_source=shopify&utm_medium=catalog
bulk,cookies_bulk,cookies bulk order 100,xjt530-8n.myshopify.com,Fat Cat Cookie Co,Box of Cookies,2599,2599,1,Size,,,https://fatcatgourmet.ca/products/cookie-box-1?variant=48819206258937&_gsid=8CagRvWCL6NA&utm_source=shopify&utm_medium=catalog
bulk,cookies_bulk,cookies bulk order 100,mvr-plus.myshopify.com,MVR Plus,BIG DADDY - CHOCOLATE CHUNKS 8x100 GR,1032,1032,1,,,,https://plus.mvrwholesale.com/products/big-daddy-chocolate-chunks-8x100-gr?variant=48293512708266&_gsid=8CagRvWCL6NA&utm_source=shopify&utm_medium=catalog
bulk,cookies_bulk,cookies bulk order 100,sweet-lous-cookies.myshopify.com,Sweet Lou's Cookies,One Dozen Cookies,2795,2795,1,,,,https://sweetlouscookies.com/products/dozen-cookies?variant=13072846913580&_gsid=8CagRvWCL6NA&utm_source=shopify&utm_medium=catalog
bulk,cookies_bulk,cookies bulk order 100,941a25-4.myshopify.com,Wilder Cookies Wholesale,Salted Chocolate Chunk Cookie (Pack of 6),1650,1650,1,,,,https://www.wildercookieswholesale.com/products/og-chocolate-chunk-cookie-pack-of-6?variant=47328306102556&_gsid=8CagRvWCL6NA&utm_source=shopify&utm_medium=catalog
bulk,cookies_bulk,cookies bulk order 100,campbellfordwholesale.myshopify.com,Campbellford Wholesale Ltd,Christie Cookies - Oreo Single Serve  100x22gr,5995,5995,1,,,,https://campbellfordwholesale.com/products/christie-cookies-oreo-single-serve-100x22gr?variant=41154837381304&_gsid=8CagRvWCL6NA&utm_source=shopify&utm_medium=catalog
bulk,cookies_bulk,cookies bulk order 100,745d6f-06.myshopify.com,Casepack,Gullon Biscuits Maria Cookies 600G | Case of 10 | Bulk Cookies & Biscuits,4399,4399,1,,,,https://casepack.ca/products/gullon-biscuits-maria-cookies-10x600g?variant=45027472179376&_gsid=8CagRvWCL6NA&utm_source=shopify&utm_medium=catalog
bulk,cookies_bulk,cookies bulk order 100,veehacart-ca.myshopify.com,Veehacart,Dohful Assorted Cookies,2531,2531,1,Pack size,,,https://veehacart.ca/products/assorted-cookies?variant=46747646951653&_gsid=8CagRvWCL6NA&utm_source=shopify&utm_medium=catalog
bulk,cookies_bulk,cookies bulk order 100,sugar-dream-cookies-f5fb.myshopify.com,Sugar Dream Cookies & Supplies,Large Custom Cookies,475,475,1,Cookie flavours; Icing flavour,custom,,https://sugardreamcookies.ca/products/12-regular-sized-custom-cookies?variant=46917869437028&_gsid=8CagRvWCL6NA&utm_source=shopify&utm_medium=catalog
bulk,cookies_bulk,cookies bulk order 100,wholesalemms.myshopify.com,Wholesale,Bulk Cookies,8160,8160,1,Flavour,,,https://wholesale.marymacleod.com/products/bulk-cookies?variant=49003228397797&_gsid=8CagRvWCL6NA&utm_source=shopify&utm_medium=catalog
bulk,cookies_bulk,cookies bulk order 100,the-sugar-shoppe.myshopify.com,The Sugar Shoppe,Andrea Golden - Custom Cookie Order,67500,67500,1,,custom,gluten,https://thesugarshoppe.ca/products/andrea-golden-custom-cookie-order?variant=44620918391091&_gsid=8CagRvWCL6NA&utm_source=shopify&utm_medium=catalog
bulk,cookies_bulk,cookies bulk order 100,buttermaidbakery-dev.myshopify.com,Butter Maid Bakery,Soldier Cookie Donation - OPERATION: SWEETEST APPRECIATION,141,141,1,,,,https://buttermaidbakery.com/products/military-donation?variant=33668561764490&_gsid=8CagRvWCL6NA&utm_source=shopify&utm_medium=catalog
bulk,cookies_bulk,cookies bulk order 100,bhfood.myshopify.com,BH Food Group,302 Cookie-RTB-03 Dark Chocolate Hazelnut Bliss (12pc),2900,2900,1,,,,https://bhfoodgroup.com/products/cookie-dark-chocolate-hazelnut-bliss?variant=40554769416240&_gsid=8CagRvWCL6NA&utm_source=shopify&utm_medium=catalog
bulk,cookies_bulk,cookies bulk order 100,yvrcookie.myshopify.com,YVR Cookie,Assorted Cookie,874,874,1,,,,https://yvrcookie.com/products/assorted-flavour-copy?variant=45204215496801&_gsid=8CagRvWCL6NA&utm_source=shopify&utm_medium=catalog
bulk,cookies_bulk,cookies bulk order 100,justbitememeals.myshopify.com,Just Bite Me Meals ,Bulk Power Cookies (8 Cookies),3799,3799,1,,,,https://justbitememeals.com/products/bulk-power-cookies?variant=42187881021600&_gsid=8CagRvWCL6NA&utm_source=shopify&utm_medium=catalog
bulk,cookies_bulk,cookies bulk order 100,squishcookies.myshopify.com,Skuish Cookies,100 Cookies Wholesale NYC Style Stuffed Cookies (90 g each),34900,34900,1,Flavour,,,https://skuish.com/products/wholesale-nyc-style-stuffed-cookies-100-per-flavor-canada?variant=47778715566211&_gsid=8CagRvWCL6NA&utm_source=shopify&utm_medium=catalog
bulk,cookies_bulk,cookies bulk order 100,475d32-61.myshopify.com,Healthy Selections,Shire's Birthday Cake Cookies (120 Units per Case),88,88,1,Case pack,,,https://healthyselections.ca/products/shires-rainbow-sprinkle-cookies-case?variant=49098480615736&_gsid=8CagRvWCL6NA&utm_source=shopify&utm_medium=catalog
bulk,cookies_bulk,cookies bulk order 100,crave-cupcakes-and-cake.myshopify.com,Crave Cupcakes,Cookie Assortment,2100,2100,1,Allergy options; Size,,allerg,https://www.cravecupcakes.ca/products/cookie-assortment?variant=18597976309817&_gsid=8CagRvWCL6NA&utm_source=shopify&utm_medium=catalog
bulk,cookies_bulk,cookies bulk order 100,941a25-4.myshopify.com,Wilder Cookies Wholesale,S'mores Cookie (Pack of 6),1650,1650,1,,,,https://www.wildercookieswholesale.com/products/smores-cookie-pack-of-6?variant=47325532258588&_gsid=8CagRvWCL6NA&utm_source=shopify&utm_medium=catalog
bulk,cookies_bulk,cookies bulk order 100,yvrcookie.myshopify.com,YVR Cookie,Double Chocolate Chunk,874,874,1,Size,,,https://yvrcookie.com/products/salted-chocolate-chunk?variant=39967770443873&_gsid=8CagRvWCL6NA&utm_source=shopify&utm_medium=catalog
bulk,cookies_bulk,cookies bulk order 100,campbellfordwholesale.myshopify.com,Campbellford Wholesale Ltd,Best Buy Cookies - Vanilla Creme 12x600gr,6695,6695,1,,,,https://campbellfordwholesale.com/products/best-buy-cookies-vanilla-creme-12x600gr?variant=40262343721144&_gsid=8CagRvWCL6NA&utm_source=shopify&utm_medium=catalog
bulk,cookies_bulk,cookies bulk order 100,6k1gir-3p.myshopify.com,Palengke Wholesale,Rondeau Bigd (New) Oatmeal 10X100 Gr,6353,6353,1,,,,https://www.palengke.ca/products/rondeau-bigd-new-oatmeal-10x100-gr?variant=44550257770562&_gsid=8CagRvWCL6NA&utm_source=shopify&utm_medium=catalog
bulk,cookies_bulk,cookies bulk order 100,candywholesale.myshopify.com,Candyonline.ca ,Big Daddy Oatmeal Raisin Cookies 8-100 g,1175,1175,1,,,,https://candyonline.ca/products/big-daddy-oatmeal-rasin-cookies-8-100-g?variant=39839226626163&_gsid=8CagRvWCL6NA&utm_source=shopify&utm_medium=catalog
bulk,cookies_bulk,cookies bulk order 100,tmc06s-3g.myshopify.com,Per Party Boutique Toronto,Corporate Soccer Cookie Order – 450 pcs,157500,157500,1,,,,https://perpartyboutique.com/products/corporate-soccer-cookie-order-450-pcs?variant=45918272192710&_gsid=8CagRvWCL6NA&utm_source=shopify&utm_medium=catalog
bulk,cookies_bulk,cookies bulk order 100,just-cakes-bakeshop.myshopify.com,Just Cakes Bakeshop,JCB Chocolate Chip Cookies,4500,4500,1,Quantity,,,https://www.justcakesbc.com/products/jcb-chocolate-chip-cookies?variant=42348248400129&_gsid=8CagRvWCL6NA&utm_source=shopify&utm_medium=catalog
bulk,cookies_bulk,cookies bulk order 100,6k1gir-3p.myshopify.com,Palengke Wholesale,Lula Cookies With Dates - Case of 12 (228G),9418,9418,1,,,,https://www.palengke.ca/products/lula-cookies-with-dates-case-of-12-228g?variant=44720360357954&_gsid=8CagRvWCL6NA&utm_source=shopify&utm_medium=catalog
bulk,cookies_bulk,cookies bulk order 100,6k1gir-3p.myshopify.com,Palengke Wholesale,Oli Cookie Chocolate Chip 8X100 Gr,6047,6047,1,,,,https://www.palengke.ca/products/oli-cookie-chocolate-chip-8x100-gr?variant=44550257606722&_gsid=8CagRvWCL6NA&utm_source=shopify&utm_medium=catalog
bulk,cookies_bulk,cookies bulk order 100,mvr-plus.myshopify.com,MVR Plus,MILKA - SENSATION OREO 12x156 GR,4932,4932,1,,,,https://plus.mvrwholesale.com/products/milka-sensation-soft-inside-choco-12x156-gr-1?variant=48139264557226&_gsid=8CagRvWCL6NA&utm_source=shopify&utm_medium=catalog
bulk,cookies_bulk,cookies bulk order 100,bhfood.myshopify.com,BH Food Group,300 Cookie-RTB-01 Chocolate Walnut Drop (12pc),2900,2900,1,,,,https://bhfoodgroup.com/products/chocolate-walnut-drop-cookie?variant=40554620256304&_gsid=8CagRvWCL6NA&utm_source=shopify&utm_medium=catalog
bulk,cookies_bulk,cookies bulk order 100,levainbakery.myshopify.com,Levain Bakery,Build Your Own Cookie Box,5200,5200,1,Size,custom,,https://levainbakery.com/products/build-your-own-pack?variant=42402039726161&_gsid=8CagRvWCL6NA&utm_source=shopify&utm_medium=catalog
bulk,cookies_bulk,cookies bulk order 100,6k1gir-3p.myshopify.com,Palengke Wholesale,Lula Cookies With Figs - Case of 12 (228G),9418,9418,1,,,,https://www.palengke.ca/products/lula-cookies-with-figs-case-of-12-228g?variant=44720360456258&_gsid=8CagRvWCL6NA&utm_source=shopify&utm_medium=catalog
bulk,cookies_bulk,cookies bulk order 100,bhfood.myshopify.com,BH Food Group,301 Cookie-RTB-02 Classic Chocolate Chip (12pc),2900,2900,1,,,,https://bhfoodgroup.com/products/cookie-classic-chocolate-chip-cookie?variant=40554768007216&_gsid=8CagRvWCL6NA&utm_source=shopify&utm_medium=catalog
bulk,cookies_bulk,cookies bulk order 100,s7k6m0-yy.myshopify.com,SmoothShip Wholesale,Oreo Mega Stuf Chocolate Sandwich Cookies 374g,1299,1299,1,Pack size,,,https://smoothship.ca/products/oreo-mega-stuf-chocolate-sandwich-cookies-374g?variant=48850849235161&_gsid=8CagRvWCL6NA&utm_source=shopify&utm_medium=catalog
bulk,cookies_bulk,cookies bulk order 100,natural-pet-foods.myshopify.com,Natural Pet Foods,Bulk Cookies,699,699,1,,,,https://naturalpetfoods.ca/products/bulk?variant=40472074616917&_gsid=8CagRvWCL6NA&utm_source=shopify&utm_medium=catalog
bulk,cookies_bulk,cookies bulk order 100,bulkmartcanada.myshopify.com,Bulk Mart,Loacker - Gran Patisserie Cappuccino - 12 x 100g,6699,6699,1,,,,https://bulkmart.ca/products/loacker-gran-patisserie-cappuccino-12-x-100g?variant=41849897353290&_gsid=8CagRvWCL6NA&utm_source=shopify&utm_medium=catalog
bulk,cookies_bulk,cookies bulk order 100,yvrcookie.myshopify.com,YVR Cookie,Reese's Peanut Butter,874,874,1,Size,,,https://yvrcookie.com/products/reeses-peanut-butter?variant=39614317297761&_gsid=8CagRvWCL6NA&utm_source=shopify&utm_medium=catalog
bulk,cookies_bulk,cookies bulk order 100,pdyh4d-9y.myshopify.com,To Live For Bakery,Chocolate Chip Cookie,2160,2160,1,,,,https://tolivefor.ca/products/baked-good-chocolate-chip-cookie?variant=47499632541780&_gsid=8CagRvWCL6NA&utm_source=shopify&utm_medium=catalog
bulk,cookies_bulk,cookies bulk order 100,annies-chocolates-london.myshopify.com,ANNIES CHOCOLATES,Oreo Cookies,599,599,1,,,,https://www.annieschocolates.com/products/chocolate-covered-oreo-cookies?variant=43383305699542&_gsid=8CagRvWCL6NA&utm_source=shopify&utm_medium=catalog
bulk,cookies_bulk,cookies bulk order 100,confetti-sweets-yeg.myshopify.com,Confetti Sweets - Sherwood Park,Custom Printed Cookies,5400,5400,1,,custom; personaliz,,https://confettisweets.ca/products/printed-cookie-round?variant=46512017310011&_gsid=8CagRvWCL6NA&utm_source=shopify&utm_medium=catalog
bulk,cookies_bulk,cookies bulk order 100,mvr-plus.myshopify.com,MVR Plus,LOTUS BISCOFF - SANDWICH COOKIES VANILLA CREAM 9x150 GR,2999,2999,1,,,,https://plus.mvrwholesale.com/products/lotus-biscoff-sandwich-cookies-vanilla-cream-9x150-gr?variant=48245213823146&_gsid=8CagRvWCL6NA&utm_source=shopify&utm_medium=catalog
bulk,cookies_bulk,cookies bulk order 100,6k1gir-3p.myshopify.com,Palengke Wholesale,Famous Amos Choc Chip Cookie 30X56 Gr,7723,7723,1,,,,https://www.palengke.ca/products/famous-amos-choc-chip-cookie-30x56-gr?variant=44550256689218&_gsid=8CagRvWCL6NA&utm_source=shopify&utm_medium=catalog
bulk,cookies_bulk,cookies bulk order 100,a1cashandcarry.myshopify.com,A1 Cash and Carry,Fortune Cookies - Wrapped 400 pcs,2199,2199,1,Uom,,,https://www.a1cashandcarry.com/products/fortune-cookies-wrapped-1?variant=41233621254305&_gsid=8CagRvWCL6NA&utm_source=shopify&utm_medium=catalog
bulk,cookies_bulk,cookies bulk order 100,peacock-bakehouse.myshopify.com,Peacock Bakehouse,Mega-stuffed Cookie Box - 6 Assorted Flavours,4800,4800,1,,,,https://peacockbakehouse.com/products/mega-stuffed-cookies-5-assorted-flavours-next?variant=41990756663374&_gsid=8CagRvWCL6NA&utm_source=shopify&utm_medium=catalog
bulk,cookies_bulk,cookies bulk order 100,745d6f-06.myshopify.com,Casepack,Pepperidge Farm Cookie Double Chocolate 213g Case of 12 Bags | Bulk Snacks,6299,6299,1,,,,https://casepack.ca/products/pepperidge-farms-pepperidge-farm-cookie-12-pack-double-chocolate-213g-213g-bulk-snacks?variant=45018676592816&_gsid=8CagRvWCL6NA&utm_source=shopify&utm_medium=catalog
bulk,cookies_bulk,cookies bulk order 100,bhfood.myshopify.com,BH Food Group,307 Cookie-RTE-08 Dubai Cookie (10pc),4000,4000,1,,,,https://bhfoodgroup.com/products/dubai-chocolate-cookie-rtb?variant=49895196098869&_gsid=8CagRvWCL6NA&utm_source=shopify&utm_medium=catalog
price,favors_under_10,party favors,0rdkjn-1g.myshopify.com,MAIOUMA INC.,Bow Tie,6,6,1,Color; Qty; Size ,,,https://maiouma.com/products/bow-tie?variant=52323198664885&_gsid=k2ptkmbiuCU2&utm_source=shopify&utm_medium=catalog
price,favors_under_10,party favors,0rdkjn-1g.myshopify.com,MAIOUMA INC.,Wedding Favor Paper Tags,4,4,1,Qty; Size,personaliz,,https://maiouma.com/products/wedding-favor-tags?variant=51945422913717&_gsid=k2ptkmbiuCU2&utm_source=shopify&utm_medium=catalog
price,favors_under_10,party favors,bargainballoons-dev.myshopify.com,Bargain Balloons Canada,"2"" Airfill Only (Sticks Sold Separately) Happy Birthday Wishes Gold Balloon",9,9,1,,,,https://bargainballoons.ca/products/2-inch-airfill-only-happy-birthday-wishes-gold-balloon-20234?variant=45014109061436&_gsid=k2ptkmbiuCU2&utm_source=shopify&utm_medium=catalog
price,favors_under_10,party favors,palico-cards-collectibles.myshopify.com,Palico Cards & Collectibles,Who's the Tough Guy? (Blue) [SUP - SUP054],2,2,1,,,,https://palicocards.ca/products/who-s-the-tough-guy-blue-sup-sup054?variant=48056130765021&_gsid=k2ptkmbiuCU2&utm_source=shopify&utm_medium=catalog
price,favors_under_10,party favors,c58903-4.myshopify.com,Premium Sports Cards,Beach Court [SVI - 167/198],9,9,1,Condition; Language,,,https://www.premiumsportscards.ca/products/beach-court-sv01-scarlet-violet-base-set-488072?variant=51718997180647&_gsid=k2ptkmbiuCU2&utm_source=shopify&utm_medium=catalog
price,favors_under_10,party favors,jacks-on-queens.myshopify.com,Jack's On Queen,James - Role Model (150/204) [Rise of the Floodborn],5,5,1,,,,https://jacksonqueen.ca/products/card-cml7w5bvu6thu1169ssh0emha?variant=55972249207076&_gsid=k2ptkmbiuCU2&utm_source=shopify&utm_medium=catalog
price,favors_under_10,party favors,palico-cards-collectibles.myshopify.com,Palico Cards & Collectibles,Soul Cleaver (Yellow) [DTD185] (Dusk Till Dawn),8,8,1,Title,,,https://palicocards.ca/products/soul-cleaver-yellow-dtd185-dusk-till-dawn?variant=43916517507293&_gsid=k2ptkmbiuCU2&utm_source=shopify&utm_medium=catalog
price,favors_under_10,party favors,palico-cards-collectibles.myshopify.com,Palico Cards & Collectibles,Swindler's Grift (Yellow) [SEA170],7,7,1,,,,https://palicocards.ca/products/swindler-s-grift-yellow-high-seas-sea170?variant=48053694824669&_gsid=k2ptkmbiuCU2&utm_source=shopify&utm_medium=catalog
price,favors_under_10,party favors,c58903-4.myshopify.com,Premium Sports Cards,Vullaby [SWSH08 - 172/264],9,9,1,,,,https://www.premiumsportscards.ca/products/vullaby-swsh08-fusion-strike-253386?variant=51718876037351&_gsid=k2ptkmbiuCU2&utm_source=shopify&utm_medium=catalog
price,favors_under_10,party favors,mkcards.myshopify.com,MK Cards,Frosting (Yellow) - UPR131,5,5,1,,,,https://mkkards.com/products/copy-of-aether-hail-blue-upr129?variant=44878687305892&_gsid=k2ptkmbiuCU2&utm_source=shopify&utm_medium=catalog
price,favors_under_10,party favors,palico-cards-collectibles.myshopify.com,Palico Cards & Collectibles,Stacked in Your Favor (Yellow) [HVY - HVY069],8,8,1,,,,https://palicocards.ca/products/stacked-in-your-favor-yellow-hvy-hvy069?variant=48344712282333&_gsid=k2ptkmbiuCU2&utm_source=shopify&utm_medium=catalog
price,favors_under_10,party favors,c58903-4.myshopify.com,Premium Sports Cards,Simipour [SWSH08 - 069/264],6,6,1,,,,https://www.premiumsportscards.ca/products/simipour-swsh08-fusion-strike-253212?variant=51620382441703&_gsid=k2ptkmbiuCU2&utm_source=shopify&utm_medium=catalog
price,favors_under_10,party favors,htwskh-en.myshopify.com,TCGspot,Awakening of the New Era - Conis (OP-05),5,5,1,Condition,,,https://tcgspot.ca/products/awakening-of-the-new-era-conis-op-05?variant=44119668785324&_gsid=k2ptkmbiuCU2&utm_source=shopify&utm_medium=catalog
price,favors_under_10,party favors,palico-cards-collectibles.myshopify.com,Palico Cards & Collectibles,Adrenaline Rush (Blue) [HVY - HVY224],3,3,1,Condition,,,https://palicocards.ca/products/adrenaline-rush-blue-hvy-hvy224?variant=48344777523421&_gsid=k2ptkmbiuCU2&utm_source=shopify&utm_medium=catalog
price,favors_under_10,party favors,palico-cards-collectibles.myshopify.com,Palico Cards & Collectibles,Soul Cleaver (Blue) [DTD186] (Dusk Till Dawn),3,3,1,Title,,,https://palicocards.ca/products/soul-cleaver-blue-dtd186-dusk-till-dawn?variant=43916528746717&_gsid=k2ptkmbiuCU2&utm_source=shopify&utm_medium=catalog
price,favors_under_25,personalized party favors,elpida-cafe-roastery.myshopify.com,Elpida Café & Roastery,Place Holder for Coffee Bean Favours - (Burlap Bags + Custom Sticker),1,1,1,,custom; personaliz,,https://www.elpidaroastery.com/products/coffee-bean-favours-for-any-event-burlap-bags-custom-sticker?variant=32631943987236&_gsid=xr66vJSyDrin&utm_source=shopify&utm_medium=catalog
price,favors_under_25,personalized party favors,0rdkjn-1g.myshopify.com,MAIOUMA INC.,Bow Tie,6,6,1,Color; Qty; Size ,,,https://maiouma.com/products/bow-tie?variant=52323198664885&_gsid=xr66vJSyDrin&utm_source=shopify&utm_medium=catalog
price,favors_under_25,personalized party favors,0rdkjn-1g.myshopify.com,MAIOUMA INC.,Tie Bow for Baby Shower Party Favor,15,15,1,Color; Qty; Size,,,https://maiouma.com/products/tie-bow-for-baby?variant=51944848982197&_gsid=xr66vJSyDrin&utm_source=shopify&utm_medium=catalog
price,favors_under_25,personalized party favors,0rdkjn-1g.myshopify.com,MAIOUMA INC.,Wedding Favor Paper Tags,4,4,1,Qty; Size,personaliz,,https://maiouma.com/products/wedding-favor-tags?variant=51945422913717&_gsid=xr66vJSyDrin&utm_source=shopify&utm_medium=catalog
price,favors_under_25,personalized party favors,xgd8yn-aa.myshopify.com,How Sweet Inc,Fini Camel Balls,20,20,1,,,,https://howsweetinc.ca/products/fini-camel-balls?variant=44928002883792&_gsid=xr66vJSyDrin&utm_source=shopify&utm_medium=catalog
price,favors_under_25,personalized party favors,bargainballoons.myshopify.com,Bargain Balloons USA,"18"" Classic Letter Balloon Letter ""R"" Pink/White",5,5,1,,personaliz,,https://bargainballoons.com/products/18-classic-letter-balloon-letter-r-pink-white-30014c?variant=47221382676774&_gsid=xr66vJSyDrin&utm_source=shopify&utm_medium=catalog
price,favors_under_25,personalized party favors,bargainballoons.myshopify.com,Bargain Balloons USA,"4"" Airfill Only (Sticks Sold Separately) It's your Day! Celebrate Colour Splash Balloon",9,9,1,,,,https://bargainballoons.com/products/4-inch-airfill-only-its-your-day-celebrate-colour-splash-balloon-68477?variant=47222908715302&_gsid=xr66vJSyDrin&utm_source=shopify&utm_medium=catalog
price,favors_under_25,personalized party favors,bargainballoons-dev.myshopify.com,Bargain Balloons Canada,"4"" Airfill Only (Sticks Sold Separately) New Year Stars Balloon",19,19,1,,,,https://bargainballoons.ca/products/4-inch-airfill-only-new-year-stars-balloon-22846-02?variant=45014731882812&_gsid=xr66vJSyDrin&utm_source=shopify&utm_medium=catalog
price,favors_under_25,personalized party favors,noblepack-ca.myshopify.com,Noblepack CA,Balloon Print Self-Sealing Foil Bag,20,20,1,Color; Options,,,https://noblepack.ca/products/balloon-print-self-sealing-bag?variant=39531066294457&_gsid=xr66vJSyDrin&utm_source=shopify&utm_medium=catalog
price,favors_under_25,personalized party favors,out-of-the-box-ca.myshopify.com,Out Of The Box CA,Pack's Favor [Guilds of Ravnica],20,20,1,,,,https://outoftheboxtcg.com/products/packs-favor-guilds-of-ravnica?variant=35167554404502&_gsid=xr66vJSyDrin&utm_source=shopify&utm_medium=catalog
price,favors_under_25,personalized party favors,red-dragonca.myshopify.com,Red-DragonCA,Leap Frog Gloves [HNT171] (The Hunted),20,20,1,Title,,,https://red-dragon.ca/products/leap-frog-gloves-hnt171-the-hunted?variant=44549032509637&_gsid=xr66vJSyDrin&utm_source=shopify&utm_medium=catalog
price,favors_under_25,personalized party favors,boutique-le-chevalier.myshopify.com,Boutique Le Chevalier,Soul Seizer // Ghastly Haunting [Dark Ascension],24,24,1,,,,https://boutiquelechevalier.com/products/soul-seizer-ghastly-haunting-dark-ascension?variant=39889672634466&_gsid=xr66vJSyDrin&utm_source=shopify&utm_medium=catalog
price,favors_under_25,personalized party favors,palico-cards-collectibles.myshopify.com,Palico Cards & Collectibles,Who's the Tough Guy? (Blue) [SUP - SUP054],10,10,1,,,,https://palicocards.ca/products/who-s-the-tough-guy-blue-sup-sup054?variant=48055955849437&_gsid=xr66vJSyDrin&utm_source=shopify&utm_medium=catalog
price,favors_under_25,personalized party favors,tabletop-giant.myshopify.com,Tabletop Giant,Kelinore Bat [Magic 2010],15,15,1,Title,,,https://tabletopgiant.ca/products/kelinore-bat-magic-2010?variant=37216026198170&_gsid=xr66vJSyDrin&utm_source=shopify&utm_medium=catalog
price,favors_under_25,personalized party favors,gameknight-games.myshopify.com,GameKnight Games,Shimmering Specter (Red) (Regular) [PEN133] (Compendium of Rathe),20,20,1,,,,https://gameknight.ca/products/shimmering-specter-red-regular-pen133-compendium-of-rathe?variant=45246504075308&_gsid=xr66vJSyDrin&utm_source=shopify&utm_medium=catalog
price,favors_under_25,personalized party favors,boardgamebliss.myshopify.com,Board Game Bliss,"Valduk, Keeper of the Flame (DMR-147) - Dominaria Remastered [Uncommon]",23,23,1,Title,,,https://www.boardgamebliss.com/products/valduk-keeper-of-the-flame-dominaria-remastered?variant=41932442468403&_gsid=xr66vJSyDrin&utm_source=shopify&utm_medium=catalog
price,favors_under_25,personalized party favors,73t1yj-br.myshopify.com,Fafnir's Hoard,Monster Harpoon (014/219) [Unleashed],14,14,1,,,,https://fafnirshoard.ca/products/card-cmn8g0lsg0snvpzejks25fs1f?variant=47303925727417&_gsid=xr66vJSyDrin&utm_source=shopify&utm_medium=catalog
price,favors_under_25,personalized party favors,the-cg-realm.myshopify.com,The CG Realm,Armor Ninjitsu Art of Freezing (ORCS-EN068) - Order of Chaos Unlimited,21,21,1,Title,,,https://www.thecgrealm.com/products/armor-ninjitsu-art-of-freezing-orcs-en068-common?variant=35677339484318&_gsid=xr66vJSyDrin&utm_source=shopify&utm_medium=catalog
price,favors_under_25,personalized party favors,5d3054-9c.myshopify.com,Cardboard Hero,Beach Court (167/198) [Scarlet & Violet: Base Set],14,14,1,,,,https://cardboardhero.com/products/beach-court-167-198-scarlet-violet-base-set?variant=44008705720506&_gsid=xr66vJSyDrin&utm_source=shopify&utm_medium=catalog
price,favors_under_25,personalized party favors,tabletop-giant.myshopify.com,Tabletop Giant,Enigma Eidolon [Dissension],15,15,1,,,,https://tabletopgiant.ca/products/enigma-eidolon-dissension?variant=37218610610330&_gsid=xr66vJSyDrin&utm_source=shopify&utm_medium=catalog
price,favors_under_25,personalized party favors,5d3054-9c.myshopify.com,Cardboard Hero,Birdcage [Awakening of the New Era],12,12,1,Title,,,https://cardboardhero.com/products/birdcage-awakening-of-the-new-era?variant=44005318590650&_gsid=xr66vJSyDrin&utm_source=shopify&utm_medium=catalog
price,favors_under_25,personalized party favors,envcollectible.myshopify.com,ENV Collectible,Heat & Wire [Royal Blood],10,10,1,Title,,,https://envcollectible.com/products/heat-wire-royal-blood?variant=50746669826335&_gsid=xr66vJSyDrin&utm_source=shopify&utm_medium=catalog
price,favors_under_25,personalized party favors,c58903-4.myshopify.com,Premium Sports Cards,Ice Spikes [8 - 84/204],10,10,1,Condition; Language; Printing,,,https://www.premiumsportscards.ca/products/ice-spikes-reign-of-jafar-631405?variant=51070358847719&_gsid=xr66vJSyDrin&utm_source=shopify&utm_medium=catalog
price,favors_under_25,personalized party favors,game-breakers-ca.myshopify.com,Game Breakers,Territorial Baloth (BFZ-196)  Foil - Battle for Zendikar,23,23,1,,,,https://gamebreakers.ca/products/territorial-baloth-bfz-196-battle-for-zendikar-foil?variant=46257039212733&_gsid=xr66vJSyDrin&utm_source=shopify&utm_medium=catalog
price,favors_under_25,personalized party favors,the-cg-realm.myshopify.com,The CG Realm,Leafplace Plaice (BACH-EN029) - Battle of Chaos 1st Edition,21,21,1,Title,,,https://www.thecgrealm.com/products/leafplace-plaice-bach-en029-common?variant=41378793816222&_gsid=xr66vJSyDrin&utm_source=shopify&utm_medium=catalog
price,favors_under_25,personalized party favors,hairytarantula.myshopify.com,Hairy Tarantula,Slimy Kavu [Invasion],22,22,1,Title,,,https://hairyt.com/products/slimy-kavu-invasion?variant=37426999328973&_gsid=xr66vJSyDrin&utm_source=shopify&utm_medium=catalog
price,favors_under_25,personalized party favors,legendary-collectables.myshopify.com,Legendary Collectables,Tantrum Toddler [LEDE-EN046] Common,20,20,1,Title,,,https://legendarycollectables.com/products/tantrum-toddler-lede-en046-common?variant=41414046187625&_gsid=xr66vJSyDrin&utm_source=shopify&utm_medium=catalog
price,favors_under_25,personalized party favors,loot-kindgom.myshopify.com,Loot Kingdom,Overload (Red) [U-MON275] (Monarch Unlimited)  Unlimited Normal,20,20,1,Title,,,https://www.lootkingdom.com/products/overload-red-u-mon275-unlimited-normal?variant=40166283346108&_gsid=xr66vJSyDrin&utm_source=shopify&utm_medium=catalog
price,favors_under_25,personalized party favors,redtrainer.myshopify.com,Hobbiesville,Loogarmon - BT14-074 - Common,18,18,1,,,,https://hobbiesville.com/products/loogarmon-bt14-074-common?variant=44545239646346&_gsid=xr66vJSyDrin&utm_source=shopify&utm_medium=catalog
price,favors_under_25,personalized party favors,out-of-the-box-ca.myshopify.com,Out Of The Box CA,Clip Wings [Shadows over Innistrad],20,20,1,Title,,,https://outoftheboxtcg.com/products/clip-wings-shadows-over-innistrad?variant=35180601999510&_gsid=xr66vJSyDrin&utm_source=shopify&utm_medium=catalog
price,favors_under_25,personalized party favors,boardgamebliss.myshopify.com,Board Game Bliss,Unstoppable Ogre (NEO-169) - Kamigawa: Neon Dynasty [Common],23,23,1,Title,,,https://www.boardgamebliss.com/products/unstoppable-ogre-kamigawa-neon-dynasty?variant=41932282036275&_gsid=xr66vJSyDrin&utm_source=shopify&utm_medium=catalog
price,favors_under_25,personalized party favors,c58903-4.myshopify.com,Premium Sports Cards,Fighting Au Lait [PAL - 181/193],18,18,1,Condition,,,https://www.premiumsportscards.ca/products/fighting-au-lait-sv02-paldea-evolved-497553?variant=51491022831847&_gsid=xr66vJSyDrin&utm_source=shopify&utm_medium=catalog
price,favors_under_25,personalized party favors,boutique-le-chevalier.myshopify.com,Boutique Le Chevalier,Jasmine Seer [Urza's Destiny],24,24,1,Title,,,https://boutiquelechevalier.com/products/jasmine-seer-urzas-destiny?variant=39886744354914&_gsid=xr66vJSyDrin&utm_source=shopify&utm_medium=catalog
price,favors_under_25,personalized party favors,3bc075-9a.myshopify.com,Signarus Cards,Fyendal's Fighting Spirit (Yellow) [UPR195] (Uprising)  Rainbow Foil,24,24,1,Title,,,https://signarus.ca/products/fyendals-fighting-spirit-yellow-upr195-uprising-rainbow-foil?variant=44721778131201&_gsid=xr66vJSyDrin&utm_source=shopify&utm_medium=catalog
price,favors_under_25,personalized party favors,out-of-the-box-ca.myshopify.com,Out Of The Box CA,Bag Check [Unfinity],10,10,1,Title,,,https://outoftheboxtcg.com/products/bag-check-unfinity?variant=42175614943382&_gsid=xr66vJSyDrin&utm_source=shopify&utm_medium=catalog
price,favors_under_25,personalized party favors,the-cg-realm.myshopify.com,The CG Realm,Performage Plushfire (DOCS-EN016) - Dimension of Chaos Unlimited,22,22,1,Title,,,https://www.thecgrealm.com/products/performage-plushfire-performage-plushfire?variant=35507980599454&_gsid=xr66vJSyDrin&utm_source=shopify&utm_medium=catalog
price,favors_under_25,personalized party favors,loot-kindgom.myshopify.com,Loot Kingdom,Unchained Soul of Shyama [DUNE-EN020] Common,20,20,1,Title,,,https://www.lootkingdom.com/products/unchained-soul-of-shyama-dune-en020-common?variant=42840385192124&_gsid=xr66vJSyDrin&utm_source=shopify&utm_medium=catalog
price,favors_under_25,personalized party favors,awesome-me-up-games.myshopify.com,Boutique Awesome,Life of the Party (Blue) - Rainbow Foil - 1st Edition,15,15,1,,,,https://www.boutiqueawesome.com/products/life-of-the-party-blue-rainbow-foil-1st-edition-evr163-rf?variant=39812071653473&_gsid=xr66vJSyDrin&utm_source=shopify&utm_medium=catalog
price,favors_under_25,personalized party favors,boutique-le-chevalier.myshopify.com,Boutique Le Chevalier,Stoic Ephemera [Dissension],24,24,1,,,,https://boutiquelechevalier.com/products/stoic-ephemera-dissension?variant=39880904573026&_gsid=xr66vJSyDrin&utm_source=shopify&utm_medium=catalog
price,favors_under_25,personalized party favors,tabletop-giant.myshopify.com,Tabletop Giant,Erg Raiders [Fourth Edition],20,20,1,Title,,,https://tabletopgiant.ca/products/erg-raiders-fourth-edition?variant=37214979260570&_gsid=xr66vJSyDrin&utm_source=shopify&utm_medium=catalog
price,favors_under_25,personalized party favors,401games.myshopify.com,401 Games,Karakuri Cash Cache - STOR-EN052 - Common - Unlimited,20,20,1,,,,https://store.401games.ca/products/karakuri-cash-cache-stor-en052-common-unlimited?variant=41022815076539&_gsid=xr66vJSyDrin&utm_source=shopify&utm_medium=catalog
price,favors_under_25,personalized party favors,envcollectible.myshopify.com,ENV Collectible,Barrier!! [Kingdoms of Intrigue],20,20,1,Title,,,https://envcollectible.com/products/barrier-kingdoms-of-intrigue?variant=49130498556191&_gsid=xr66vJSyDrin&utm_source=shopify&utm_medium=catalog
price,favors_under_25,personalized party favors,boutique-le-chevalier.myshopify.com,Boutique Le Chevalier,Kavu Climber [Tenth Edition],24,24,1,Title,,,https://boutiquelechevalier.com/products/kavu-climber-tenth-edition?variant=39887242395746&_gsid=xr66vJSyDrin&utm_source=shopify&utm_medium=catalog
price,favors_under_25,personalized party favors,out-of-the-box-ca.myshopify.com,Out Of The Box CA,Severed Strands [Guilds of Ravnica],10,10,1,,,,https://outoftheboxtcg.com/products/severed-strands-guilds-of-ravnica?variant=35177760522390&_gsid=xr66vJSyDrin&utm_source=shopify&utm_medium=catalog
price,favors_under_25,personalized party favors,tabletop-giant.myshopify.com,Tabletop Giant,Towering Thunderfist [Gatecrash],15,15,1,Title,,,https://tabletopgiant.ca/products/towering-thunderfist-gatecrash?variant=37223681786010&_gsid=xr66vJSyDrin&utm_source=shopify&utm_medium=catalog
price,favors_under_25,personalized party favors,out-of-the-box-ca.myshopify.com,Out Of The Box CA,Component Collector [Innistrad: Midnight Hunt],20,20,1,Title,,,https://outoftheboxtcg.com/products/component-collector-innistrad-midnight-hunt?variant=40772704993430&_gsid=xr66vJSyDrin&utm_source=shopify&utm_medium=catalog
price,favors_under_25,personalized party favors,out-of-the-box-ca.myshopify.com,Out Of The Box CA,Akroan Skyguard [Born of the Gods],20,20,1,,,,https://outoftheboxtcg.com/products/akroan-skyguard-born-of-the-gods?variant=35179058987158&_gsid=xr66vJSyDrin&utm_source=shopify&utm_medium=catalog
price,favors_under_25,personalized party favors,out-of-the-box-ca.myshopify.com,Out Of The Box CA,Gray Merchant of Alphabet [Unfinity],20,20,1,Title,custom,,https://outoftheboxtcg.com/products/gray-merchant-of-alphabet-unfinity?variant=42175748669590&_gsid=xr66vJSyDrin&utm_source=shopify&utm_medium=catalog
price,favors_under_25,personalized party favors,tabletop-giant.myshopify.com,Tabletop Giant,Aquastrand Spider [Dissension],15,15,1,Title,,,https://tabletopgiant.ca/products/aquastrand-spider-dissension?variant=37216302629018&_gsid=xr66vJSyDrin&utm_source=shopify&utm_medium=catalog
price,favors_under_25,personalized party favors,legendary-collectables.myshopify.com,Legendary Collectables,Acerola's Mischief (180/217) [Mega Evolution: Ascended Heroes],20,20,1,Title,,,https://legendarycollectables.com/products/acerolas-mischief-180-217-mega-evolution-ascended-heroes?variant=42883301867625&_gsid=xr66vJSyDrin&utm_source=shopify&utm_medium=catalog
sentence,sentence_dessert,a small dessert box each guest can take home,lulos-sweet-savory.myshopify.com,Lulo's Sweet & Savory,Mini-Dessert Assortment Box,3900,3900,1,Title,,,https://lulossweets.com/products/lulos-holiday-assortment-box?variant=41099410735187&_gsid=dMz9xzyHAEoK&utm_source=shopify&utm_medium=catalog
sentence,sentence_dessert,a small dessert box each guest can take home,vancouverbaskets.myshopify.com,Vancouver Baskets,Birthday Bash Dessert Box,7499,7499,1,,,,https://vancouverbaskets.ca/products/birthday-bash-dessert-box?variant=44665886113973&_gsid=dMz9xzyHAEoK&utm_source=shopify&utm_medium=catalog
sentence,sentence_dessert,a small dessert box each guest can take home,take-another-bite.myshopify.com,Take Another Bite,Catering - Sweet Treat Platter,5000,5000,1,,,,https://takeanotherbite.com/products/catering-sweet-treat-platter?variant=31722979164183&_gsid=dMz9xzyHAEoK&utm_source=shopify&utm_medium=catalog
sentence,sentence_dessert,a small dessert box each guest can take home,anne-of-green-gables-chocolates.myshopify.com,ANNE of Green Gables Chocolates,Handmade Heaven Gift Box,4998,4998,1,,,,https://annechocolates.com/products/handmade-heaven?variant=36948667138213&_gsid=dMz9xzyHAEoK&utm_source=shopify&utm_medium=catalog
sentence,sentence_dessert,a small dessert box each guest can take home,nutmegspiced.myshopify.com,nutmegspiced,Taste of Home Caribbean Pastry Box,4500,4500,1,Option,,,https://nutmegspiced.ca/products/taste-of-home-caribbean-pastry-box?variant=49760950583536&_gsid=dMz9xzyHAEoK&utm_source=shopify&utm_medium=catalog
sentence,sentence_dessert,a small dessert box each guest can take home,98ccta-f7.myshopify.com,The Brownie Blondie,Party Dessert Box (12 Pieces),8000,8000,1,,,,https://98ccta-f7.myshopify.com/products/party-box?variant=49388678512873&_gsid=dMz9xzyHAEoK&utm_source=shopify&utm_medium=catalog
sentence,sentence_dessert,a small dessert box each guest can take home,the-happy-box-canada.myshopify.com,The Happy Box,Shareables,9900,9900,1,Size,,,https://thehappybox.ca/products/holiday-office-shareables?variant=40770238054464&_gsid=dMz9xzyHAEoK&utm_source=shopify&utm_medium=catalog
sentence,sentence_dessert,a small dessert box each guest can take home,the-graze-anatomy.myshopify.com,The Graze Anatomy,Small Dessert Platter (Serves 10 - 15),13000,13000,1,,,,https://thegrazeanatomy.com/products/small-dessert-platter-serves-10-15?variant=41268482048094&_gsid=dMz9xzyHAEoK&utm_source=shopify&utm_medium=catalog
sentence,sentence_dessert,a small dessert box each guest can take home,iuihm1-r0.myshopify.com,Love and Flour,Clear Dessert Box w/handle,195,195,1,,,,https://loveandflour.ca/products/clear-dessert-box-handle?variant=44481516404829&_gsid=dMz9xzyHAEoK&utm_source=shopify&utm_medium=catalog
sentence,sentence_dessert,a small dessert box each guest can take home,chudleighs-farm.myshopify.com,Chudleigh's ,Sharable Dessert Flight,2995,2995,1,,,,https://shop.chudleighs.com/products/sharable-dessert-flight?variant=38130808094908&_gsid=dMz9xzyHAEoK&utm_source=shopify&utm_medium=catalog
sentence,sentence_dessert,a small dessert box each guest can take home,275847-55.myshopify.com,Oliver's Catering,Mini Dessert Platter,3500,3500,1,,,,https://www.oliverscatering.ca/products/mini-dessert-platter?variant=43302445088815&_gsid=dMz9xzyHAEoK&utm_source=shopify&utm_medium=catalog
sentence,sentence_dessert,a small dessert box each guest can take home,take-another-bite.myshopify.com,Take Another Bite,Catering - Canadian Dessert Platter,6000,6000,1,,,,https://takeanotherbite.com/products/catering-canadian-dessert-platter?variant=31722980081687&_gsid=dMz9xzyHAEoK&utm_source=shopify&utm_medium=catalog
sentence,sentence_dessert,a small dessert box each guest can take home,the-happy-box-canada.myshopify.com,The Happy Box,Dinner for Two,12900,12900,1,,,,https://thehappybox.ca/products/dinner-for-two?variant=40865373978688&_gsid=dMz9xzyHAEoK&utm_source=shopify&utm_medium=catalog
sentence,sentence_dessert,a small dessert box each guest can take home,tayybeh.myshopify.com,Tayybeh,Small Dessert Box,2500,2500,1,,,,https://tayybeh.com/products/small-dessert-box?variant=44807626227953&_gsid=dMz9xzyHAEoK&utm_source=shopify&utm_medium=catalog
sentence,sentence_dessert,a small dessert box each guest can take home,cocoa-fig.myshopify.com,Cocoa & Fig,Dessert Sample Box,6500,6500,1,,,,https://cocoaandfig.com/products/dessert-sample-box?variant=42432846856350&_gsid=dMz9xzyHAEoK&utm_source=shopify&utm_medium=catalog
sentence,sentence_dessert,a small dessert box each guest can take home,pickeco-refills.myshopify.com,PickEco Refills ,Twinkltoast - Pyrex-Inspired Spring Blossom Casserole Ceramic Trinket Box,4499,4499,1,,,,https://www.pickeco.ca/products/twinkltoast-pyrex-inspired-spring-blossom-casserole-ceramic-trinket-box?variant=43933164765250&_gsid=dMz9xzyHAEoK&utm_source=shopify&utm_medium=catalog
sentence,sentence_dessert,a small dessert box each guest can take home,curedcatering.myshopify.com,Cured Catering,Charcuterie + Dessert Combo,4500,4500,1,Size,,,https://www.ordercured.com/products/personal-charcuterie-dessert-combo?variant=39597274923090&_gsid=dMz9xzyHAEoK&utm_source=shopify&utm_medium=catalog
sentence,sentence_dessert,a small dessert box each guest can take home,nutmegspiced.myshopify.com,nutmegspiced,Grenadian Calypso Pastry Box – 32 Cocktail-Size Assorted Pastries,12000,12000,1,,,,https://nutmegspiced.ca/products/grenadian-calypso-pastry-box-32-cocktail-size-assorted-pastries?variant=49786900250864&_gsid=dMz9xzyHAEoK&utm_source=shopify&utm_medium=catalog
sentence,sentence_dessert,a small dessert box each guest can take home,nutmegspiced.myshopify.com,nutmegspiced,Grenadian Calypso Pastry Box – 16 Assorted Pastries,9000,9000,1,Size,,,https://nutmegspiced.ca/products/grenadian-calypso-pastry-box-16-assorted-pastries?variant=49720123293936&_gsid=dMz9xzyHAEoK&utm_source=shopify&utm_medium=catalog
sentence,sentence_dessert,a small dessert box each guest can take home,blooms-vancouver.myshopify.com,Vancouver Blooms,Cakecicle Dessert Gift Box,5999,5999,1,,custom,,https://vancouverblooms.ca/products/cakecicle-dessert-gift-box?variant=46098092392733&_gsid=dMz9xzyHAEoK&utm_source=shopify&utm_medium=catalog
sentence,sentence_dessert,a small dessert box each guest can take home,pickeco-refills.myshopify.com,PickEco Refills ,Twinkltoast - Pyrex-Inspired Gooseberry Casserole Ceramic Trinket Box,4499,4499,1,,,,https://www.pickeco.ca/products/twinkltoast-pyrex-inspired-gooseberry-casserole-ceramic-trinket-box?variant=43933164732482&_gsid=dMz9xzyHAEoK&utm_source=shopify&utm_medium=catalog
sentence,sentence_dessert,a small dessert box each guest can take home,cyberlily-store-3.myshopify.com,Natural Food Pantry Online Store,Katz Gluten Free Cupcakes Chocolate Creme 249g,798,798,1,,,gluten; allerg,https://naturalfoodpantry.ca/products/katz-gf-cupcakes-chocolate-creme-249g-249-grams?variant=40623214395447&_gsid=dMz9xzyHAEoK&utm_source=shopify&utm_medium=catalog
sentence,sentence_dessert,a small dessert box each guest can take home,devamandacluett.myshopify.com,Black Bow Gift Co.,Take It Easy,21000,21000,1,Your choice of mini dish,,,https://blackbowgiftco.ca/products/take-it-easy?variant=51989569995037&_gsid=dMz9xzyHAEoK&utm_source=shopify&utm_medium=catalog
sentence,sentence_dessert,a small dessert box each guest can take home,aa182c-5.myshopify.com,Kianna Lissette Creates,Sweets Box,3200,3200,1,Size,,,https://www.kiannalissette.com/products/sweets-box-1?variant=50637978632484&_gsid=dMz9xzyHAEoK&utm_source=shopify&utm_medium=catalog
sentence,sentence_dessert,a small dessert box each guest can take home,gabijules-dev.myshopify.com,Gabi & Jules,Dessert Squares (Box of 6),2800,2800,1,,,,https://gabiandjules.com/products/box-of-6-dessert-squares?variant=33161979985979&_gsid=dMz9xzyHAEoK&utm_source=shopify&utm_medium=catalog
sentence,sentence_dessert,a small dessert box each guest can take home,beloved-and-bespoke.myshopify.com,Beloved & Bespoke,The Local Gather Box,12300,12300,1,,,,https://belovedandbespoke.com/products/the-local-gathered-box?variant=48145363959960&_gsid=dMz9xzyHAEoK&utm_source=shopify&utm_medium=catalog
sentence,sentence_dessert,a small dessert box each guest can take home,vyno-ca.myshopify.com,Vyno,"Lindt Creation Petits Dessert Assorted Chocolate Box, 173g",3800,3800,1,,,,https://vyno.ca/products/lindt-creation-petits-dessert-assorted-chocolate-box-173g?variant=46646112387324&_gsid=dMz9xzyHAEoK&utm_source=shopify&utm_medium=catalog
sentence,sentence_dessert,a small dessert box each guest can take home,la-casa-dolce.myshopify.com,La Casa Dolce,Group Package #6 (Desserts),18796,18796,1,Party size,,,https://lacasadolce.ca/products/group-package-6-desserts?variant=41899884249141&_gsid=dMz9xzyHAEoK&utm_source=shopify&utm_medium=catalog
sentence,sentence_dessert,a small dessert box each guest can take home,wellboxuk.myshopify.com,WellBox,Home,6995,6995,1,Dietary options,,,https://wellboxes.co.uk/products/home?variant=55105752465783&_gsid=dMz9xzyHAEoK&utm_source=shopify&utm_medium=catalog
sentence,sentence_dessert,a small dessert box each guest can take home,hd-plastic-product-canada-inc.myshopify.com,HD Bio Packaging,"[Pre-order] 6-Gird Red Dessert Box W/ Clear Lid | 9.8x6.7x4""",1795,1795,1,Package size,,,https://hdbiopak.com/products/6-grid-red-dessert-box?variant=48250151469306&_gsid=dMz9xzyHAEoK&utm_source=shopify&utm_medium=catalog
sentence,sentence_dessert,a small dessert box each guest can take home,the-little-charm-box.myshopify.com,J&F Gift Inc,Home & Heart,7600,7600,1,,personaliz,,https://jfgiftinc.com/products/home-heart?variant=44542918557896&_gsid=dMz9xzyHAEoK&utm_source=shopify&utm_medium=catalog
sentence,sentence_dessert,a small dessert box each guest can take home,kitten-and-the-bear.myshopify.com,Kitten and the Bear,KATB Sweets Box,3200,3200,1,,,,https://www.kittenandthebear.com/products/katb-x-goodfoot-autism-acceptance-sweets-box-delivery-included?variant=45968658989290&_gsid=dMz9xzyHAEoK&utm_source=shopify&utm_medium=catalog
sentence,sentence_dessert,a small dessert box each guest can take home,yorkvilles.myshopify.com,YORKVILLE's,A Canadian Dessert Box,7199,7199,1,,,,https://yorkvilles.ca/products/a-canadian-dessert-box?variant=29210674430038&_gsid=dMz9xzyHAEoK&utm_source=shopify&utm_medium=catalog
sentence,sentence_dessert,a small dessert box each guest can take home,1mau0n-61.myshopify.com,KunaiGames,Hostess Snoballs Coconut & Marshmallow,599,599,1,,,,https://kunaigames.com/products/hostess-snoballs-coconut-marshmallow?variant=53406752669880&_gsid=dMz9xzyHAEoK&utm_source=shopify&utm_medium=catalog
sentence,sentence_dessert,a small dessert box each guest can take home,thegourmetgift.myshopify.com,The Gourmet Gifts,Perfect Pairings Wooden Box,13999,13999,1,,,,https://thegourmetgifts.ca/products/perfect-pairings-wooden-box?variant=45216136167478&_gsid=dMz9xzyHAEoK&utm_source=shopify&utm_medium=catalog
sentence,sentence_dessert,a small dessert box each guest can take home,toys-shop-32.myshopify.com,Matilda Co,"Ocmoiy Charcuterie Boxes with Clear Lids, 50 Pack Kraft Bakery Boxes, Cookie Boxes, Small Treat Boxes for Pastry, Sandwich, Cupcakes, Strawberries, Dessert To Go Containers",4773,4773,1,,,,https://www.matildaco.com/products/ocmoiy-charcuterie-boxes-with-clear-lids-50-pack-kraft-bakery-boxes-cookie-boxes-small-treat-boxes-for-pastry-sandwich-cupcakes-strawberries-dessert-to-go-containers?variant=44800249266262&_gsid=dMz9xzyHAEoK&utm_source=shopify&utm_medium=catalog
sentence,sentence_dessert,a small dessert box each guest can take home,baskets-hamilton.myshopify.com,Hamilton Baskets,Birthday Bash Dessert Box,7499,7499,1,,,,https://hamiltonbaskets.ca/products/birthday-bash-dessert-box?variant=49736972992832&_gsid=dMz9xzyHAEoK&utm_source=shopify&utm_medium=catalog
sentence,sentence_dessert,a small dessert box each guest can take home,hd-plastic-product-canada-inc.myshopify.com,HD Bio Packaging,"White Square Cake Paper Box Pastry Box W/ Window | 10x10x2.5""",6795,6795,1,Package size,,,https://hdbiopak.com/products/white-cake-box-w-window-10x10x2-5?variant=44778385932538&_gsid=dMz9xzyHAEoK&utm_source=shopify&utm_medium=catalog
sentence,sentence_dessert,a small dessert box each guest can take home,blooms-vancouver.myshopify.com,Vancouver Blooms,Gourmet Craft Beer & Dessert Gift Box,6499,6499,1,,,,https://vancouverblooms.ca/products/gourmet-craft-beer-dessert-gift-box?variant=46098166972701&_gsid=dMz9xzyHAEoK&utm_source=shopify&utm_medium=catalog
sentence,sentence_dessert,a small dessert box each guest can take home,lynn-liana.myshopify.com,Lynn & Liana Designs,Acrylic Serving Tray,21800,21800,1,Color,,,https://lynnliana.com/products/lucite-trays?variant=32099963043929&_gsid=dMz9xzyHAEoK&utm_source=shopify&utm_medium=catalog
sentence,sentence_dessert,a small dessert box each guest can take home,dalmazio-imports.myshopify.com,Dalmazio Design,Royal Romance Dessert Bar Rental,254700,254700,1,,custom; personaliz,,https://dalmaziodesign.com/products/royal-romance-dessert-bar-rental?variant=40543714771014&_gsid=dMz9xzyHAEoK&utm_source=shopify&utm_medium=catalog
sentence,sentence_dessert,a small dessert box each guest can take home,storehouse-foods.myshopify.com,Storehouse Foods,NutriMill Artiste Mixer,57500,57500,1,Bundles; Colour,,,https://storehousefoods.ca/products/nutrimill-artiste?variant=50097700798701&_gsid=dMz9xzyHAEoK&utm_source=shopify&utm_medium=catalog
sentence,sentence_dessert,a small dessert box each guest can take home,whippt-kitchen.myshopify.com,Whippt Kitchen,Halloween Dessert Graze Box,4500,4500,1,,,,https://whipptkitchen.ca/products/halloween-dessert-graze-box?variant=41904719200311&_gsid=dMz9xzyHAEoK&utm_source=shopify&utm_medium=catalog
sentence,sentence_dessert,a small dessert box each guest can take home,lobo-worldwide-inc.myshopify.com,Lobo Worldwide Inc.,"OREO Cakesters Soft Snack Cakes, 5 - 2.02 oz Snack Packs",3684,3684,1,,,,https://www.loboworldwide.com/products/oreo-cakesters-soft-snack-cakes-5-2-02-oz-snack-packs?variant=44668725231816&_gsid=dMz9xzyHAEoK&utm_source=shopify&utm_medium=catalog
sentence,sentence_dessert,a small dessert box each guest can take home,fleur-select-wholesale.myshopify.com,Fleur Wholesale,Dessert/Flower Box with handle,450,450,1,Size,,,https://fleurwholesale.ca/products/dessert-flower-box-with-handle-1?variant=43355067154644&_gsid=dMz9xzyHAEoK&utm_source=shopify&utm_medium=catalog
sentence,sentence_dessert,a small dessert box each guest can take home,sugarlovedesigns.myshopify.com,Sugar Love Designs,DIY Christmas Dessert Boxes,350,350,1,,,,https://sugarlovedesigns.com/products/coming-soon-christmas-dessert-boxes?variant=49570796208357&_gsid=dMz9xzyHAEoK&utm_source=shopify&utm_medium=catalog
sentence,sentence_dessert,a small dessert box each guest can take home,sweetflour-bakeshop.myshopify.com,Sweet Flour Bake Shop,Gourmet Brownies & Bars (Same Day Delivery),5000,5000,1,,,,https://www.sweetflour.ca/products/gourmet-brownies-bars-2?variant=43404679217393&_gsid=dMz9xzyHAEoK&utm_source=shopify&utm_medium=catalog
sentence,sentence_dessert,a small dessert box each guest can take home,ali-addicted.myshopify.com,Ali Affordable,Dessert Boxes,3100,3100,1,,,,https://aliaffordable.com/products/dessert-boxes?variant=42325829714144&_gsid=dMz9xzyHAEoK&utm_source=shopify&utm_medium=catalog
sentence,sentence_dessert,a small dessert box each guest can take home,nelson-home.myshopify.com,Fable - Canada,Dessert Plates,7900,7900,1,Colour,,,https://fable.com/products/the-dessert-plates?variant=41285578326205&_gsid=dMz9xzyHAEoK&utm_source=shopify&utm_medium=catalog
sentence,sentence_dessert,a small dessert box each guest can take home,pickeco-refills.myshopify.com,PickEco Refills ,Twinkltoast - Pyrex-Inspired Butterfly Gold Casserole Ceramic Trinket Box,4499,4499,1,,,,https://www.pickeco.ca/products/twinkltoast-pyrex-inspired-butterfly-gold-casserole-ceramic-trinket-box?variant=43933164798018&_gsid=dMz9xzyHAEoK&utm_source=shopify&utm_medium=catalog
sentence,sentence_kids,something for the kids at a birthday party under ten dollars,party-stuff-v4.myshopify.com,Party Stuff,Foil Balloon - Bouquet Mickey 1st Birthday,4999,4999,1,,,,https://www.partystuff.ca/products/foil-balloon-bouquet-mickey-1st-birthday?variant=37228601671840&_gsid=esy8qkLo5UjE&utm_source=shopify&utm_medium=catalog
sentence,sentence_kids,something for the kids at a birthday party under ten dollars,momentko-depot.myshopify.com,Momentko,Minecraft Party Decoration Kit - Quick Setup - Affordable Fun For Ages 5+,549,549,1,,,,https://momentko.com/products/minecraft-party-decoration-kit-quick-setup-affordable-fun-for-ages-5?variant=45799073972389&_gsid=esy8qkLo5UjE&utm_source=shopify&utm_medium=catalog
sentence,sentence_kids,something for the kids at a birthday party under ten dollars,partyexpertballoon.myshopify.com,Party Expert,"Hello Kitty and Friends Birthday Pink Party Favour Cup, 16 Oz, 1 Count",749,749,1,,,,https://www.party-expert.com/products/hello-kitty-and-friends-birthday-pink-party-favour-cup-16-oz-1-count?variant=44289131118778&_gsid=esy8qkLo5UjE&utm_source=shopify&utm_medium=catalog
sentence,sentence_kids,something for the kids at a birthday party under ten dollars,the-warehouse-liquidation.myshopify.com,The Warehouse Liquidation,"Birthday Party Supplies Set for Kids, Superhero Avengers Theme Decorations Kits Include Birthday Banner, Balloons, Cupcake Toppers, Gold Flat Ribbon",1999,1999,1,,,,https://thewarehouseliquidation.com/products/birthday-party-supplies-set-for-kids-superhero-avengers-theme-decorations-kits-include-birthday-banner-balloons-cupcake-toppers-gold-flat-ribbon?variant=42578828722433&_gsid=esy8qkLo5UjE&utm_source=shopify&utm_medium=catalog
sentence,sentence_kids,something for the kids at a birthday party under ten dollars,momentko-depot.myshopify.com,Momentko,"Affordable 48-Piece Paw Patrol Favor Pack - Easy Setup, Perfect For Kids' Birthdays",1499,1499,1,,,,https://momentko.com/products/affordable-48-piece-paw-patrol-favor-pack-easy-setup-perfect-for-kids-birthdays?variant=43668303511717&_gsid=esy8qkLo5UjE&utm_source=shopify&utm_medium=catalog
sentence,sentence_kids,something for the kids at a birthday party under ten dollars,partyexpertballoon.myshopify.com,Party Expert,"Stitch Yellow Party Favour Cup, Disney, 16 Oz, 1 Count",149,149,1,,,,https://www.party-expert.com/products/stitch-yellow-party-favour-cup-disney-16-oz-1-count?variant=44507630633146&_gsid=esy8qkLo5UjE&utm_source=shopify&utm_medium=catalog
sentence,sentence_kids,something for the kids at a birthday party under ten dollars,geniusgems.myshopify.com,Genius Gems,Goody Bags,2117,2117,1,Option,,,https://geniusgems.com/products/goody-bags?variant=48701158687008&_gsid=esy8qkLo5UjE&utm_source=shopify&utm_medium=catalog
sentence,sentence_kids,something for the kids at a birthday party under ten dollars,9hra6q-ww.myshopify.com,Neighbor Buy,"Fairy Tale Princess Theme Party Decorations Set – Kids Birthday Supplies with Stickers, Gift Bags, Bracelets & Party Accessories",1299,1299,1,,,,https://www.nbbuy.ca/products/fairy-tale-princess-theme-party-decorations-set-kids-birthday-supplies-with-stickers-gift-bags-bracelets-party-accessories?variant=52092867707173&_gsid=esy8qkLo5UjE&utm_source=shopify&utm_medium=catalog
sentence,sentence_kids,something for the kids at a birthday party under ten dollars,momentko-depot.myshopify.com,Momentko,Affordable Toy Story Themed Plastic Cup - Perfect for Kids' Birthday and Anniversary Parties!,199,199,1,,,,https://momentko.com/products/affordable-toy-story-themed-plastic-cup-perfect-for-kids-birthday-and-anniversary-parties?variant=43668303118501&_gsid=esy8qkLo5UjE&utm_source=shopify&utm_medium=catalog
sentence,sentence_kids,something for the kids at a birthday party under ten dollars,partyexpertballoon.myshopify.com,Party Expert,"Hello Kitty and Friends Birthday Blue Party Favour Cup, 16 Oz, 1 Count",149,149,1,,,,https://www.party-expert.com/products/hello-kitty-and-friends-birthday-blue-party-favour-cup-16-oz-1-count?variant=43147719737530&_gsid=esy8qkLo5UjE&utm_source=shopify&utm_medium=catalog
sentence,sentence_kids,something for the kids at a birthday party under ten dollars,partyexpertballoon.myshopify.com,Party Expert,"Hello Kitty and Friends Birthday Party Paper Cups, 9 Oz, 8 Count",399,399,1,,,,https://www.party-expert.com/products/hello-kitty-and-friends-birthday-party-paper-cups-9-oz-8-count?variant=43147675599034&_gsid=esy8qkLo5UjE&utm_source=shopify&utm_medium=catalog
sentence,sentence_kids,something for the kids at a birthday party under ten dollars,partyexpertballoon.myshopify.com,Party Expert,"Harry Potter Birthday Paper Table Centerpiece Decoration Kit, 1 Count",1999,1999,1,,,,https://www.party-expert.com/products/harry-potter-birthday-paper-table-centerpiece-decoration-kit-1-count?variant=42247976419514&_gsid=esy8qkLo5UjE&utm_source=shopify&utm_medium=catalog
sentence,sentence_kids,something for the kids at a birthday party under ten dollars,partyexpertballoon.myshopify.com,Party Expert,"Disney Lion King Birthday Party Paper Cups, 9 Oz, 8 Count",399,399,1,,,,https://www.party-expert.com/products/disney-lion-king-birthday-party-paper-cups-9-oz-8-count?variant=43147285758138&_gsid=esy8qkLo5UjE&utm_source=shopify&utm_medium=catalog
sentence,sentence_kids,something for the kids at a birthday party under ten dollars,9hra6q-ww.myshopify.com,Neighbor Buy,"Cartoon Mouse Theme Party Decorations Set – Kids Birthday Supplies with Stickers, Slap Bracelets, Gift Bags & Colorful Accessories",1299,1299,1,,,,https://www.nbbuy.ca/products/cartoon-mouse-theme-party-decorations-set-kids-birthday-supplies-with-stickers-slap-bracelets-gift-bags-colorful-accessories?variant=52092854010149&_gsid=esy8qkLo5UjE&utm_source=shopify&utm_medium=catalog
sentence,sentence_kids,something for the kids at a birthday party under ten dollars,momentko-depot.myshopify.com,Momentko,Barbie Foil Balloon – Affordable Party Decor for Unforgettable Birthdays,479,479,1,,,,https://momentko.com/products/barbie-foil-balloon-affordable-party-decor-for-unforgettable-birthdays?variant=47421600497829&_gsid=esy8qkLo5UjE&utm_source=shopify&utm_medium=catalog
sentence,sentence_kids,something for the kids at a birthday party under ten dollars,be-chocolat.myshopify.com,BE Chocolat,Birthday Workshop (for children),3600,3600,1,Extra bday,,,https://www.bechocolat.com/products/birthday?variant=40269704134853&_gsid=esy8qkLo5UjE&utm_source=shopify&utm_medium=catalog
sentence,sentence_kids,something for the kids at a birthday party under ten dollars,momentko-depot.myshopify.com,Momentko,Lavender Solid Paper Cups - Affordable Party Supplies for Elegant Birthdays,389,389,1,,,,https://momentko.com/products/lavender-solid-paper-cups-affordable-party-supplies-for-elegant-birthdays?variant=45367730143397&_gsid=esy8qkLo5UjE&utm_source=shopify&utm_medium=catalog
sentence,sentence_kids,something for the kids at a birthday party under ten dollars,dollar-max-depot.myshopify.com,Dollar Max Dépôt,Building Blocks 8 Paper Cups 9oz,249,249,1,,,,https://www.dollarmaxdepot.com/products/building-blocks-8-paper-cups-9oz-uniqu58236?variant=41254503678089&_gsid=esy8qkLo5UjE&utm_source=shopify&utm_medium=catalog
sentence,sentence_kids,something for the kids at a birthday party under ten dollars,partyexpertballoon.myshopify.com,Party Expert,"Pokémon Lanterns, 11 3/4 Inches, 3 Count",1999,1999,1,,,,https://www.party-expert.com/products/pokemon-lanterns-11-3-4-inches-3-count?variant=42249937682618&_gsid=esy8qkLo5UjE&utm_source=shopify&utm_medium=catalog
sentence,sentence_kids,something for the kids at a birthday party under ten dollars,rdwv3n-mi.myshopify.com,DIGITAL STORE 2,Magic Party Kit Essential,1700,1700,1,,custom,,https://mundoinfantildigital.shop/products/magic-party-kit?variant=43362070790246&_gsid=esy8qkLo5UjE&utm_source=shopify&utm_medium=catalog
sentence,sentence_kids,something for the kids at a birthday party under ten dollars,momentko-depot.myshopify.com,Momentko,Little Mermaid Party Supplies - Blowouts Pack of 8 | Easy Setup for Birthday & Anniversary Celebrations | Coordinated Themes & Affordable Fun for Your Under-the-Sea Bash!,429,429,1,,,,https://momentko.com/products/little-mermaid-party-supplies-blowouts-pack-of-8-easy-setup-for-birthday-anniversary-celebrations-coordinated-themes-affordable-fun-for-your-under-the-sea-bash?variant=45367730700453&_gsid=esy8qkLo5UjE&utm_source=shopify&utm_medium=catalog
sentence,sentence_kids,something for the kids at a birthday party under ten dollars,party-stuff-v4.myshopify.com,Party Stuff,Encanto Create Your Own Bag,899,899,1,,custom,,https://www.partystuff.ca/products/encanto-create-your-own-bag?variant=41682535153824&_gsid=esy8qkLo5UjE&utm_source=shopify&utm_medium=catalog
sentence,sentence_kids,something for the kids at a birthday party under ten dollars,momentko-depot.myshopify.com,Momentko,"Bluey Paper Cups - Fun Birthday Party Supplies, Affordable & Thematic!",389,389,1,,,,https://momentko.com/products/bluey-paper-cups-fun-birthday-party-supplies-affordable-thematic?variant=45367727554725&_gsid=esy8qkLo5UjE&utm_source=shopify&utm_medium=catalog
sentence,sentence_kids,something for the kids at a birthday party under ten dollars,partyexpertballoon.myshopify.com,Party Expert,"Stitch Large Lunch Napkins, Disney, 16 Count",449,449,1,,,,https://www.party-expert.com/products/stitch-large-lunch-napkins-disney-16-count?variant=44507484094650&_gsid=esy8qkLo5UjE&utm_source=shopify&utm_medium=catalog
sentence,sentence_kids,something for the kids at a birthday party under ten dollars,partyexpertballoon.myshopify.com,Party Expert,"Partying Dinosaurs Birthday Honeycomb Centerpieces, 3 Count",799,799,1,,,,https://www.party-expert.com/products/partying-dinosaurs-birthday-honeycomb-centerpieces-3-count?variant=44594734366906&_gsid=esy8qkLo5UjE&utm_source=shopify&utm_medium=catalog
sentence,sentence_kids,something for the kids at a birthday party under ten dollars,f1hgs5-mh.myshopify.com,TCGfy,"Red Superhero Spider Theme Party Supplies – Disposable Cups & Plates, Paper Tablecloth & Festive Decorations for Kids' Birthdays & Baby Showers",1399,1399,1,Color,,,https://tcgfy.com/products/red-superhero-spider-theme-party-supplies-disposable-cups-plates-paper-tablecloth-festive-decorations-for-kids-birthdays-baby-showers?variant=45545936453767&_gsid=esy8qkLo5UjE&utm_source=shopify&utm_medium=catalog
sentence,sentence_kids,something for the kids at a birthday party under ten dollars,momentko-depot.myshopify.com,Momentko,"CocoMelon Birthday Stickers - Easy Setup, Pocket-friendly Themed Party Supplie",429,429,1,,,,https://momentko.com/products/cocomelon-birthday-stickers-easy-setup-pocket-friendly-themed-party-supplie?variant=45948609691813&_gsid=esy8qkLo5UjE&utm_source=shopify&utm_medium=catalog
sentence,sentence_kids,something for the kids at a birthday party under ten dollars,kids-fair-llc.myshopify.com,Kids Fair ,Science themed party decorations,500,500,1,Condition,,,https://kidsfair.ca/products/science-themed-party-decorations?variant=47982734868645&_gsid=esy8qkLo5UjE&utm_source=shopify&utm_medium=catalog
sentence,sentence_kids,something for the kids at a birthday party under ten dollars,partyexpertballoon.myshopify.com,Party Expert,"Toy Story Blowouts, 8 Count",399,399,1,,,,https://www.party-expert.com/products/toy-story-blowouts-8-count?variant=45868944720058&_gsid=esy8qkLo5UjE&utm_source=shopify&utm_medium=catalog
sentence,sentence_kids,something for the kids at a birthday party under ten dollars,momentko-depot.myshopify.com,Momentko,"Fun-tastic Minions Paper Cups (Pack of 8) - Easy Set, Budget-Friendly Party Must-Have!",389,389,1,,,,https://momentko.com/products/fun-tastic-minions-paper-cups-pack-of-8-easy-set-budget-friendly-party-must-have?variant=45367735386277&_gsid=esy8qkLo5UjE&utm_source=shopify&utm_medium=catalog
sentence,sentence_kids,something for the kids at a birthday party under ten dollars,partyexpertballoon.myshopify.com,Party Expert,"Mini Money Pads, 8 per package",249,249,1,,,,https://www.party-expert.com/products/mini-money-pads-8-pkg?variant=14306900115522&_gsid=esy8qkLo5UjE&utm_source=shopify&utm_medium=catalog
sentence,sentence_kids,something for the kids at a birthday party under ten dollars,2022-dash-test-store.myshopify.com,Hobby and Toy Central,Glow Friendship Bracelets,1899,1899,1,,,,https://www.hobbyandtoycentral.com/products/glow-friendship-bracelets?variant=42280046002326&_gsid=esy8qkLo5UjE&utm_source=shopify&utm_medium=catalog
sentence,sentence_kids,something for the kids at a birthday party under ten dollars,party-stuff-v4.myshopify.com,Party Stuff,48 Count Hello Kitty Party Favor Pack,1499,1499,1,,,,https://www.partystuff.ca/products/48ct-hello-kitty-party-favor-pack?variant=51815973224818&_gsid=esy8qkLo5UjE&utm_source=shopify&utm_medium=catalog
sentence,sentence_kids,something for the kids at a birthday party under ten dollars,snugglebugzbaby.myshopify.com,Snuggle Bugz,Mini Utensil Sets,2799,2799,1,,,,https://snugglebugz.ca/products/ezpz-mini-utensils?variant=45519084585239&_gsid=esy8qkLo5UjE&utm_source=shopify&utm_medium=catalog
sentence,sentence_kids,something for the kids at a birthday party under ten dollars,dollar-max-depot.myshopify.com,Dollar Max Dépôt,Mermaid Honeycomb Centerpiece  Paper and Glitter 14in,299,299,1,,,,https://www.dollarmaxdepot.com/products/mermaid-honeycomb-centerpiece-paper-and-glitter-14in-uniqu58327?variant=41254564954249&_gsid=esy8qkLo5UjE&utm_source=shopify&utm_medium=catalog
sentence,sentence_kids,something for the kids at a birthday party under ten dollars,partyexpertballoon.myshopify.com,Party Expert,Minions Basic Decoration Party Supplies Kit,2528,2528,1,,,,https://www.party-expert.com/products/minions-basic-decoration-party-supplies-kit-8-guests?variant=45681199710394&_gsid=esy8qkLo5UjE&utm_source=shopify&utm_medium=catalog
sentence,sentence_kids,something for the kids at a birthday party under ten dollars,partyexpertballoon.myshopify.com,Party Expert,"Blue & Green Dinosaur Blowouts, 6 Count",249,249,1,,,,https://www.party-expert.com/products/blue-green-dinosaur-blowouts-6-count?variant=38101714665658&_gsid=esy8qkLo5UjE&utm_source=shopify&utm_medium=catalog
sentence,sentence_kids,something for the kids at a birthday party under ten dollars,partyexpertballoon.myshopify.com,Party Expert,"Minnie Mouse Forever swirl decorations, 3 per package",299,299,1,,,,https://www.party-expert.com/products/minnie-mouse-forever-swirl-decorations?variant=32028346777660&_gsid=esy8qkLo5UjE&utm_source=shopify&utm_medium=catalog
sentence,sentence_kids,something for the kids at a birthday party under ten dollars,partyexpertballoon.myshopify.com,Party Expert,"Sesame Street Birthday Party Plastic Yellow Favour Cup, 1 Count",149,149,1,,,,https://www.party-expert.com/products/sesame-street-birthday-party-plastic-yellow-favour-cup-1-count?variant=46281638314170&_gsid=esy8qkLo5UjE&utm_source=shopify&utm_medium=catalog
sentence,sentence_kids,something for the kids at a birthday party under ten dollars,partyexpertballoon.myshopify.com,Party Expert,"Hello Kitty and Friends Birthday Large Lunch Paper Plates, 9 Inches, 8 Count",499,499,1,,,,https://www.party-expert.com/products/hello-kitty-and-friends-birthday-large-lunch-paper-plates-9-inches-8-count?variant=43147578048698&_gsid=esy8qkLo5UjE&utm_source=shopify&utm_medium=catalog
sentence,sentence_kids,something for the kids at a birthday party under ten dollars,partyexpertballoon.myshopify.com,Party Expert,Frozen 2 plastic favor cup,149,149,1,,,,https://www.party-expert.com/products/frozen-2-plastic-cup-16-oz?variant=30345739141186&_gsid=esy8qkLo5UjE&utm_source=shopify&utm_medium=catalog
sentence,sentence_kids,something for the kids at a birthday party under ten dollars,partyexpertballoon.myshopify.com,Party Expert,"Lilo & Stitch Large Lunch Napkins, Disney, 16 Count",449,449,1,,,,https://www.party-expert.com/products/lilo-stitch-large-lunch-napkins-disney-16-count?variant=44507569488058&_gsid=esy8qkLo5UjE&utm_source=shopify&utm_medium=catalog
sentence,sentence_kids,something for the kids at a birthday party under ten dollars,partyexpertballoon.myshopify.com,Party Expert,"Toy Story Paper Cups, 9 Oz, 8 Count",499,499,1,,,,https://www.party-expert.com/products/toy-story-paper-cups-9-oz-8-count?variant=45868895273146&_gsid=esy8qkLo5UjE&utm_source=shopify&utm_medium=catalog
sentence,sentence_kids,something for the kids at a birthday party under ten dollars,midoco-art-office-supplies.myshopify.com,Midoco Art & Office Supplies,Djeco DIY Headband Kit - Flower Friends,2999,2999,1,,,,https://midoco.ca/products/djeco-headband-kit-felt?variant=42886273957924&_gsid=esy8qkLo5UjE&utm_source=shopify&utm_medium=catalog
sentence,sentence_kids,something for the kids at a birthday party under ten dollars,bargainballoons.myshopify.com,Bargain Balloons USA,"18"" Sesame Street Fun Balloon",165,165,1,,,,https://bargainballoons.com/products/18-inch-sesame-street-fun-balloon-34394-02?variant=47222048555302&_gsid=esy8qkLo5UjE&utm_source=shopify&utm_medium=catalog
sentence,sentence_kids,something for the kids at a birthday party under ten dollars,cherry-tree-lane-toy-shop.myshopify.com,Cherry Tree Lane Toys,Make Your Own Friendship Bracelet Kit,1000,1000,1,,,,https://www.cherrytreelane.ca/products/cotton-twist-make-your-own-friendship-bracelet-kit?variant=49678434631960&_gsid=esy8qkLo5UjE&utm_source=shopify&utm_medium=catalog
sentence,sentence_kids,something for the kids at a birthday party under ten dollars,partyexpertballoon.myshopify.com,Party Expert,"Disney Lion King Blowouts, 8 Count",449,449,1,,,,https://www.party-expert.com/products/disney-lion-king-blowouts-8-count?variant=43147500388538&_gsid=esy8qkLo5UjE&utm_source=shopify&utm_medium=catalog
sentence,sentence_kids,something for the kids at a birthday party under ten dollars,partyexpertballoon.myshopify.com,Party Expert,"Hello Kitty and Friends Birthday Scene Setter, 60 x 48 Inches, 1 Count",649,649,1,,,,https://www.party-expert.com/products/hello-kitty-and-friends-birthday-scene-setter-60-x-48-inches-1-count?variant=44289112703162&_gsid=esy8qkLo5UjE&utm_source=shopify&utm_medium=catalog
sentence,sentence_kids,something for the kids at a birthday party under ten dollars,partyexpertballoon.myshopify.com,Party Expert,"Moana Polynesian Adventurer Birthday Small Round Dessert Paper Plates, 7 Inches, 10 Count",499,499,1,,,,https://www.party-expert.com/products/moana-birthday-small-round-dessert-paper-plates-7-inches-10-count?variant=44864944177338&_gsid=esy8qkLo5UjE&utm_source=shopify&utm_medium=catalog
sentence,sentence_kids,something for the kids at a birthday party under ten dollars,party-stuff-v4.myshopify.com,Party Stuff,"Minecraft Favour Pack, 48 pieces",1999,1999,1,,,,https://www.partystuff.ca/products/48-minecraft-favor-pack?variant=51884337463666&_gsid=esy8qkLo5UjE&utm_source=shopify&utm_medium=catalog
