seller,name,public_host,search_types_hit,queries_hit,products,personalized,ucp_tools,webmcp_loader,price_min,price_max,option_names,samples
vgyypu-v8.myshopify.com,Vera Nest Home,veranesthome.com,category; occasion; bulk; sentence,candles; coasters; wedding; kids; favors_bulk; sentence_kids,14,0,13,true,3899,18899,Quantity (10); Color (7),Tealight Candles Party Favor Sets 50 Pack with Gift Bags and Cards - Unscented Paraffin Wax Tea Lights Bulk Set for Weddings Birthdays Baby Showers Pink | Rattan Woven Coasters Set of 6 Handcrafted Heat-Resistant Non-Slip Drink Mats Boho Table Decor for Kitchen Dining Room Coffee Table Tabletop Protection Holiday Gift | Wedding Favors for Guests 80 Pack Small Ceramic Bowls Bulk Set | 3.3 Inch Green Verdure Mini Dipping Bowl Sauce Dish with Cards & Box for Party Shower Souvenir
happytimestr.myshopify.com,Happy Times Favors,www.happytimesfavors.com,category; personalization; occasion,candles; favors_personalized; wedding; baby_shower,19,19,13,true,139,1099,Set options (2); Options (2); Color-scent combination (1),"Personalized Candle Favor, Personalized Wedding Gifts | Personalized Wedding Gifts Candle, Bridal Shower Gifts, Bridal Shower Presents | Scented Candle, Baby Shower Favors, Baptism Favors, Candle Tin, Its A Girl, Baby Boy"
k07ked-t5.myshopify.com,Tate's Bake Shop,shop.tatesbakeshop.com,category; dietary; sentence,cookies; dessert_box; cookies_gf; sentence_dessert,11,0,13,true,1500,4500,Count (7); Size (2),Party Favors | Wedding Favors | Bakery Bar Gift Box
f5fbe0.myshopify.com,Inkbond,www.ink-bond.com,category; personalization; sentence,favors; favors_personalized; sentence_kids,8,8,13,true,2499,2499,Buy more & save! (8),"Beer Birthday! | The Man, The Myth, The Legend | Beer Birthday!"
9b0dac-b6.myshopify.com,Factory Direct Party,factorydirectparty.ca,category; occasion; sentence,favors; kids; sentence_kids,8,0,13,false,446,1405,,Super Mario Party Favour Mega Mix Pack - 48 Pieces | Get Wild Jungle Birthday Mega Mix Favor Pack - 48 Pieces | Spider-Man Goo Slime Party Favor Set
a81d51-3.myshopify.com,David's Cookies,davidscookies.com,category; dietary; sentence,dessert_box; cookies_gf; sentence_dessert,8,0,13,true,2695,4295,Occasion (1),Assorted Brownies Dessert Box | Gluten Free Cookie & Brownie Tin | Gluten Free Chocolate Chip & Snickerdoodle Cookie Sampler Tin
ha1f0z-m7.myshopify.com,HappyPlayToys,happyplay-toys.com,occasion; bulk; sentence,kids; favors_bulk; sentence_kids,7,0,13,true,1159,5074,,"Disney Stitch Party Favor Bags Set - Bundle with 12 Stitch Drawstring Bags for Kids Plus Stickers, More Birthday Party Supplies Pack | Disney Minnie Mouse Party Favor Bags Set - Bundle with 12 Minnie Drawstring Bags for Kids Plus Stickers, More Birthday Party Supplies Pack | Hulk Party Favor Bags Set – 24 Pack 8"" Marvel Goodie Bags for Kids Bulk Reusable Mini Totes | Avengers Incredible Hulk Birthday Party Supplies"
https-cookiebouquets-com.myshopify.com,Cookie Bouquets,cookiebouquets.com,personalization; dietary; bulk,cookies_custom; cookies_gf; cookies_bulk,5,3,13,true,175,3795,Cookie quantity (2),"Custom Photo Cookies -  Upload your photo to create Personalized Photo Cookies | Custom Logo Cookies – Upload your logo and turn it into a sweet, edible masterpiece | Gluten Free Happy Day Cookie Bouquet"
efavormart-new.myshopify.com,efavormart.com,www.efavormart.com,category; personalization; sentence,favors; favors_personalized; sentence_dessert,4,1,13,false,599,3299,Color (3),"25 Pack Pink Butterfly Themed Party Favor Boxes with ""Thank You"" Print, Cardstock Paper Candy Gift Boxes - 4""x4""x2"" | 12 Pack Clear Bow Top Plastic Candy Container Gift Boxes, Transparent Party Favor Boxes 3"" Square | 100 Pack Personalized Wedding Favor Gift Boxes, Mini Cupcake Boxes 3""x3""x3"""
simplysweetfavors.myshopify.com,SimplySweetFavors,simplysweetfavors.com,category; personalization; occasion,favors; favors_personalized; baby_shower,4,3,13,true,3600,3900,Label type (4); Quantity (4),"Popcorn Party Favors – Flat Bottom Bags, Salty Popcorn Treats, Baby Shower, Birthday & Event Favor Bags | Personalized Cotton Candy OG Bags – One Flavor per Bag Custom Party Favors | Simply Sweet Favors | Personalized Cotton Candy OG Bags – One Flavor per Bag Custom Party Favors | Simply Sweet Favors"
dessert-gallery-store.myshopify.com,Dessert Gallery Bakery & Cafe,dessertgallery.com,category; bulk; sentence,dessert_box; cookies_bulk; sentence_dessert,3,1,13,true,2250,7460,,Cake Balls Gift Box | Bulk Photo & Logo Cookies (Nationwide Shipping) | Cake Balls Gift Box
meri-meri3.myshopify.com,Meri Meri,merimeri.com,category; occasion,favors; coasters; kids,19,0,13,false,1000,4000,Occasion (1),Surprise Mushrooms (x 3) | Smiley Face Surprise Balls (x 6) | Surprise Cake Slices (x 6)
incrediblecookies.myshopify.com,Incredible Cookies,incrediblecookies.com,category; personalization,cookies; cookies_custom,12,12,13,true,330,699,Step 2 - select your cookie flavor (6); Step 1 - select your cookie size (6); Shape (1),"Logo Upload - Personalized Direct Print On Round Sugar Cookie w/ Matching Personalized Favor Box, Sticker & Bow Choice | Add your own Photo- Gourmet Chocolate Chip Or Variety Pack W/ Full Color Personalized Sticker | Personalized Custom ""Add Your Own Photo” Direct Print on Round Sugar Cookies"
the-dancing-wick.myshopify.com,The Dancing Wick,www.dancingwick.com,category; occasion,candles; baby_shower,12,11,13,true,575,3000,Scent (12); Candle size & color (9); Material (2); Lid color (1),Corporate Logo Tins - Set of 10 | Something Blue Before I Do Tins - Set of 10 | Hydrangea Bridal Shower Favors
boarderie.myshopify.com,Boarderie,boarderie.com,category; sentence,dessert_box; sentence_dessert,11,0,13,true,13900,24900,Format (7); Size (5),Classic Dessert Board | Thank You Dessert Board Medium | Classic Medium Dessert Board - E-Gift
mhhkem-k2.myshopify.com,FavorsOnFleek,favorsonfleek.com,personalization; occasion,favors_personalized; baby_shower,11,3,13,true,899,3650,Options (7); Hanger & rack option (1); Color (1),Personalized Party Gift: 6pc Lilac Crochet Quinceañera Favors - Custom Name Crown Charm & Gold Hanger Personalized Party Favor | Mini Crochet Blue Onesie Party Favors - Set of 6 with Hanger & Hanging Rack Options - Tiny Teddy Bear Baby Shower | Set of 6 Mini Crochet Baby Shower Favors - Pink Tiny Party Gifts - Jacket Keepsakes with Rocking Horse Charm & Gold Hanger Options
1agzjw-e1.myshopify.com,Party City,www.partycity.com,category; occasion,favors; kids,10,0,13,true,600,1200,,"Moana Mega Mix Favors, 48ct | Mickey Mouse Forever Favor Pack 48pc | Frozen Mega Mix Favors, 48ct"
cookie-hq.myshopify.com,Custom Cookie Co.,thecustomcookiecompany.com,category; personalization,cookies; cookies_custom,7,4,13,true,3695,7395,Select bow (1),Chocolate Halloween Oreo Cookie Favors - 6 Favor Boxes | Logo or Photo Oreo Favor Bag - 4 pcs | Wedding Favor Crystal Clear Favor Gift Box  - 6 Favor Boxes
fqr1f0-g0.myshopify.com,Travel Ready,mytravelready.com,occasion; bulk,wedding; kids; favors_bulk,7,0,13,true,773,5733,,"Ctosree 50 Sets Let Love Grow Wedding Favors for Guests Self Adhesive Seed Packets (Seed Not Include) Terracotta Flowerpot Thank You Tags and Organza Gift Bags for Bridal Shower Wedding Party Favors | Agaommio 40pcs Party Favor Bags for Kids Birthday Goodies Bags, Christmas Gift Bag Plastic Gift Bags for Kids Girls Boys Candy Birthday Party Favor Gift Wraps (40pcs balloon pattern 4colors) | 50 PCS Black and Gold Party Favor Gift Bags, Plastic Bags with Handles,Candy Snack Cookie Bags, Party Gift Bags Bulk for New Year Christmas Party Favors Supplies Graduation Decorations Baggies"
46338f-fd.myshopify.com,Macorner ,macorner.co,category; occasion,coasters; totes; wedding,6,6,13,true,599,3695,Buy more save more (different designs) (2); Color (2); Shape (1),"Your Drink Here - Personalized Ceramic Coaster | Best Team Ever Gift For Coworkers - Personalized Coasters | Custom Name & Birth Flower For Her, Coworkers, Boss, Teachers, Friends - Personalized Tote Bag"
whiteroomfavors.myshopify.com,Whiteroomfavors,whiteroomfavors.myshopify.com,category; occasion,candles; wedding; baby_shower,5,5,13,true,2900,4000,Style (2); Color (1),"5 pcs Baptism Candle Favors, Personalized Baptism Gifts, Baby Shower Favors, Custom Favors, Angel Favors, Party Favors, Baby Girl | 5 pcs Ivory Wedding Favor Boxes – Custom Party Favors for Guests, Beige Wedding & Sweet 16 Gifts | 5 pcs Sage Green Wedding Favor Boxes – Personalized Luxury Party Favors for Guests, Custom Candy Boxes, Blush Wedding Thank You Gifts"
best-day-ever-spot.myshopify.com,Best Day Ever Spot,www.bestdayeverspot.com,category; occasion,candles; wedding; baby_shower,5,4,13,true,150,440,Color (1),"Custom Candle Wedding Favors, Girls Trip, Hand Drawn Camp Bachelorette, 2oz Mini Lavender Candles | Wedding Favors for Guests in Bulk, Wedding Favors Hand Lotion, Hand Drawn Wedding Icon Pattern Sketch | Honey Wedding Favors, Wedding Initials, Botanical Monogram"
glory-party.myshopify.com,Glory Party,gloryparty.net,personalization; occasion,favors_personalized; baby_shower,5,0,13,true,194,194,,"Ice Cream Shaped Soaps - Birthday Party Favors, Bridal Shower Decorations, She's Been Scooped Up Gift for Guests Pastel Pool Theme Kid Decor | Sun Soap Baby Shower Favors - Here Comes the Son Party Decor, Boho Blue Boy First Trip Around Sunshine Centerpiece, Guest Thank You Gifts | Baby Shower Soap Favors -- Girl Elegant Baby Dress Shaped Sprinkle Decoration Pink Babyshower Party Gift for Guests in Bulk Baptism Souvenir"
boite-fete.myshopify.com,Bonjour Fête ,www.bonjourfete.com,category; occasion,favors; kids,4,0,13,true,1495,3000,,Cake Slice Surprise Balls | Dinosaur Themed Favor Bags | Lemon Surprise Ball
happyhyggegifts-com.myshopify.com,Happy Hygge Gifts,happyhyggegifts.com,category; occasion,totes; corporate,4,4,13,true,1000,6800,Tote text (2); Tumbler sleeve (2); Gift variation (1); Greeting card (1); Tumbler + notebook colors (1); Tumbler color (1),Personalized Tote Bag | Spa Gift for Women | Personalized Tote Bag for Women | Employee Appreciation Gift Box | Corporate Thank You Gift Set
united-monograms.myshopify.com,United Monograms,www.united-monograms.com,category; personalization,totes; totes_monogram,4,4,13,true,7895,8495,Color (4),Make It Yours™ Icon Large Charm Tote | Make It Yours™ Icon Large Charm Tote | Make It Yours™ Icon Medium Charm Tote
easy-favors-2.myshopify.com,Easy favors ,easyfavors.us,occasion; sentence,kids; sentence_kids,4,0,13,true,400,3999,,Set of 12 Animal Party Favor Bags – Kids Goodie Bags with Handles | Set of 12 Princess Party Favor Bags with Stickers – Kids Goodie Bags | SET of 12 Classic Cartoon Mouse Party Favor Bags with Handles
ia30jn-jd.myshopify.com,Confetti & Cuties,confetticuties.com,occasion; bulk,kids; favors_bulk,4,0,13,true,1248,3248,,"SUNCOLOR Birthday Party Favor Bags, 32 Pack Goodie Bags with Handles, 9.8 x6.7 inches, Pink Blue Yellow White Gift Bags for Kids Parties, Celebrations | GITMIWS 30 Pack Non Woven Party Favor Bags, 9.8'' Small Reusable Kids Tote Bags with Handles, Rainbow Party Favor Goodie Bags for Kids Birthday | Plastic Party Favor Bags, 50 PCS 6"" x 8"" Assorted Color Party Goodie Bags for Kids, Plastic Favor Bag Bulk with Handle for Kids Birthday Party, Christmas, Halloween, Weddings"
sunkissed-party-co.myshopify.com,Sunkissed Party Co,www.sunkissedpartyco.com,category; personalization,favors; favors_personalized,3,3,13,true,1197,1199,Quantity (2); Add confetti stickers? (2); Size & quantity (1),Face on a Stick | Face on a Stick | Custom Face Confetti Stickers
jkchocolatetreats.myshopify.com,Microchip Cookies,microchipcookies.com,category; personalization,cookies; favors_personalized,3,2,13,true,650,850,Title (3),Classic Party Favor | Party Favor Jar | Classic Party Favor
wondibites.myshopify.com,Nettie's Bakery,www.nettiesbakery.com,category; sentence,dessert_box; sentence_dessert,3,0,13,true,3999,3999,Size (3); Combo (3),Thank You Box | Thinking Of You Box | Thank You Box
6ce582-5.myshopify.com,Sweet Addison's,sweetaddisons.com,category; dietary,dessert_box; cookies_vegan; cookies_gf,3,0,13,true,2400,7200,Quantity (2),Brownie Box | Vegan Chocolate Chip Cookies | Addison's Favorites
gingerbread52.myshopify.com,The Gingerbread Construction Co.,gingerbreadusa.com,category; sentence,dessert_box; sentence_dessert,3,0,13,true,3499,7399,,Dessert Sampler Gift Box | Large Dessert Sampler | Brownie Gift Box - Small
pink-poppy-party-shoppe.myshopify.com,Rubi and Lib Design Studio,rubiandlib.com,category; personalization,totes; totes_monogram,3,3,13,true,2880,2880,Select bag size and color (3),Monogrammed Tote Bag | Monogrammed Tote Bag | Bridesmaid Monogram Classic Tote Bag
glutenbox.myshopify.com,Wildgrain,wildgrain.com,dietary; bulk,cookies_vegan; cookies_bulk,3,0,13,true,1000,3400,,Vegan Giant Chocolate Chip Cookie (6-pack) | Cookie Bundle (18-pack) | Giant Snickerdoodle Cookies (6-pack)
bm9pzy-h0.myshopify.com,Festivoa Birthday Party,festivoa.com,occasion; sentence,kids; sentence_kids,3,0,13,true,958,3998,Color (1); Style (1),"25 Party Favor Bags for Kids Birthdays, Goodie Candy Bags in 5 Colors with Star Pattern | Dinosaur Birthday Party Supplies for 10 Kids – Complete Party Kit with Balloons & Decorations, Plates, Cups, Napkins, Easy Setup, Designed for Small Parties | 24 Sets Under the Sea Party Favors for Kids Wooden Painting Craft DIY Kit Under the Sea Birthday Party Supplies Goodie Bag Stuffer Decoration Gifts Prizes for Girls Toddlers"
jjspartyfavors.myshopify.com,JJsPartyFavors,jjspartyfavors.net,category; personalization,favors; favors_personalized,2,2,13,true,9000,9000,Style (2),Custom Party Package | Custom Party Package
seed-bloom-gifts.myshopify.com,Seed Bloom Gifts,seedbloomgifts.com,category; occasion,favors; baby_shower,2,0,13,true,1895,1895,Color (2); Set (2),Bloom Footprint Favors | Bloom Footprint Favors
wrapped-by-brat.myshopify.com,Wrapped By Brat ,wrappedbybrat.com,category; personalization,favors; favors_personalized,2,2,13,true,10000,10000,Options (2),Party Favor Packages | Party Favor Packages
earles-folly.myshopify.com,Earle's Folly,earlesfolly.com,category; personalization,favors; favors_personalized,2,2,13,true,2299,2299,Quantity included (2),Custom Face Fans | Custom Face Fans
tableclothsfactory-com.myshopify.com,tableclothsfactory.com,tableclothsfactory.com,category; occasion,favors; baby_shower,2,0,13,true,1099,1099,Color (1),"12 Pack 4"" Clear Gold Mini Crown Treats Party Favor Boxes, Small Treats Jar Party Favor Boxes With Dome Lid | 10 Pack Blush Butterfly Unscented Soap Baby Shower Favors with Gift Boxes, Pre-Packed Bridal Shower Wedding Souvenirs - 2"""
the-rounds-dev.myshopify.com,The Rounds™,www.theroundsnyc.com,category; dietary,cookies; cookies_vegan,2,0,13,true,400,400,Icing style (2); Sticker (2),Sweet Party Favors | Sweet Party Favors
drunkencookies.myshopify.com,Drunken Cookies,drunkencookies.com,category; bulk,cookies; cookies_bulk,2,0,13,true,4400,4400,,6 Pack Cookie Build a Box | 6 Pack Cookie Build a Box
oreo-prod.myshopify.com,OREO,shop.oreo.com,category; dietary,cookies; cookies_gf,2,1,13,true,283,529,Volume price (1); Size (1),OREOiD Favor Box - 1ct | Gluten Free Chocolate Sandwich Cookies
californiabaskets.myshopify.com,California Baskets,basketscalifornia.com,category; sentence,dessert_box; sentence_dessert,2,0,13,true,6399,6399,,Birthday Bash Dessert Box | Birthday Bash Dessert Box
carnegie-deli-nyc.myshopify.com,Carnegie Deli ,carnegiedeli.com,category; sentence,dessert_box; sentence_dessert,2,0,13,true,11500,11500,,Dessert Gift Box | Dessert Gift Box
caramelsshop.myshopify.com,Caramels.com,caramels.com,category; sentence,dessert_box; sentence_dessert,2,0,13,true,9900,9900,,Deluxe Caramel Brownie Gift Box | Deluxe Caramel Brownie Gift Box
southern-baked-pie-company.myshopify.com,Southern Baked Pie Company,www.southernbakedpie.com,category; sentence,dessert_box; sentence_dessert,2,0,13,true,8500,8500,Savory pie (2); Sweet pie (2),Dinner & Dessert Box | Dinner & Dessert Box
overwood-artisan-platters.myshopify.com,Overwood Artisan Platters®,overwoodartisanplatters.com,category; sentence,dessert_box; sentence_dessert,2,0,13,true,11999,11999,Gift upgrade (2),Dessert Box (serves 8 - 10) | Dessert Box (serves 8 - 10)
williamgreenberg.myshopify.com,William Greenberg Desserts,wmgreenbergdesserts.com,category; sentence,dessert_box; sentence_dessert,2,0,13,true,10050,10050,,NYC Gift Box | NYC Gift Box
ethels-baking-company.myshopify.com,Ethels Baking Company,ethels.com,category; sentence,dessert_box; sentence_dessert,2,2,13,true,4800,4800,,Build Your Own Dessert Box - 6 Flavors | Build Your Own Dessert Box - 6 Flavors
ladyyum1.myshopify.com,Lady Yum,ladyyum.com,category; sentence,dessert_box; sentence_dessert,2,0,13,true,2500,2500,,Build Your Own Gift Box - Dangerous Slabs | Build Your Own Gift Box - Dangerous Slabs
greyston2018.myshopify.com,Greyston Bakery,shop.greyston.org,category; sentence,dessert_box; sentence_dessert,2,0,13,true,3195,3195,Choose a sleeve: (2),Indulgent Eight 8 PCS Brownie Gift Box | Indulgent Eight 8 PCS Brownie Gift Box
getgoodies-com.myshopify.com,GetGoodies.com,www.getgoodies.com,category; sentence,dessert_box; sentence_dessert,2,0,13,true,8995,8995,,Deutsch Dessert Sampler Box | Deutsch Dessert Sampler Box
snack-bundles.myshopify.com,Fun Flavors Box,funflavorsbox.com,category; sentence,dessert_box; sentence_dessert,2,0,13,true,3299,3299,,16 Count Individually Wrapped Dessert Treats – Sweet Gift & Care Package | Fun Flavors Box | 16 Count Individually Wrapped Dessert Treats – Sweet Gift & Care Package | Fun Flavors Box
partyshopco.myshopify.com,MyPartyshopco,partyshopco.myshopify.com,category; bulk,candles; favors_bulk,2,2,13,true,3400,4650,Quantity (number of travel candles) (1); Anniversary (1); Labeled or unlabeled (1); Select background color (1),"Party Favors, Wedding Anniversary Celebration Candle Favor, InExpensive Favor, 2oz. Favor for Guests, 50th Anniversary, Rose Gold Candle Tin | BULK Wedding Matches Set of 50, The Perfect Match Personalized Matches, Wedding Matchboxes Party Favors, Celebration, Custom Wedding Favor"
1537b6-52.myshopify.com,ProCardPartyShoppe,acc123.com,personalization; sentence,favors_personalized; sentence_dessert,2,2,13,true,2000,2200,,"Gracie’s Corner Party Personalized Favor Boxes, Pink & Gold, GRACIE only, 8 count | Donut Themed Dessert Party, Personalized Gable Favor Boxes, pack of 8"
levainbakery.myshopify.com,Levain Bakery,levainbakery.com,personalization; dietary,cookies_custom; cookies_vegan,2,1,13,true,5200,7300,Size (1); Style (1),Build Your Own Cookie Box | Floral Cookie Tin Gift Set
whitneys-cookies.myshopify.com,Whitney's Cookies,whitneyscookies.co,personalization; bulk,cookies_custom; cookies_bulk,2,2,13,true,2999,2999,Size (2),Custom Order Cookie Box | Custom Order Cookie Box
mad-batter-cookie-company.myshopify.com,Mad Batter Cookie Co.,madbattercookie.com,personalization; bulk,cookies_custom; cookies_bulk,2,2,13,true,500,500,,Custom Order Cookies | Custom Order Cookies
crystalimagery.myshopify.com,Crystal Imagery,crystalimagery.com,personalization; occasion,coasters_engraved; corporate,2,2,13,true,5700,13000,Printing method (1),"Logo Slate Coasters, Engraved (Set of 4) | Custom Logo Whiskey Decanter & Rocks Glasses Gift Set with Custom Gift Box – Set of 3"
geniusgemsnyc.myshopify.com,Genius Gems NYC,nyc.geniusgems.com,occasion; sentence,kids; sentence_kids,2,0,13,true,1500,1500,,Goody Bags | Goody Bags
customcookies-com.myshopify.com,CustomCookies.com,customcookies.com,personalization,cookies_custom,20,17,13,true,395,599,Flavor (19); Size (19); Cookie style (17),Heart Anniversary Name Cookies | Betrothed Name Cookies | Round Logo Cookie
marley-lilly-prod.myshopify.com,Marleylilly,marleylilly.com,personalization,totes_monogram,17,17,13,true,2499,14999,Color (17),Monogrammed Pocket Tote Bag | Taupe Grey | Monogrammed Anywhere Tote Bag | Pine | Monogrammed Tote Bag | Sunset Leopard
pjbsid-aq.myshopify.com,UniqueByMelody,uniquebymelody.com,occasion,corporate,16,16,13,true,5000,13000,Gift box color (12); Tumbler color (7); Double wall thermos color (4); Gift set option (3); Smart thermos color (1); Tumbler customization (1),Executive Corporate Gift Set Custom Logo Appreciation Box Client Employee Recognition Holiday Welcome Kit Onboarding Speaker Tumbler Docking | Company Logo Gift Set Customized Executive Gift Box Client Appreciation Onboarding Kit Team Gift Conference Promotional Bulk Order | Company Logo Gift Set Customized Executive Gift Box Client Appreciation Onboarding Kit Team Gift Set Conference Promotional Bulk Order
cookiesbydesignprod.myshopify.com,Cookies by Design,www.cookiesbydesign.com,category,cookies,13,1,13,true,499,6199,,School Love Favor Tray | USA250 Favor Tray | Party Cupcakes Favor Tray
vermont-nut-free-chocolates.myshopify.com,Vermont Nut Free Chocolates,www.vermontnutfree.com,dietary,chocolate_nutfree,13,0,13,true,1395,16595,Size (8); Flavor (4); Occasion (1),Grand Assortment | Birthday Gift Box | Truffle Assortment
thehoneyjar2024.myshopify.com,The Honey Jar,thehoneyjarhome.com,occasion,wedding; baby_shower,13,13,13,true,2100,2550,Charms (10); Dippers (+$2.00 per set) (9); Cap color (3); Dippers (1); Label style (see image #2 for samples) (1),Meadow Wedding Bridal Shower Favors - 2 oz Clover Honey - Set of 10 | Leaf Frame Wedding Bridal Shower Favors - 2 oz Clover Honey - Set of 10 | Winnie the Pooh Beehive - Baby Shower Party Favors - 2 oz Clover Honey - Set of 10
many-cool-things.myshopify.com,Many Cool Things,www.manycoolthings.com,price,favors_under_10,11,0,13,true,5,5,,Dromoka Dunecaster - Dragons of Tarkir | Kavu Climber - 10th Edition | Towering Thunderfist - Gatecrash
rvyyvb-re.myshopify.com,Candles And Favors,candlesandfavors.com,category,candles,10,8,13,true,450,6000,Scent (8); Candle size (2),"Thank You Candles Wedding Favors, Bulk Favors for Guests, Set of 10 4 oz Candle Tins, Personalized Wedding Gift, Bridal Shower Favors | New York City Skyline Wedding Favors, Bulk Favors for Guests, Set of 10 4 oz Candle Tins, Personalized Wedding Gift, Bridal Shower Favors | Champagne Tower Wedding Favors, Bulk Candle Favors for Guests, Set of 10 Candle Tins, Personalized Wedding Gift, 4oz Black Tin"
ea737e-9b.myshopify.com,adviceerapersonalize,www.adviceerapersonalize.com,category,candles,10,10,13,true,748,2911,Clear box option (10); Number (9),"Luxury Handmade Candle Favor for Weddings, Personalized Favors for Guests, Elegant Favors for Weddings and Parties, Thank You Gift | Personalized Baptism Favor Candle for Any Occasion, Unique  Candle Favor for Events, Thank You Gift for Guests, Glamorous  Favors | Personalized Candle Favors | Luxurious Wedding Favors | Thank You Favors for Guests | Engagement Party Favor| Candle with Silver Feather Lid"
kd4012-ep.myshopify.com,routeshop shop,routeshop.shop,occasion,kids,10,0,13,true,3399,6999,,"Disney Lilo and Stitch Party Favor Bags Bundle – 12 Pack of 8 Inch Goodie Bags for Kids Bulk Reusable Mini Totes | Stitch Birthday Party Supplies for Boys, Girls | Minnie Mouse Party Favor Bag Set – 12 Pack of 8"" Minnie Mouse Party Goodie Bags for Kids Bulk Reusable Mini Totes | Disney Birthday Party Supplies | Zootopia Party Favor Bags Set – 12 Pack 8"" Disney Goodie Bags for Kids Bulk Reusable Mini Totes | Disney Zootopia Birthday Party Supplies"
unicorneclipse.myshopify.com,Unicorn Eclipse,unicorneclipse.com,category,stickers,8,0,13,true,500,2200,,Sticker Sheets Surprise Pack | Peaches Sticker Sheet | Cherries Sticker Sheet
a0csnv-nk.myshopify.com,InkPixi,www.inkpixi.com,personalization,coasters_engraved,8,8,13,true,2499,2999,Type (8); Color (8); Size (8),Family Circus : Coasters - Engraved | Family : Coasters - Engraved | Tiki Bar : Coasters - Engraved
9b6844-68.myshopify.com,FASHIONPHILE,www.fashionphile.com,personalization,totes_monogram,8,8,13,true,67500,229500,,Monogram All-In GM | GG Monogram Web Large Giglio Tote Beige Brown | Soft GG Supreme Monogram Medium Crossbody Tote Beige Cuir
uncle-eddies-vegan-cookies.myshopify.com,Uncle Eddie's Vegan Cookies,www.uncleeddiesvegancookies.com,dietary,cookies_vegan,8,0,13,true,799,2499,,Oatmeal Raisin Vegan Cookies | Individually Wrapped 3oz Cookie Assortment (6 Pack) | Cocoa Spice & Everything Nice Vegan Cookies
aee66e.myshopify.com,Bee Well Bakery LLC,beewellbakery.net,dietary,cookies_vegan; cookies_gf,8,0,13,true,2500,7500,Coconut sugar cookie packages (2); Sprinkle option (2); Black & white cookie package (2); Colors (2); Cookie package (2); Age - celebration- milestone # (1); Age cookie package & sugar preference (1); Sugar free cookie package (1); Flavor (1); White chocolate chip cookie sugar option (1),"Gluten Free Sugar Cookies, Milestones, Age, Dairy Free, Egg Free, 1st Birthday, Nut free, Soy free, Vegan, Cookie Favors, Anniversary, 50th | Gluten Free Coconut Sugar Cookie, Dairy Free, Egg Free, Nut Free, Oat Free, Organic, Gum Free, Vegan, Birthday Gift, Holiday Cookie Exchange | Sugar Free, Cookie Sampler, Gluten Free, Dairy Free, Egg Free, Nut Free, Vegan, Erythritol Free, Birthday, Celebration, Dessert, Party favor"
choczero.myshopify.com,ChocZero,www.choczero.com,dietary,cookies_gf; chocolate_nutfree,8,0,13,true,899,1798,Size (2),Speculoos Cookies | Danish Butter Cookies | Vanilla Wafer Cookies
actzam-1n.myshopify.com,MOBILMOODS,www.mobilmoods.com,occasion,corporate,8,5,13,true,3500,15000,Gift box color (4); Smart thermos color (2); Premium tumbler color (1); 16oz regular tumbler color (1); Gift box colors (1); Thermos color (1),"Corporate Event Holiday Gift Box, Christmas Gift Set for Attendees, Speakers, Sponsors, Employees and VIP Guests | Conference Speaker New Year Gift Box, Corporate Holiday Gift Set for Presenters, Panelists, Sponsors and Event Guests | Premium Signature Gift Box, Personalized Corporate Gifting for Employees, Clients, Partners, Conferences and Holiday Campaigns"
subtle-art-studios.myshopify.com,Subtle Art Studios,subtleartstudios.com,category,coasters,7,0,13,true,1800,6480,Style (4),Glass Tile Coaster – Cotton Candy | Handmade Drink Coaster | Glass Tile Coaster – a Love Letter | Handmade Drink Coaster | Glass Tile Coaster Set – Triple Sprinkles | Set of 3 Drink Coasters
bc1b45-6d.myshopify.com,Maison Noten,www.maisonnoten.com,dietary,chocolate_nutfree,7,0,13,true,3400,11200,,Classic Box | Prestige Box | Petite Box
dahliawb.myshopify.com,Dahlia Weddings and Baptisms,www.dahliaweddingsandbaptisms.com,occasion,wedding,7,1,13,true,350,525,Tag (7); Options (5),Everlasting Bloom Wedding Favor | Forever Wedding Favor | Ivory | Joined Together Wedding Favor
29zjyh-uy.myshopify.com,CelebrateHub,celebratehubs.com,bulk,favors_bulk,7,0,13,true,1648,3957,,"qiqee 50-Packs Brown Paper Gift Bags with Handles Bulk 4.5""x2.5""x6"" Mini Size Party Favor Bags Multiple Uses | qiqee 50-Packs Brown Paper Gift Bags with Handles Bulk 13""x10.3""x4.6"" Large Size Party Favor Bags Multiple Uses | AWELL Pink Favor Box Bulk 2.5x2x2.5 inches with Heart Bow Party Favor Box,Pink,Pack of 50"
gameknightstx.myshopify.com,Game Knights Killeen,gameknightstx.net,price,favors_under_10; favors_under_25,7,0,13,true,5,20,Title (4),Dispersal Technician [Aether Revolt] | Hand of Silumgar [Dragons of Tarkir] | Tandem Tactics [Battle for Zendikar]
davis-cards-games.myshopify.com,Davis Cards & Games,daviscardsandgames.com,price,favors_under_25,7,0,13,true,15,21,Title (4),Valeron Wardens [Magic Origins] | Soul Seizer // Ghastly Haunting [Dark Ascension] | Sideswipe [Champions of Kamigawa]
forgedleather.myshopify.com,Portland Leather,www.portlandleathergoods.com,category,totes,6,0,13,true,9000,16000,Color (6); Size (6); Style (3),Verona Tote | Leather Tote Bag | Devan Bucket Tote
5f3d5e-02.myshopify.com,"Beach, Cats & Wine",beachcatsandwine.com,personalization,coasters_engraved,6,6,13,true,2495,2495,Design (6); Shape (6),"North Dakota Slate Coaster Set, Engraved Natural Stone, Set of 4 | Delaware Slate Coaster Set, Engraved Natural Stone, Set of 4 | Alaska Slate Coaster Set, Engraved Natural Stone, Set of 4"
lenny-and-larrys.myshopify.com,Lenny and Larrys,www.lennylarry.com,dietary,cookies_vegan,6,0,13,true,2449,2599,Size (4),Chocolate Chip - 4oz - Box of 12 | Snickerdoodle - 4oz - Box of 12 | Big Time Brownie - 4oz - Box of 12
x7031r-1e.myshopify.com,sitespark shop,sitespark.shop,occasion,kids,6,0,13,true,3399,3999,,"Peanuts Party Favor Bag Set – 12 Pack of 8"" Snoopy Goodie Bags for Kids Bulk Reusable Mini Totes | Peanuts Birthday Supplies for Boys, Girls | Winnie the Pooh Party Favor Bags for Kids Birthday 12 Pack Bundle | Disney Lilo and Stitch Party Favor Bags Bundle – 12 Pack of 8 Inch Goodie Bags for Kids Bulk Reusable Mini Totes | Stitch Birthday Party Supplies for Boys, Girls"
adv100-63.myshopify.com,The Stack Resolves,thestackresolves.com,price,favors_under_10,6,0,13,true,3,9,Condition (2); Language (2),Severed Strands - Guilds of Ravnica #85 | Unstoppable Ogre - Kamigawa: Neon Dynasty #169 | Trumpet Blast - Core Set 2019 #165
rosebudchocolates.myshopify.com,Rosebud Chocolates,www.rosebudchocolates.com,category,cookies,5,2,13,true,3500,3800,Flavor (2); Style of tags (1),12 FLIP FLOP Chocolate Covered Oreo Cookie Candy Party Favors | 12 SCALES OF JUSTICE Chocolate Covered Oreo Cookie Candy Party Favors | 12 #90 Chocolate Covered Oreo Cookie Candy Party Favors GOLD DUSTED 90th Birthday
yvonnes-vegan-kitchen.myshopify.com,Yvonne's Vegan Kitchen,yvonnesvegankitchen.com,dietary,cookies_vegan,5,0,13,true,1050,7800,Size (2),Assorted Cookies Gift Box | Ginger Date Molasses Cookies | Cookie Gift Basket
prime-party.myshopify.com,Prime Party,primeparty.com,category,favors,4,0,13,true,449,1099,,Monster Jam Tire Favor Boxes (Pack of 8) | Monsters Inc. Favor Boxes (Pack of 8) | Toy Story 4 Paper Favor Bags (Set of 8)
dulcet-gift-baskets.myshopify.com,Dulcet Gift Baskets,www.dulcetgiftbaskets.com,category,dessert_box,4,0,13,true,4995,7995,,Ultimate Chocolate Collection Gift Box | Bakery Deluxe Sweets Gift Box | Best Sellers Cookie and Brownie Party Box
fig-pillows.myshopify.com,FIG LINENS AND HOME,www.figlinensandhome.com,category,coasters,4,0,13,true,5100,12500,Color (4); Size (4),Strata Drink Coasters in Beige Taupe & Gray Set of 4 in Gift Box by Kim Seybert | Dahlia Drink Coasters Set of 4 in a Gift Bag by Kim Seybert | Woodland Drink Coasters in Natural & Brown Set of 4 in a Gift Box by Kim Seybert
jonathanadler-com.myshopify.com,Jonathan Adler,jonathanadler.com,category,coasters,4,0,13,true,8500,9500,,Sirena Coasters | Hôtel De Rêve Coasters | Eden Coasters
bmjgxv-1s.myshopify.com,United Promo,unitedpromo.us,occasion,corporate,4,3,13,true,5000,15000,Gift box color (1); Smart thermos color (1); Box and thermos color (1); Printing options (1),"Company Team Meeting Gift Box, New Employee Gift Box, Corporate Client Gift Box, New Hire Welcome Gift, Custom Logo Holiday Gift Box | Business Client Appreciation Gift Box, Employee Thanks Gift Box, Company Logo Holiday Gift Box, Affordable Corporate Logo Milestone Gift Box | Company Team Meeting Gift Box, New Employee Gift Box, Corporate Client Gift Box, New Hire Welcome Gift, Custom Logo Holiday Gift Box"
joshs-cards-n-more.myshopify.com,Josh's Cards,joshscards.com,price,favors_under_10,4,0,13,true,5,9,Title (2); Condition (1),Earth Giant - Living Mountain (41/204) - Shimmering Skies | Hakuna Matata (27/204) - The First Chapter | Emergency Jelly 155/195 - SWSH12 Silver Tempest
saqzqc-hb.myshopify.com,Big Hawaiian Candy,bighawaiiancandy.com,price,favors_under_25,4,0,13,true,15,15,,Frooties Fruit Punch Chewy Candy | Frooties Strawberry Chewy Candy | Frooties Green Apple Chewy Candy
zdmb0k-20.myshopify.com,BestParty.Co,bestparty.co,sentence,sentence_kids,4,0,13,true,189,3890,,"Hello Kitty and Friends Birthday Pink Party Favour Cup, 16 Oz, 1 Count | Stitch Yellow Party Cup 16 Oz, 1 ct | The Little Mermaid™ Blowouts 8 Ct"
randyamyjones.myshopify.com,Milky Tomato,www.milkytomato.com,category,stickers,3,0,13,true,700,1600,How many? (1),Star Babies Sticker Sheet | Mystery Sticker Sheet Packs! | Cute Lil Clowns Sticker Sheet
peppercut.myshopify.com,PepperCut,peppercutstudio.com,category,stickers,3,0,13,true,700,800,,A21. Cozy Reading Sticker Sheet Set | A23. Coffee House Sticker Sheets | A22. Rainy Day Sticker Sheets
mambi-shop.myshopify.com,Happy Planner,thehappyplanner.com,category,stickers,3,0,13,true,209,279,,Spring Florals - 5 Sticker Sheets | Simple Faith - 5 Sticker Sheets | Seasonal Watercolor - 5 Sticker Sheets
micashi-store.myshopify.com,Micashi Store,micashi.com,category,stickers,3,3,13,true,500,2000,Style (3); Laminate (1),Vol.1 Pirates Cute anime Sticker sheets! :D | Silly Wanted Posters sticker Sheet - Vinyl Waterproof | JJK Sticker sheets! :D
over-the-moon-dev.myshopify.com,Over The Moon,overthemoon.com,category,coasters,3,0,13,true,7500,19300,Color (2),"Oasis Coasters in Ivory, Green & Gold, Set of 4 in a Gift Bag | Images Drink Coaster Set | Tortoise Drink Coasters in Brown, Set of 6 in a Caddy"
jmxg17-i2.myshopify.com,Feescustomgoodies,feescustomgoodies.myshopify.com,personalization,favors_personalized,3,3,13,true,4500,17500,Flavor (2),Custom Rice Krispies | Custom Pringles | Cute and Basic Bundle
modernbitela.myshopify.com,ModernBiteLA,www.modernbite.com,personalization,cookies_custom,3,3,13,false,2800,3000,Ribbon color (3); Quantity (2); Packaging (2); Choose shape (1); Quantity in pack (1),“Happy Birthday” Peony Design Custom Cookies | “Give Yourself Some Space” Fun Custom Cookies | Create Your Custom Cookies | Upload Your Image
glamaholiclifestyle.myshopify.com,Glam-Aholic Lifestyle,glamaholiclifestyle.com,personalization,totes_monogram,3,3,13,true,8500,9500,Color (3); Size (1),MONOGRAM SLEEK TOTE - BLACK | MONOGRAM GLAM TOTE WITH WRISTLET - BROWN | MONOGRAM GLAM TOTE WITH WRISTLET - MIRROR BROWN
seven-grams-caffe-nyc.myshopify.com,Seven Grams Caffé,sevengramscaffe.com,dietary,cookies_vegan,3,0,13,true,4400,4900,Qty (3),Cookie Gift Box – Vegan Tahini & Olive Oil Dark Chocolate Chip Cookie | Vegan Tahini & Olive Oil Dark Chocolate Chip Cookie | Cookie Gift Box – The New Gluten Free & Vegan Chocolate Chip Cookie
chocolatetrial.myshopify.com,Compartes Chocolatier | Gourmet Chocolate Gifts,compartes.com,dietary,chocolate_nutfree,3,0,13,true,7000,13700,Gift box size (2); Gift box style (2); Style (1); Size (1),Vegan Dark Chocolate Assortment Gift Box | Dark Chocolate Covered Nuts Assortment | Milk Chocolate Covered Nuts Assortment
corner-stork-baby-gifts.myshopify.com,Corner Stork Baby Gifts - Specialty Baby Gifts,www.cornerstorkbabygifts.com,occasion,baby_shower,3,3,13,true,100,450,,Personalized Baby Cocoa Favors (Many Designs Available) | Personalized Exclusive Baby Tea Favor (Many Designs Available) | Personalized Exclusive Baby Maple Syrup (Many Designs Available)
corporate-gift-expert.myshopify.com,Corporate Gift Experts,www.corporategiftexperts.com,occasion,corporate,3,0,13,true,1765,3898,,Thank You Popcorn and Snack Gift Bag | Corporate Appreciation & Client Giveaway Set | Thank You Snack & Tumbler Gift Set with Lunch Bag
4partydecorations.myshopify.com,PartyDecorations.com,www.partydecorations.com,bulk,favors_bulk,3,0,13,true,2956,6031,,12 Pack Bulk 50th Birthday Party Centerpiece - multi-color | 25 Pack Bulk 50th Birthday Party Glittered Foil Eyeglasses | 48 Pack Bulk Packaged Fabulous 50's Party Cutouts
party-secret.myshopify.com,Bulk Party Decorations,www.bulkpartydecorations.com,bulk,favors_bulk,3,0,13,true,1944,3216,,Bulk 0.5 oz Iridescent Party Confetti (12 Pkgs per Case) | Bulk Flag Picks (600 per Case) | Bulk Navy and Gold 50th Birthday Luncheon Napkins (192 per Case)
h90tgr-vp.myshopify.com,LILO,liloroo.com,bulk,favors_bulk,3,0,13,true,4379,5109,,"Deekin Rubber Ducks 2 Inch Bulk Sport Party Favors for Team Events Decorations Birthday Party Supplies Club Player Gift(50 Pcs,Soccer) | Deekin Rubber Ducks 2 Inch Bulk Sport Party Favors for Team Events Decorations Birthday Party Supplies Club Player Gift(50 Pcs,Baseball Blue) | Deekin Rubber Ducks 2 Inch Bulk Sport Party Favors for Team Events Decorations Birthday Party Supplies Club Player Gift(50 Pcs,Basketball Texture)"
insanely-good-cookies.myshopify.com,Operation Cookies,www.operationcookies.com,bulk,cookies_bulk,3,0,13,true,799,1399,Quantity (3); Peanut allergy? (1),"Cookie Variety Pack – Best Seller & Perfect Gift | Operation Cookies | Angie's Chocolate Chip Cookies | Chocolate Chip Pretzel Cookies – Sweet, Salty & Chewy | Operation Cookies"
2c8rdt-hn.myshopify.com,BrightByte,brightbyteelectronics.com,price,favors_under_10; favors_under_25,3,0,13,true,2,2,,"Fox Tail Keychain Long, Fluffy Therian Tail Faux Fur Keyring, Party Costume | Fox Tail Keychain Long, Fluffy Therian Tail Faux Fur Keyring, Party Costume | Fox Tail Keychain Long, Fluffy Therian Tail Faux Fur Keyring, Party Costume"
4ged4g-c8.myshopify.com,Collective Cards LLC,collective.cards,price,favors_under_10; favors_under_25,3,0,13,true,1,9,,Flesh & Blood TCG The Hunted Leap Frog Gloves HNT171 Common Near Mint | Flesh & Blood TCG Super Slam Turn the Crowd Grateful (Red) SUP049 Common Near Mint Rainbow Foil | Flesh & Blood TCG The Hunted Leap Frog Gloves HNT171 Common Near Mint
benscards.myshopify.com,Trove of Collectibles ,troveofcollectibles.com,price,favors_under_10,3,0,13,true,8,9,Condition (1),Erg Raiders (4ED-) - Fourth Edition | Magical Maneuvers (80/204) - Archazias Island | Chemtech Cask (063/221) - Spiritforged
pcatoys.myshopify.com,PCA Designer Toys,pcatoys.com,price,favors_under_10; favors_under_25,3,0,13,true,5,20,Title (2),King Louie - Bandleader (146/204) [Into the Inklands] | Dramatist's Puppet [Kamigawa: Neon Dynasty] | Whirlwind Technique [Avatar: The Last Airbender: Eternal-Legal]
paisley-pear-designs-and-invites.myshopify.com,Paisley Pear Designs and Invites ,paisleypeardesigns.com,price,favors_under_25,3,3,13,true,10,10,Price (3),Watercolor Splash Teen Party - Birthday Invitation - Digital Available | Ten is a Vibe - Peace Out Single Digits - Digital Available | Spa Day Birthday Invitation - Digital Available
kate-minimalist.myshopify.com,kate-minimalist,kate-minimalist.myshopify.com,sentence,sentence_dessert; sentence_kids,3,0,13,true,3958,7398,,"TOMNK 100pcs Cookie Boxes, 4x4x2.5 Inch Small Bakery Boxes for Cupcakes Chocolate Strawberries Muffins, Brown | Cars Birthday Party Supplies, Cars Birthday Party Decorations Include Birthday Banner, Foil Balloons, Backdrop, Tablecloth, Cupcake Toppers for Boys Girls | Minnie Birthday Party Supplies - Balloon Decorations, Banner, Backdrop, Cake & Cupcake Toppers, Tablecloth for Kids"
pinatagram.myshopify.com,Piñatagrams,www.pinatagrams.com,sentence,sentence_kids,3,0,13,true,2999,3499,Feature (1),Fun Birthday Piñatagram | Confetti Birthday Piñatagram | Magical Birthday Piñatagram
tantrum.myshopify.com,TANTRUM,shoptantrum.com,category,favors,2,0,13,true,1700,2900,,Multi Surprise Balls (pk6) | 24 Assorted Party Favor Bags and Stickers
party-mania-usa.myshopify.com,Party Mania USA,partymaniausa.com,category,favors,2,0,13,true,1899,1899,,"Godzilla Treat Favor Boxes, 8 Per pack, Measures  8x5x3 inches Made in the USA | Godzilla vs. King Kong Treat Favor Boxes, 8 Per pack, Measures  8x5x3 inches Made in the USA"
misericordia-ae.myshopify.com,Misericordia ,www.misericordia.com,category,cookies; dessert_box,2,0,13,true,350,8000,Flavors (1),Cookie Favors | Deluxe Gift Box
milk-bar-development.myshopify.com,Milk Bar,milkbarstore.com,category,cookies,2,0,13,true,2800,4800,Size (1),Assorted Cookie Tin - 6 Count | The Cookie Faves Tin - 12 Count
ee753e-5.myshopify.com,Ollie's Great Bakery,olliesgreatbakery.com,category,cookies,2,0,13,true,12000,12000,Size (2),Red Cookie Party Favors | Light Blue Cookie Party Favors
thefruitcompany.myshopify.com,The Fruit Company®,www.thefruitcompany.com,category,dessert_box,2,0,13,true,6400,11900,,Signature Gourmet Gift Box | Thank You Treats Gift Box
4e0164-2.myshopify.com,Cherry Republic,www.cherryrepublic.com,category,dessert_box,2,0,13,true,10000,13500,,Our Absolute Best Gift Box | Something for Everyone Gift Box
sanders-candy.myshopify.com,Second Nature Brands,secondnaturebrands.com,category,dessert_box,2,0,13,true,9599,10499,Pack size (2),Decadent Dessert Toppings & Chocolates Box | Sanders Signature Gift Box
fromyougifts-prod.myshopify.com,The Gift Basket Store,giftbasketstore.com,category,dessert_box,2,0,13,true,6899,7399,,Happy Birthday! Sweet Treats Chocolate Gift Box | Sweet Treats Chocolate Gift Box
eukeeb-8v.myshopify.com,PartyBurst,partyburstshop.com,category,candles,2,0,13,true,8663,13545,,Coffee Scented Soy Wax Candle Favors with Hand-Placed Orange and Cinnamon Stick - Handmade Gift Set for Wedding Guest - Bridal Shower Baby Shower Birthday (10 Pieces) | Coffee Scented Soy Wax Candle Favors with Hand-Placed Orange and Cinnamon Stick - Handmade Gift Set for Wedding Guest - Bridal Shower Baby Shower Birthday (20 Pieces)
a406cc-3.myshopify.com,Pippin and Friends LLC,pippinandfriends.com,category,candles,2,1,13,true,374,374,Scent (2),Lavender Candle Favors  – Purple Floral Bridal Shower & Wedding Soy Candle Favors | Personalized Hydrangea Candle Favors | Thank You Tin Candle Gifts
newfavors.myshopify.com,Newfavors,www.newfavors.com,category,candles,2,0,13,true,399,449,,"Calla Lily Candle Favor | Butterfly candle Favor, Votive in a Gift Box"
be4901-86.myshopify.com,Art by Elowyn,shopartbyelowyn.com,category,stickers,2,0,13,true,1599,2499,,"Spooky Season - 5x7 Sticker Sheet | The BIGGEST Teenie Tiny Sticker Sheet- 100 Mini Stickers (8.5"" x 11"")"
kimseybert.myshopify.com,Kim Seybert,kimseybert.com,category,coasters,2,0,13,false,7700,9500,Color (1),"Papillon Coasters in Ivory & Gold, Set of 4 in Gift Bag | Bevel Drink Coasters in Gold & Silver, Set of 4 in a Gift Box"
us2pw5-16.myshopify.com,Cozyseam,www.cozyseam.com,category,totes,2,0,13,true,4299,4299,Size (1),"Cat Quilted Tote Bag, Floral Garden, Gift for Cat Moms, Everyday Bag | White Cat Quilted Tote Bag, Cottagecore Floral, Cat Lover Gift"
out-of-the-box-ny.myshopify.com,Out of the Box NY Gifts,www.outoftheboxnygifts.com,category,totes,2,1,13,true,8300,10800,Color (2),BANDANA TOTE BAGS WITH PERSONALIZATION | BANDANA TOTE BAGS
alice-wonder.myshopify.com,Alice & Wonder,alice-wonder.myshopify.com,category,totes,2,1,13,true,5500,5500,Size (1),Texas Icons Tote | Boston Icons Tote
twinoakstest.myshopify.com,Natural Life,www.naturallife.com,category,totes,2,0,13,true,1050,1350,Color (2),"Large Happy Bag, Set of 3 - Spread Kindness | Small Happy Bag, Set of 3 - Happy Bag"
elizabeth-scarlett.myshopify.com,Elizabeth Scarlett,www.elizabethscarlett.com,category,totes,2,0,13,true,9800,9800,Color (2); Fabric (2),Poppy Meadow Tote | Lobster Velvet Tote
jazznjaycreations.myshopify.com,Jazz N Jay Creations,jazznjaycreations.com,personalization,favors_personalized,2,2,13,true,4000,12000,Style (1),Chip Bag Special - ANY THEME | Custom Party Favors
doughiejax.myshopify.com,doughiejax,doughiejax.com,personalization,favors_personalized,2,2,13,true,600,900,,Custom Party Favors 4oz | Custom Party Favors 2oz
thegiftshire.myshopify.com,GiftShire,www.giftshire.com,personalization,favors_personalized; coasters_engraved,2,2,13,true,240,2082,Size (1); Choose your material (1); Choose your set of (1),"Head on a Stick – Custom Big Head Cut Out with Hat Options | Custom Engraved Coaster, Set of 4 with Family Names"
4gs98t-cj.myshopify.com,Personalizee,personalizee.com,personalization,favors_personalized,2,2,13,true,2495,2495,,(Pack of 6) Spidey Amazing Friends Custom Personalized Birthday Party Favor Gable Treat Boxes | (Pack of 6) Baby Shark Custom Personalized Birthday Party Favor Gable Treat Boxes
wickedgoodcookies.myshopify.com,Wicked Good Cookies,wickedgoodcookies.com,personalization,cookies_custom,2,2,13,true,275,2400,Gift size (1); Choose a size (1),1/2 Dozen Logo Sugar Cookie Special | Round Custom Photo Sugar Cookies
oh-sugar-sweets.myshopify.com,Oh Sugar! Sweets,www.ohsugarcookies.com,personalization,cookies_custom,2,2,13,true,13200,13440,Size (2),Custom Baby Cookies | Custom Sweet Shop Cookies - Upload Your Label
wild-side-engraving-4860.myshopify.com,Wild Side Engraving,wildsideengraving.com,personalization,coasters_engraved,2,2,13,true,800,800,Quantity (2),A CUSTOM ENGRAVED COASTER | HOORAY COASTER
etched-in-time-engraving.myshopify.com,Etched In Time Engraving,etchedintimegifts.com,personalization,coasters_engraved,2,2,13,true,5000,6000,Template (1),Carved Heart | Forever Personalized Marble and Wood Coasters - ZCOS0044 | Slate Heart Shaped Coasters with Initials and Year Established - DF1914
modernlaser-realestate.myshopify.com,Realty Remembered,www.realtyremembered.com,personalization,coasters_engraved,2,2,13,true,3999,5999,,Custom Coaster Set of 4 - Square Olive Wood | Custom Coaster Set of 4 - Square Marble and Acacia Wood
pz9kcc-p0.myshopify.com,nuvisionkreations.com,nuvisionkreations.com,personalization,coasters_engraved,2,2,13,true,3499,3499,Package (2); Color (1),Kappa Alpha Psi Custom Engraved Leatherette Coasters | Delta Sigma Theta Custom Engraved Coasters
run-wild-vinyl-designs.myshopify.com,Run Wild Engraving & UV Printing,www.runwildengraving.com,personalization,coasters_engraved,2,2,13,true,2899,2899,,Leatherette Coaster Set With Names And Heart | Personalized Third Anniversary Coaster Set
2nd-street-melrose.myshopify.com,2nd STREET USA,ec.2ndstreetusa.com,personalization,totes_monogram,2,2,13,true,27990,99990,,GUCCI/Hand Bag/Monogram/BEG/Abbey Tote | LOUIS VUITTON/Cross Body Bag/O/S/Monogram/Leather/BRW/Neverfull BB Tote
the-bite-society.myshopify.com,Bite Society,hellobitesociety.com,dietary,cookies_vegan,2,0,13,true,1800,1800,,Zesty Chocolate (Vegan) | Coconut Lime Cookie (Vegan)
southern-roots-vegan-bakery.myshopify.com,Southern Roots Vegan Bakery,southernrootsvegan.com,dietary,cookies_vegan,2,0,13,true,7900,7900,,Assorted Cookies (Dozen) | Oatmeal Raisin Cookies (Dozen)
bonjourbakehouse.myshopify.com,Bonjour Bakehouse,bonjourbakehouse.com,dietary,cookies_vegan; cookies_gf,2,0,13,true,2200,4200,Box size (2),Vegan Chocolate Chip | Gluten Free - Chocolate
claudios-kitchen.myshopify.com,Claudio's Kitchen,claudioskitchennyc.com,dietary,cookies_vegan; cookies_gf,2,0,13,true,1299,1299,,🍓 Cookie of the Month –  Fruity Vegan Cookie | Pignoli Cookies
bellscookieco.myshopify.com,Bell's Cookies™,www.bellscookies.com,dietary,cookies_vegan; cookies_gf,2,0,13,true,3199,3199,,The Gluten Free + Vegan | The Gluten Free + Vegan
bakedcravings.myshopify.com,Baked Cravings,www.bakedcravings.com,dietary,cookies_vegan; cookies_gf,2,0,13,true,6900,6900,,OG Vegan Cookie Box | OG Gluten-Free Cookie Gift Box
v20dfp-u0.myshopify.com,Five Frogs Farm,fivefrogsfarm.com,dietary,cookies_gf,2,0,13,true,2300,3600,Size (1); Sampler size (1),Gluten-Free Cookie Box - Best Gluten Free Cookies Online | Gluten-Free Cookie Sampler – 4 Classic Flavors
jeffreynuts.myshopify.com,Oh! Nuts,ohnuts.com,dietary,chocolate_nutfree,2,0,13,true,4799,4799,,"""Heart"" Non-Dairy Chocolate Truffle Gift Box - 18Pc. | ""Happy Birthday"" Non-Dairy Chocolate Truffle Gift Box - 18Pc."
roycechocolate.myshopify.com,ROYCE' Chocolate,roycechocolate.com,dietary,chocolate_nutfree,2,0,13,true,11999,13999,,ROYCE' Premium Nama Chocolate Collection | ROYCE' Signature Nama Chocolate Collection
rztwwa-i1.myshopify.com,Hearthstone Café,hyun-22.myshopify.com,dietary,chocolate_nutfree,2,0,13,true,4792,4792,,"Vermont Nut Free Chocolates Hanukkah Grand Assortment – Kosher, Nut Free Gourmet Chocolate Gift Box with Truffles, Caramels, Buttercreams & More (4.5 oz) | Vermont Nut Free Chocolates Candy Cane Box of Truffles – Nut Free & Kosher Gourmet Chocolate Holiday Gift Box (8 Pieces, 5.25 oz)"
1acgbn-fw.myshopify.com,SophiasFavors,sophiasfavors.com,occasion,baby_shower,2,2,13,true,2000,2400,Quantity (2),Boho Wildflower Baby Shower Soap Favors Baby In Bloom Shower Decorations Daisy Flower Spring Garden Gift For Guests Bridal Shower Wedding | Wildflower Baby Shower Soap Favors Baby In Bloom Shower Decorations Daisy Flower Spring Garden Gift For Guests Bridal Shower Wedding Shower
magical-memories-collection.myshopify.com,Magical Memories Collection,www.magicalmemoriescollection.com,occasion,kids,2,0,13,true,999,1599,,"Hello Kitty Party Favor Bags 8 Pack – Multicolor Printed Pink Kraft Treat Bags for Kids Birthday, Baby Shower and Themed Parties | Spider-Man Plastic Tote Bag 13 x 11 Inch – Reusable Party Favor Bag for Kids, Gifts and Everyday Use"
kkwhc9-in.myshopify.com,Easy Mart10 ,easymart10.store,occasion,kids,2,0,13,true,3399,3999,,"Disney Lilo and Stitch Party Favor Bags Bundle – 12 Pack of 8 Inch Goodie Bags for Kids Bulk Reusable Mini Totes | Stitch Birthday Party Supplies for Boys, Girls | Winnie the Pooh Party Favor Bags for Kids Birthday 12 Pack Bundle"
8480a2-2.myshopify.com,Handpicked Gifts,www.handpickednc.com,occasion,corporate,2,0,13,true,6800,6800,Quantity (2),Chapel Hill NC Event Bag ($17/bag) | Charlotte NC Event Bag ($17/bag)
gift-box-fest.myshopify.com,Gift Fest & Co.,giftfestandco.com,occasion,corporate,2,2,13,true,4199,4499,Color of wording on mug &amp; notebook (1); Mug &amp; notebook color (1); Color of initials on notebook (1),Personalized Corporate Gift Box | Welcome to the Team Gift Box | Personalized Corporate Gift - Black | Thank You Gift
crave-franchising-hub-9nq0d.myshopify.com,Crave Cookies Franchising,crave-franchising-hub-9nq0d.myshopify.com,bulk,cookies_bulk,2,0,13,true,12300,30800,,Crave - Dozen Boxes | Crave - Single Boxes
jg4vyy-kb.myshopify.com,Spectrum of Sweets,spectrumofsweets.com,bulk,cookies_bulk,2,1,13,true,300,350,Size (1); Flavor (1),"Custom Printed Cookies — Bulk (Individually Wrapped) | Variety Pack — Drop Cookies (Bulk, Individually Wrapped)"
goodworks4god.myshopify.com,Good Works 4 GOD,www.goodworks4god.com,price,favors_under_10; favors_under_25,2,2,13,true,1,1,,Custom Theme chip Bags | Custom Theme chip Bags
gilberts-candy-confections.myshopify.com,Tethan's Candy & Confections,tethanscandy.com,price,favors_under_10; favors_under_25,2,0,13,true,5,5,,Frooties | Frooties
candy-wrapper-store.myshopify.com,Candy Wrapper Store,candywrapperstore.com,price,favors_under_25,2,2,13,true,17,17,Title (2),MINIBAG203 - Miniature Sweet Baby Girl Candy Bar Wrapper | Miniature Graduation Girl Silhouette Candy Wrapper
0x9vvj-qb.myshopify.com,Charlee's Treats,charleessweettreats.com,price,favors_under_25,2,0,13,true,15,20,Flavor (1),4D Mermaid Shells | Tootsie Roll Midgees
novelty-closeout.myshopify.com,Novelty Closeout,noveltycloseout.com,price,favors_under_25,2,0,13,true,20,20,,ITEM NUMBER 028946 Birthday Themed Party Cups BG = 12 PCS | ITEM NUMBER 028958 Black Paper Party Cups BG = 12 PCS
guild-of-the-iron-lion.myshopify.com,The Iron Lion,ironlioncollectibles.com,price,favors_under_25,2,0,13,true,22,22,Title (2),Eerie Procession [Champions of Kamigawa] | Not Forgotten [Shadows over Innistrad]
collectibles-and-games-nc.myshopify.com,Collectibles and Games,collectiblesandgames.com,price,favors_under_25,2,0,13,true,14,14,,Tavern Swindler | 79 | Return to Ravnica | Gravekeeper's Ambusher | SBLS-EN022
14be5a-96.myshopify.com,Savvy Savingss,savvysavingss.com,sentence,sentence_kids,2,2,13,true,200,200,How many? (2),Truck Theme Party Favors | You Got a Friend in me
nordic-trade-design.myshopify.com,SOCKERBIT,sockerbit.com,category,favors,1,0,13,true,700,700,Mix (1),Party Favor Swedish Candy Bag
ad4903-c2.myshopify.com,Maisonette,www.maisonette.com,category,favors,1,0,13,true,3200,3200,Color (1),Velvet Bow Surprise Balls
2sj189-iu.myshopify.com,Party Time Today,partytimetoday.com,category,favors,1,0,13,true,1275,1275,,"Batman Favor Pack, 48ct"
7epq0z-0c.myshopify.com,armniworks,armniworks.com,category,favors,1,1,13,true,15500,15500,,Kids Party Favor Bundle
shop-bellavita.myshopify.com,Bella Vita,bellavitahome.com,category,favors,1,0,13,true,1300,1300,,Unicorn Piñata Favor
d5ffd8-ca.myshopify.com,Romero,romerocookies.com,category,cookies,1,0,13,true,1200,1200,,COOKIE FAVORS
phkge6-ha.myshopify.com,Whimsy,whimsycookieco.com,category,cookies,1,0,13,true,6000,6000,,Heart Bites Cookie Favors
qihc60-rm.myshopify.com,Simply Sweets by Lauren,www.simplysweetsbylauren.com,category,cookies,1,1,13,true,7500,7500,,Cookie Favors
new-food-brand.myshopify.com,Veeha Foods,veehafoods.com,category,cookies,1,0,13,true,1979,1979,Pack size (1),Dohful Assorted Cookies
r0u31a-se.myshopify.com,Let’s Sprinkle by MG,letssprinklebymg.com,category,cookies,1,0,13,true,2999,2999,,Sprinkle Cookies - 12ct
tnt-sweets.myshopify.com,TNT Sweets,tntsweets.com,category,cookies,1,0,13,true,4000,4000,First flavor selection (1),The Petite | 10-Piece Cookie Favor Set
flower-hill-cookie-factory.myshopify.com,Flower Hill Cookie Factory,flowerhillcookiefactory.com,category,cookies,1,0,13,true,600,600,,Yellow Polka Dot Bikini Cookie Favor
almotti-gluten-free-bakery.myshopify.com,Almotti Gluten Free Italian Delicacies,almotti.com,category,cookies,1,1,13,true,3000,3000,Size (1),Personalized Almotti Favors - 6 pack
bc7b49-2.myshopify.com,Di Bruno Bros.,dibruno.com,category,dessert_box,1,0,13,true,5999,5999,Size (1),Dolce Di Bruno Gourmet Gift Box
kickass-earrings.myshopify.com,Giften Market,giftenmarket.com,category,dessert_box,1,0,13,true,8500,8500,,Sweets & Treats Share Box
pretzels-shop.myshopify.com,Pretzels.com,www.pretzels.com,category,dessert_box,1,0,13,true,4200,4200,,Sweet Tooth Collection Gift Box
usabaskets.myshopify.com,America Baskets,basketsus.com,category,dessert_box,1,0,13,true,6399,6399,,Birthday Bash Dessert Box
1affb8-3.myshopify.com,Manhattan Fruitier,www.manhattanfruitier.com,category,dessert_box,1,0,13,true,6000,6000,,Five Sweets Box
lets-get-baked-artisan-desserts.myshopify.com,Let's Get Baked Artisan Desserts,www.letsgetbakedartisandesserts.com,category,dessert_box,1,0,13,true,3500,3500,,Dessert Bar Gift Box
virginia-dare-dress-co.myshopify.com,Dare Gift Boxes,daregiftboxes.com,category,dessert_box,1,1,13,true,10495,10495,Topping choice (1),The Brownie Sundae
feed-your-soul-bakery.myshopify.com,Feed Your Soul ,feed-your-soul-bakery.myshopify.com,category,dessert_box,1,0,13,true,5995,5995,,You Make Life Sweet Dessert Gift Box (24 count)
b22fa9-cf.myshopify.com,A Taste of Kentucky,atasteofkentucky.com,category,dessert_box,1,0,13,true,6250,6250,,Sweet Sampler Gift Box
kosherline.myshopify.com,Kosherline,kosherline.com,category,dessert_box,1,1,13,true,6595,6595,,Designer Bakery Keepsake Wooden Gift Box
mignardises.myshopify.com,Layla's Delicacies,www.laylasdelicacies.com,category,dessert_box,1,0,13,true,7400,7400,,"Appreciation Gift Box, 23 pc."
983d81-48.myshopify.com,Baked Creations by Crystal Nicole,bcbcnfl.com,category,dessert_box,1,0,13,true,3800,3800,,Deal💰: Sweet Tooth Box
j1mtiw-1t.myshopify.com,Fresh Kart USA,www.freshkartusa.com,category,dessert_box,1,0,13,true,7724,7724,,Sweet Celebrations Box
backhouse-fragrances.myshopify.com,backhouse fragrances,backhousefragrances.com,category,candles,1,1,13,true,1600,1600,,Custom Mini Wedding Candle Favors | Personalized Hand-Poured Gifts
bjgv86-s0.myshopify.com,Sparksandmore,sparksandmore.com,category,candles,1,1,13,true,1350,1350,Scent (1); Jar color (1),"Thank You Candle Gift Box with Matches | Personalized Soy Wax Candle | Appreciation Gift for Teacher, Friend, Colleague, Wedding Favors"
bx1tbm-f7.myshopify.com,BeautyyBuddy,beautyybuddy.com,category,candles,1,1,13,true,9995,9995,,Personalized Soy Wax Candle Favors - Dried Flowers | White Tin Guest Gifts for Weddings & Showers (10-200 Count)
soy-into-you-candle-co.myshopify.com,Soy Into You ,soyintoyou.com,category,candles,1,1,13,true,15600,15600,Scent (1); Wick style (1),"Custom Favors | Bridal, Wedding, Baby Shower, Party, Ect."
cmagxf-he.myshopify.com,RENAVE Co.,renaveco.com,category,candles,1,1,13,true,14400,14400,Scent (1); Quantity (1),4 oz Glass Candle Favors (12 or 24 Pack) – Double Wick Personalized Candles
forever-wedding-favors.myshopify.com,Forever Wedding Favors,www.foreverweddingfavors.com,category,candles,1,0,13,true,650,650,,Greenery Wreath Candle Favor
1uhjt0-d8.myshopify.com,Craft Me A Candle Co LLC,craftmeacandle.com,category,candles,1,1,13,true,6799,6799,Scent (1); Color (1),Customized Tin Candle - Scented Soy Wax Favors for Wedding - Wedding Favors - Bulk for Guests Candle Favors - Personalized Wedding Favors
faststickersus.myshopify.com,CustomStickers.com,customstickers.com,category,stickers,1,1,13,true,1099,1099,Sticker finish (1); Quantity (1); Size (1),Custom Sticker Sheets
rifle-paper.myshopify.com,Rifle Paper Co.,riflepaperco.com,category,stickers,1,0,13,true,800,800,,Planner Sticker Set
clothandpaperco.myshopify.com,CLOTH & PAPER,www.clothandpaper.com,category,stickers,1,0,13,true,800,800,Color (1),Raised Sticker Set
thrill-seekers-collection-2019.myshopify.com,Thrill Seekers,thrillseekers.com,category,stickers,1,1,13,true,700,700,,Classic Sticker Sheet
tuner-cult.myshopify.com,Tuner Cult,checkout.tunercult.com,category,stickers,1,0,13,true,2500,2500,Quantity (1),GODZILLA STICKER SHEET
fasthousedev.myshopify.com,Fasthouse,www.fasthouse.com,category,stickers,1,1,13,true,1600,1600,,Fasthouse Sticker Sheet
gossamer-gear.myshopify.com,Gossamer Gear,www.gossamergear.com,category,stickers,1,1,13,true,300,300,,Sticker Sheet
project-maverick.myshopify.com,BRUNT Workwear,bruntworkwear.com,category,stickers,1,0,13,true,299,299,,Sticker Sheet
mahoukarp.myshopify.com,Mahoukarp ,mahoukarp.com,category,stickers,1,0,13,true,800,800,Design (1),[New] Deco Sticker Sheet
theramenbae.myshopify.com,The Ramen Bae,theramenbae.com,category,stickers,1,0,13,true,799,799,,Ultimate Sticker Sheet
sugarbones.myshopify.com,Sugarbones,sugarbones.net,category,stickers,1,0,13,true,1100,1100,Design (1),Hollanov | Sticker Sheets
22d753-6d.myshopify.com,Mathews Archery,mathewsinc.com,category,stickers,1,1,13,true,999,999,,Stockpile Sticker Sheet 2.0
aam4cs-g1.myshopify.com,Peko Puff,pekopuff.store,category,stickers,1,0,13,true,700,700,,Green Onion Sticker Sheet
23837f-5a.myshopify.com,REN-O-GRAPHICS,renographics.shop,category,stickers,1,0,13,true,600,600,,TINY STICKER SHEET
loppy-rae.myshopify.com,LoppyRae,shop.loppyrae.com,category,stickers,1,0,13,true,1000,1000,,"""Little Adventurer” Sticker Sheet"
boston-general-store.myshopify.com,Boston General Store,www.bostongeneralstore.com,category,stickers,1,0,13,true,700,700,Style (1),Aiko Fukawa Sticker Set
stickerbros-com.myshopify.com,StickerBros ,www.stickerbros.com,category,stickers,1,1,13,true,10290,10290,,Sticker Sheets
strike-gently-co.myshopify.com,Strike Gently,www.strikegently.co,category,stickers,1,0,13,true,500,500,,Good Girl Sticker Sheet
postix-sticker-club.myshopify.com,Moonbow Creative Co.,moonbowcreative.com,category,stickers,1,0,13,true,395,395,,Summer Seashell Sticker Sheet
sullenclothing.myshopify.com,Sullen,sullenclothing.com,category,stickers,1,1,13,true,995,995,Color (1); Size (1),Sullen Logo Sticker Sheet
pibyhr-jy.myshopify.com,Feel Good Stickers,feelgoodstickers.com,category,stickers,1,1,13,true,1300,1300,Lamination option (1); Sizes (1); Pack size (1),Premium Vinyl Sticker Sheets On Sale
inner-peachy.myshopify.com,Inner Peach Design,innerpeach.co,category,stickers,1,0,13,true,1000,1000,,Sketchbook Sticker Sheet
sterling-ink.myshopify.com,STERLING INK,sterling-ink.com,category,stickers,1,0,13,true,400,400,,Monthly Tab Sticker Sheet
emilylex.myshopify.com,emily lex studio,shop.emilylex.com,category,stickers,1,0,13,true,800,800,,autumn sticker sheets
nbcuniversal.myshopify.com,NBCUniversal Shop,www.nbcstore.com,category,stickers,1,1,13,true,995,995,,Obsession Nikki Sticker Sheet
junbi-la.myshopify.com,Junbi,junbi-la.myshopify.com,category,stickers,1,0,13,true,800,800,,Peanuts Sticker Sheet
p3wdby-g5.myshopify.com,Maura K Spain,maurakspain.com,category,stickers,1,0,13,true,1100,1100,,STICKER SHEET: A Savory Summer Evening
needlejuice.myshopify.com,Needlejuice Records,needlejuicerecords.com,category,stickers,1,0,13,true,800,800,,Friday Night Funkin' Loading Sticker Sheet Set
paynes-gray.myshopify.com,Paynes Gray,www.paynesgray.com,category,coasters,1,0,13,true,8500,8500,,Jonathan Adler Playa Coaster Set of 4
enrforce.myshopify.com,ENRFORCE,enrforce.com,category,coasters,1,0,13,true,3500,3500,Wood type (1),Coaster Set
millwoodart.myshopify.com,Mill Wood Art,millwoodart.com,category,coasters,1,0,13,true,2995,2995,Title (1),Hey Y'all Drink Coaster Set
personalizedpubsigns.myshopify.com,Groovy Guy Gifts,www.groovyguygifts.com,category,coasters,1,0,13,true,3499,3499,Design options (1),Stone Cold Coasters
averylanegifts.myshopify.com,Avery Lane Gifts,www.averylanegifts.com,category,coasters,1,0,13,true,350,350,,Wooden Spoon Survivor Stone Coaster
sabavihome-com.myshopify.com,Sabavi® Home,www.sabavihome.com,category,coasters,1,0,13,true,6800,6800,Color (1),"Bodrum Linens Skate Coasters, Set of 4"
karens-world-art.myshopify.com,Lincoln City Gifts,lincolncitygifts.com,category,coasters,1,0,13,true,3500,3500,,Coasters - 4.5″ x 4.5″ Navy White Metallic Ceramic Resin
the-neighborgoods.myshopify.com,The Neighborgoods,theneighborgoods.com,category,coasters,1,0,13,true,2800,2800,,"Homegrown Herbs Coasters, Set of 4"
4uivy0-n3.myshopify.com,BeeRusty,www.beerusty.com,category,coasters,1,0,13,true,3500,3500,,Snail Magnetic Wooden Coasters with Holder - Set of 6
the-james-trading-group.myshopify.com,The James Trading Group,thejtg.com,category,coasters,1,0,13,true,1595,1595,,Guinness Archive Label - 4Pk Ceramic Coasters
dinosaur-designs-studio-us.myshopify.com,Dinosaur Designs US,www.dinosaurdesigns.com,category,coasters,1,0,13,true,4500,4500,Colour (1),Boulder Coaster
kitross-los-angeles.myshopify.com,Kitson LA,www.kitsonlosangeles.com,category,coasters,1,0,13,true,8500,8500,Style (1),FULL DOSE COASTERS
holtzleather.myshopify.com,Holtz Leather,www.holtzleather.com,category,coasters,1,1,13,true,4900,4900,Color (1),The Farm House Circle Personalized Fine Leather Coaster Set of 4 Coasters
0wjec4-et.myshopify.com,Organhome,organhome.com,category,coasters,1,0,13,false,3599,3599,,"Wood Coasters Set of 4 with Holder, 4 Inch 100% Natural Walnut Wooden Drink Coasters for Housewarming Gifts New Home, Gifts, Wedding, Coffee Table, Office, Home Decor, Bar, Christmas"
boutique-lulubelles.myshopify.com,Lulubelles Boutique,lulubelles.com,category,coasters,1,0,13,true,2800,2800,,Believe in Your(Shelf) Coasters
ce861d-d4.myshopify.com,Ama La Vita,shopamalavita.com,category,coasters,1,0,13,true,1800,1800,Option (1),Snarky Orange Coaster // Tart By Taylor
elizabeth-lamont.myshopify.com,Elizabeth Lamont,elizabethlamont.com,category,coasters,1,0,13,true,10000,10000,Color (1); Quantity (1),Palisade Coaster
addisonrossusa.myshopify.com,Addison Ross Ltd USA,usa.addisonross.com,category,coasters,1,0,13,true,10800,10800,Color (1),Cappuccino Coasters – Set of 4
tart-by-taylor-wholesale.myshopify.com,Tart By Taylor Wholesale,www.tartbytaylorwholesale.com,category,coasters,1,0,13,true,850,850,,Classic Pill Coaster
e9c22f-3.myshopify.com,Barnes & Noble,shop.barnesandnoble.com,category,coasters,1,0,13,true,2999,2999,,Acrylic Scalloped Coaster Set
ivy-and-stone.myshopify.com,Ivy & Stone,ivyandstonehome.com,category,coasters,1,0,13,true,2900,2900,,Scalloped Marble Coasters Set
paper-anchor-co.myshopify.com,Paper Anchor Co.,paper-anchor.com,category,coasters,1,0,13,true,1800,1800,,Vibrant Rosa Gold Drink Coasters
ctsaltbox.myshopify.com,Anastasio Home,anastasiohome.com,category,coasters,1,0,13,true,14500,14500,Stone (1),Box Coaster Set
therapy-an-auburn-boutique.myshopify.com,Therapy Boutique,www.shoptherapyauburn.com,category,coasters,1,0,13,true,2600,2600,Style (1); Color (1),Lemon Beaded Coasters
quintessentials-shop.myshopify.com,Quintessentials,shopquintessentials.com,category,coasters,1,0,13,true,6000,6000,Color (1),Chinese Bouquet Coaster
tarawilsondesigns.myshopify.com,Tara Wilson Designs,tarawilsondesigns.com,category,coasters,1,0,13,true,10000,10000,,Blue Toile Acrylic Scallop Drink Coasters
aviator-nation.myshopify.com,Aviator Nation,www.aviatornation.com,category,totes,1,0,13,true,2800,2800,Size (1),CANVAS LOGO TOTE BAG
e47cb7-82.myshopify.com,Sew Charming Design Co,www.sewcharmingdesignco.com,category,totes,1,0,13,true,4500,4500,Large quilted tote bag (1),Charming Quilted Tote Bag
nailsbestbuy.myshopify.com,iNAIL SUPPLY,nailsbestbuy.com,category,totes,1,0,13,true,9000,9000,Color (1),OPI Tote Gift Bag
spwxti-kd.myshopify.com,Amber Marie and Company,ambermarieandcompany.com,category,totes,1,0,13,true,12800,12800,,Brighton Striped Love Clear Vinyl Tote Gift with Purchase
passionatepennypincher.myshopify.com,Passionate Penny Pincher,shop.passionatepennypincher.com,category,totes,1,0,13,true,1900,1900,Color (1),Canvas Tote Bag
frances-valentine.myshopify.com,Frances Valentine,francesvalentine.com,category,totes,1,0,13,true,4800,4800,Color (1),Canvas Heart Easy Tote
j03b0x-tm.myshopify.com,Sea Bags,seabags.com,category,totes,1,0,13,true,13125,13125,,Love Notes Medium Tote
the-maryland-store-online.myshopify.com,The Maryland Store,themarylandstore.com,category,totes,1,0,13,true,1495,1495,,Scout Maryland Toile Small Gift Tote Bag
piyama-usa.myshopify.com,Piyama USD,www.piyama.com,category,totes,1,0,13,true,350,350,,Embroidered Cotton Tote
mpr-apmg.myshopify.com,Public Media Market,www.publicmediamarket.org,category,totes,1,0,13,true,3000,3000,,Beyg Tote Bag
imaginaryauthors.myshopify.com,Imaginary Authors,imaginaryauthors.com,category,totes,1,0,13,true,4000,4000,,HOW TO SAY BICYCLE IN FRENCH TOTE BAG
mjgbr8-4v.myshopify.com,Gabby and Threads,gabbyandthreads.com,category,totes,1,1,13,true,4500,4500,Tote bag color (1),Barre Girl Tote Bag
e4d148.myshopify.com,Palomas Gifts,www.palomasgifts.com,category,totes,1,0,13,true,3500,3500,Bag design (1),Sailcloth Tote Bag
vickiesgifts.myshopify.com,Vickie's Gifts,www.vickiesgifts.net,category,totes,1,0,13,true,2400,2400,,Polka Dot Tote Bag
givenkind-donation-catalog.myshopify.com,GiveNKind,givenkind-donation-catalog.myshopify.com,category,totes,1,0,13,true,50,50,,"Jute Tote Bag / Gift Basket / Hanging Basket, IKEA Tolkning"
f5a0e5-3.myshopify.com,Onic Brands LLC,www.onicbrands.com,category,totes,1,0,13,true,4999,4999,,"Shiraleah ""VERY MERRY"" GIFTING TOTE, RED"
77xwkd-xx.myshopify.com,Sew Brooklynn,sewbrooklynn.com,category,totes,1,1,13,true,3500,3500,Bag color (1),"Custom Phrase/Name Embroidered Tote Bag, Canvas Grocery Bag, Bridesmaid Gifts, Holiday Teen Gift, Sister Gift, Christmas Gift, Personalized"
dandy-lions-maryville.myshopify.com,Dandy Lions Gifts,shop.dandylionsgifts.com,category,totes,1,0,13,true,3500,3500,Syle (1),Quilted Tote Bag
1f5wn2-sy.myshopify.com,PawPowPet,pawpowpet.com,category,totes,1,1,13,true,2395,2395,,"Personalized Birth Flower Tote Bag, Custom Name Corduroy Handbag with Mother of Pearl Floral Design, Birthday Gift for Women Mom"
sisters-flowers-and-gifts.myshopify.com,Sisters Flowers and Gifts,www.sistersharrison.com,category,totes,1,0,13,true,7000,7000,Color (1),"Large Classic Tote, Assorted Colors"
clearly-yours-gifts.myshopify.com,Clearly Yours Gifts,clearlyyoursgifts.com,category,totes,1,0,13,true,10200,10200,Color (1),Ezra Tote
newstatebags.myshopify.com,STATE Bags,statebags.com,category,totes,1,0,13,true,12800,12800,Color (1),Graham Tote
10701a-4.myshopify.com,Pawesome House,pawesomehouse.com,category,totes,1,1,13,true,3499,3499,Color (1),"Personalized Birth Flower Tote Bag – Custom Name Gift for Friends, Daughter & Granddaughter"
wdp-us.myshopify.com,Wander Prints,wanderprints.com,category,totes,1,1,13,true,3595,3595,Size (1),Birth Month Flowers Bloom Where You're Planted Women - Personalized Canvas Tote Bag
i9uk0c-ia.myshopify.com,The Embroider Spot,theembroiderspot.com,category,totes,1,0,13,true,3200,3200,,"Bluebonnet Quilted Tote Bag, Blue Flower Quilted Tote Bag, Fabric Quilted Bag, Women Tote Bag Gift QTOTE04"
2ad980-2.myshopify.com,Pavilion - Retail,paviliongift.com,category,totes,1,0,13,true,4200,4200,,Lake Corduroy Tote Bag
mpicgt-t3.myshopify.com,Blindly,blindlybooks.com,category,totes,1,0,13,true,2000,2000,,Book Club Member Tote Bag
peculiar-7634.myshopify.com,Peculiar,peculiar-7634.myshopify.com,personalization,favors_personalized,1,1,13,true,3000,3000,Size (1),CUSTOM PARTY FAVORS
e13812-2.myshopify.com,"Midtown POP – Gourmet Popcorn in Wilmington, NC",midtownpop.com,personalization,favors_personalized,1,1,13,true,213,213,,Mini Bag Custom Party  🥳 Favors (2 Cups) Gourmet Popcorn
bigdotofhappiness.myshopify.com,Big Dot of Happiness LLC,www.bigdotofhappiness.com,personalization,favors_personalized,1,1,13,true,1499,1499,,Custom Photo Party Time Fun Face Cut-Out Stickers - Set of 24
2489c4.myshopify.com,The Party Crafter ,thepartycrafter.com,personalization,favors_personalized,1,1,13,true,16000,16000,Favor box style (set of 12) (1),"Set of 12 Custom-Made Candy Bar Favors – Physical, Personalized (Purse, Wallet & Mini Wallet)"
chacin-fyre-designs.myshopify.com,Chacin Fyre,chacinfyre.com,personalization,favors_personalized,1,1,13,true,3000,3000,Snack (1); Finish (1),Custom Pyramid Favors
aqztn6-ex.myshopify.com,Extravagant Customs ,everythingextravagant.com,personalization,favors_personalized,1,1,13,true,8000,8000,Packages (1),Custom Kids Party Favors
creative-hands-printing-services-llc-dba-beyond-the-decor.myshopify.com,"Creative Hands Printing Services, LLC. DBA Beyond the Décor ",creative-hands-printing-services-llc-dba-beyond-the-decor.myshopify.com,personalization,favors_personalized,1,1,13,true,5000,5000,Pick (1),Custom Party Décor & Personalized Party Favors
d8fcee-8b.myshopify.com,CraftyourWayy,craftyourwayy.shop,personalization,favors_personalized,1,1,13,true,1999,1999,Case pack (1),"Gummy bears Haribo Party Favors Bundle of Personalized Snack Gummies Kids Party favor, Tabletop decoration, Custom w/ name"
dyksth-ja.myshopify.com,FAVOR'D,favordshop.com,personalization,favors_personalized,1,1,13,true,350,350,Backing (1),Photo Buttons
sweetcardstore.myshopify.com,sweetcardstore,sweetcardstore.com,personalization,favors_personalized,1,1,13,true,1500,1500,Select your option (1),"CUSTOM DIGITAL FAVORS - Custom Printable Party favors, Personalized party favor wrappers and labels, Any theme favors, Made to Order"
divine-beauty-galore-and-more.myshopify.com,Divine Beauty Galore and More,www.db-galore.com,personalization,favors_personalized,1,1,13,true,5500,5500,# of favors (1),Party Pop Pack™ – Custom Party Favors
ys5wur-wu.myshopify.com,TW Bespoke Design,twbespokedesigns.com,personalization,favors_personalized,1,1,13,true,15000,15000,Options  (1),Custom Party Favor Packages | Personalized Favors for Any Event – TW Bespoke Design
y12bit-ht.myshopify.com,The Crafty Shaw,thecraftyshaw.com,personalization,favors_personalized,1,1,13,true,12000,12000,Theme (1),🎉 Personalized Party Favor Bundles.🎉
66c071-6b.myshopify.com,Starr's Party Designs,www.starrspartydesigns.com,personalization,favors_personalized,1,1,13,true,48500,48500,Custom party design 5 (1),CUSTOM PARTY DESIGN 5
8vjime-au.myshopify.com,Simply Simone,simplysimonescreations.com,personalization,favors_personalized,1,1,13,true,7500,7500,Pick one (1),Starter Custom Party Favor Package | Choose 1 Dozen
7wdxaz-hd.myshopify.com,The Favored Atelier,thefavoredatelier.com,personalization,favors_personalized,1,1,13,true,9600,9600,,Custom Party Paint Sets — Set of 12
aqk1k1-1g.myshopify.com,Sarah's Specialty Crafts LLC,sarahscraftsco.com,personalization,favors_personalized,1,1,13,true,3500,3500,Party favors (1),"Custom party favors for 6 guests, 4 full size favors in each pack!"
s8kygg-6z.myshopify.com,ATCustomCreations,atcustomcreation.myshopify.com,personalization,favors_personalized,1,0,13,true,3000,3000,Theme (1),Grad Snack Boxes
big-picture-farm.myshopify.com,Big Picture Farm,bigpicturefarm.com,personalization,favors_personalized,1,1,13,true,700,700,Color (1),two piece party favor
priority-arts-custom-party-favors-gifts.myshopify.com,Priority Arts,priorityarts.com,personalization,favors_personalized,1,1,13,true,21250,21250,Select your package (1),CUSTOM ADULT PARTY FAVORS
carolina-can-coolers.myshopify.com,Carolina Can Coolers,www.carolinacancoolers.com,personalization,favors_personalized,1,1,13,true,750,750,Style (1),Personalized Circle Stickers – Your Guest of Honor's Face and Custom Text!
0f615d-2.myshopify.com,OC Gifts Crafts,ocgiftscrafts.com,personalization,favors_personalized,1,1,13,true,5999,5999,Quantity (1); Chocolate and bow color (1),Chocolate Covered Marshmallow Favors
e1a8t2-w1.myshopify.com,Love Moore Cookies,lovemoorecookies.com,personalization,cookies_custom,1,1,13,true,3500,3500,,One Dozen Custom Cookies (You Pick the Theme)
elenis-cookies-new-york.myshopify.com,Eleni's New York,elenis.com,personalization,cookies_custom,1,1,13,true,600,600,Cookie shape (1),Custom Photo Cookie - Personalized Printed Sugar Cookie
d0096f-3.myshopify.com,Custom Gourmet Cookies,customgourmetcookies.com,personalization,cookies_custom,1,1,13,true,299,299,Step 2 - select your cookie flavor (1); Step 1 - select your cookie size (1),"Custom ""Add Your Own Logo"" - Gourmet Cookie w/ Full Color Personalized sticker"
gq5fer-vv.myshopify.com,South Bay Cookies,southbaycookies.com,personalization,cookies_custom,1,1,13,true,6000,6000,Classic sugar (1); Size (1),Custom Dozen
taylor-chip.myshopify.com,Taylor Chip,taylorchip.com,personalization,cookies_custom,1,1,13,true,6894,6894,Special cookie price (1); Size (1),Choose Your Own Cookies
pnw-cookie-co.myshopify.com,Pacific Northwest Cookie Company ,pnwcookies.com,personalization,cookies_custom,1,1,13,true,2795,2795,,Build Your Own Cookie Box of 6
fd61b6-5c.myshopify.com,Kenworthy Cookies,kenworthycookies.com,personalization,cookies_custom,1,1,13,true,6600,6600,Packaging (1),Classic Custom
cupcake-market-nyc.myshopify.com,Funny Face Bakery,funnyfacebakery.com,personalization,cookies_custom,1,1,13,true,1700,1700,,Custom Fully Printed Cookies
irolcookies.myshopify.com,irolcookies,irolcookies.com,personalization,cookies_custom,1,1,13,true,6200,6200,,Custom Cookies by the Dozen
the-sugar-coated-sisters.myshopify.com,The Sugar Coated Sisters,thesugarcoatedsisters.com,personalization,cookies_custom,1,1,13,true,4500,4500,Quantity (1),Custom Cookies - Sugar Coated Sisters
merry-go-sweets.myshopify.com,Merry Go Sweets,merrygosweets.com,personalization,cookies_custom,1,1,13,true,5100,5100,number of cookies (1),Custom Corporate Logo Cookies
giftstoengrave.myshopify.com,Gifts To Engrave,giftstoengrave.com,personalization,coasters_engraved,1,1,13,true,3500,3500,Quantity (1),Personalized Marble Wood Coasters
mcevers-awards.myshopify.com,"McEver's Awards, Engraving & Gifts",www.mcevers.org,personalization,coasters_engraved,1,1,13,true,2200,2200,Color (1),Personalized Leatherette Coaster Set
26cf6f.myshopify.com,Webb's Engravings,webbsengravings.com,personalization,coasters_engraved,1,1,13,true,2500,2500,Coaster set (1),Custom Engraved Coaster | Personalized Wood & Slate Coaster Set
get-gifty-with-it.myshopify.com,Savannah Laser Company,savannahlasercompany.com,personalization,coasters_engraved,1,1,13,true,1500,1500,,Custom | Photo Coasters on Slate (Stone)
threedesigningwomen.myshopify.com,"Three Designing Women, LLC",orders.threedesigningwomen.com,personalization,coasters_engraved,1,1,13,true,2300,2300,Color (1); Design (1),Engraved Square Custom Coaster Set
pxytest.myshopify.com,Punxsutawney Groundhog Club,shop.groundhog.org,personalization,coasters_engraved,1,1,13,true,750,750,,Punxsutawney Phil Engraved Slate Coasters
paper-affair-dallas.myshopify.com,PAPER AFFAIR DALLAS,paperaffairdallas.com,personalization,coasters_engraved,1,1,13,true,3999,3999,,Engraved Square Acrylic Coasters (Set of 4)
engrave-me-this.myshopify.com,ENGRAVEMETHIS,engrave-me-this.myshopify.com,personalization,coasters_engraved,1,1,13,false,2079,2079,,Copper Accent Acacia Coaster Set
woodartsupply.myshopify.com,WoodArtSupply,woodartsupply.com,personalization,coasters_engraved,1,1,13,true,1199,1199,,"Personalized Coasters, Wedding Gift for couple, Custom Anniversary Gifts, Custom Bar Coasters for Drinks with Monogram Engraved, Great Newlywed"
1e9e7a-4.myshopify.com,Wild Wood Sign Shop,wildwoodsignshop.com,personalization,coasters_engraved,1,1,13,true,2000,2000,,Monogram Personalized Laser Engraved 4 Pack Wood Coasters | Wedding Anniversary Gift Custom Coasters
hs9cq0-cx.myshopify.com,A&M Freestyle Designs,amfreestyledesigns.com,personalization,coasters_engraved,1,1,13,true,2999,2999,Style (1),Custom Engraved Slate Coaster Set
1d9nky-gh.myshopify.com,DeepWoods Consolidated LLC,deepwoodsconsolidated.com,personalization,coasters_engraved,1,1,13,true,4500,4500,,Travertine Texas Engraved Stone Coaster Set of 4
e6777b-7d.myshopify.com,The Engrave 90c,e6777b-7d.myshopify.com,personalization,coasters_engraved,1,1,404,true,3000,3000,,"Personalized Coaster Set, any name , text or symbol"
adirondack-etching-4209.myshopify.com,Adirondack Etching,adirondacketching.com,personalization,coasters_engraved,1,1,13,true,899,899,,Entering the ADK Sign 4 Inch Square Engraved Stone Coaster
enchanted-memories-custom-engraving-unique-gifts.myshopify.com,"Enchanted Memories, Custom Engraving & Unique Gifts",enchantedmemoriesbranson.com,personalization,coasters_engraved,1,1,13,true,6997,6997,,Engraved Marble Coasters Set and Caddy
s14vrk-sf.myshopify.com,JC Saw and Stitch,jcsawandstitch.com,personalization,coasters_engraved,1,1,13,true,500,500,Images (1),Engraved Hardwood Drink Coasters with Cork Base
f5dba7-aa.myshopify.com,The Creative Nook,thecreativenookmke.com,personalization,coasters_engraved,1,1,13,true,400,400,,Custom Engraved Leatherette Coasters | Premium Branded Coasters for Corporate Gifts & Events
c965f3-7a.myshopify.com,My Store,rachiba.com,personalization,coasters_engraved,1,1,13,true,890,890,Primary color (1); Quantity (1),"Custom Coasters, Leather Coasters, Engraved Coasters, Drink Coasters, Leather Coaster Set, Monogram Coasters, Wedding Coasters, Set of 4"
cb1d9b-a4.myshopify.com,Wendell August Forge,www.wendellaugust.com,personalization,coasters_engraved,1,1,13,true,2000,2000,,Personalized Pub Coaster
nonaengraving.myshopify.com,Nona Engraving,nonaengraving.com,personalization,coasters_engraved,1,1,13,true,2899,2899,Color (1),Personalized Round Leather Coaster with Holder (Set of 6)
a8f04c.myshopify.com,Station 2 Custom Creations,www.station2customcreations.com,personalization,coasters_engraved,1,1,13,true,499,499,Color (1),"Custom Engraved 4"" x 4"" Leatherette Coaster"
wauqak-0m.myshopify.com,LoCo Engravings,loco-engravings.myshopify.com,personalization,coasters_engraved,1,1,13,true,2500,2500,,Dark Academia Raven Coaster | Set of 4 Laser Engraved Wooden Coasters & Gothic Library Wall Art | Book Lover Gift
the-phillips-forest-store.myshopify.com,The Forest Store,store.phillipsforestproducts.com,personalization,coasters_engraved,1,1,13,true,700,700,,Munsell Made - Engraved Wood Bear Coaster
7dfc75.myshopify.com,Seeds & Sawdust,seedsandsawdust.com,personalization,coasters_engraved,1,1,13,true,1895,1895,Style (1),Custom City & Zip Slate Coaster Set – Laser Engraved | Set of 4 Square Coasters
shopwss.myshopify.com,ShopWSS,www.shopwss.com,personalization,totes_monogram,1,1,13,true,5997,5997,Color (1); Size (1),Monogram Tote Bag
pbsy9g-wh.myshopify.com,Plakason,plakason.com,personalization,totes_monogram,1,1,13,true,15000,15000,Color (1),Classic Monogram Tote Bag
dp6pgb-rn.myshopify.com,Lume Signature Global,www.lumesignaturefr.com,personalization,totes_monogram,1,1,13,false,8591,8591,Color (1),Monogram Tote Bag
alex-mill.myshopify.com,Alex Mill,www.alexmill.com,personalization,totes_monogram,1,1,13,true,17500,17500,Color (1); Size (1),The Perfect Weekday Tote
9e55cc-2.myshopify.com,Told Ya Sew,toldyasew.com,personalization,totes_monogram,1,1,13,true,5500,5500,Strap color (1),Custom Embroidered Monogrammed Premium Canvas Tote Bag
frsit2-xm.myshopify.com,VeraVive,veravive.us,personalization,totes_monogram,1,1,13,true,29000,29000,,GG Emblem Maxi Tote Bag Beige Brown Monogram Coated Fabric
bailey-9907.myshopify.com,KenzKustomz,kenzkustomz.com,personalization,totes_monogram,1,1,13,true,6400,6400,Color (1),Quilted Block-Print Tote Bag
the-monogram-corner-shop.myshopify.com,The Monogram Corner,themonogramcorner.com,personalization,totes_monogram,1,1,13,true,12500,12500,Tote color (1),The Elizabeth Tote
monogram-goods.myshopify.com,Monogram Goods,monogramgoods.com,personalization,totes_monogram,1,0,13,true,12500,12500,,Advantage Tote
lakeside-asc.myshopify.com,The Lakeside Collection,www.lakeside.com,personalization,totes_monogram,1,1,13,true,999,999,Pattern (1),Women's Monogram Tote Bag
trendlee.myshopify.com,Rebag,shop.rebag.com,personalization,totes_monogram,1,1,13,true,218000,218000,Color (1); Default title (1),Neverfull NM Tote Monogram Canvas MM
discountwidgets.myshopify.com,ShopCGX,shopcgx.com,personalization,totes_monogram,1,1,13,true,165000,165000,,Louis Vuitton Monogram Totally PM Tote Handbag
qgxhnx-n8.myshopify.com,HYPE DEAL CLUB,hypedealclub.us,personalization,totes_monogram,1,1,13,true,85000,85000,,Monogram Multicolor Speedy 30 Black
kithnyc.myshopify.com,Kith,kith.com,personalization,totes_monogram,1,1,13,true,18000,18000,Color (1); Size (1),Kith Monogram Canvas Tote Bag - Lake
ihysqb-jm.myshopify.com,Lume Signature USA2,lumesignaturestore.com,personalization,totes_monogram,1,1,13,false,11990,11990,Color (1),Monogram Tote Bag
alyssascookies.myshopify.com,Alyssa's Cookies,alyssascookies.com,dietary,cookies_vegan,1,0,13,true,2295,2295,Package (1),Healthy Vegan Bites Bundle 4-Pack
wevegan-eats.myshopify.com,WeVegan Eats,weveganeats.com,dietary,cookies_vegan,1,0,13,true,2900,2900,,August Munchies Sampler Box
whisked-test.myshopify.com,Whisked by Jenna,whiskeddc.com,dietary,cookies_vegan,1,0,13,true,1895,1895,Size (1),Vegan Cranberry Orange Cookie
gift-baskets-by-design-sb.myshopify.com,"Gift Baskets By Design SB, Inc.",www.gbydesignsb.com,dietary,cookies_vegan,1,0,13,true,8995,8995,Flavor (1),Healthy Vegan Cookies ** 4 -options
thehungrygnomeny.myshopify.com,The Hungry Gnome,thehungrygnomeny.com,dietary,cookies_vegan,1,0,13,true,2400,2400,,Vegan Cookie Butter Chip Cookies (6 Cookies)
sans-bakery-6401.myshopify.com,Sans Bakery,sansbakery-nyc.com,dietary,cookies_vegan,1,0,13,true,1800,1800,Pack (1),Vegan Confetti Cookies
fresh-beauty-co-usa.myshopify.com,Fresh Beauty Co. USA,thefreshbeautyco.com,dietary,cookies_vegan,1,0,13,true,8480,8480,,Crumble Charms Hazelnut Haze Love Wheel 8x55g
test-store-for-maya.myshopify.com,Maya's Cookies,www.mayascookies.com,dietary,cookies_vegan,1,0,13,true,6500,6500,Gift bundles (1),Special Occasion Gift Bundle
the-naughty-cookie.myshopify.com,Naughty Cookie,www.thenaughtycookie.com,dietary,cookies_vegan,1,0,13,true,3900,3900,# of cookies (1),Ooey Gooey S'mores (6 cookies)
skout-development.myshopify.com,Skout Organic,www.skoutorganic.com,dietary,cookies_vegan,1,0,13,true,2199,2199,Pack size (1),Skout Organic Soft Baked Cookie Variety Pack
butterflake.myshopify.com,ButterFlake,shopbutterflake.com,dietary,cookies_vegan,1,0,13,true,6295,6295,Size (1),Vegan Cookie Platter
eban-s-bakehouse.myshopify.com,Eban’s Bakehouse,ebansbakehouse.com,dietary,cookies_gf,1,0,13,true,3175,3175,,Gluten Free Cookie Variety Pack - 15 pack
saltysweet.myshopify.com,Eat Salty Sweet®,eatsaltysweet.com,dietary,cookies_gf,1,0,13,true,4500,4500,,Gluten-Free Gift Box
moonshinemountaincookies.myshopify.com,Moonshine Mountain,moonshinemountaincookies.com,dietary,cookies_gf,1,0,13,true,4699,4699,Style (1),One Dozen Cookies ∙ Gluten Free
leckerlee.myshopify.com,Leckerlee,leckerlee.com,dietary,cookies_gf,1,0,13,true,3695,3695,Flavor (1); Packaging (1),Gluten-Free Lebkuchen
martie-usa.myshopify.com,Martie,martie.com,dietary,cookies_gf,1,0,13,true,419,419,,Gluten Free Chocolate Chip Cookies
wooden-table-baking-co.myshopify.com,Wooden Table Baking Company,woodentablebaking.com,dietary,cookies_gf,1,1,13,true,2800,2800,,Build Your Own Gluten-Free Cookie Gift Box
b9e308-f9.myshopify.com,Beth the Bakerr,beththebakerr.com,dietary,cookies_gf,1,0,13,true,2900,2900,,GF Oatmeal Raisin' Hell
cravory-corporate.myshopify.com,Goody,cravory-corporate.myshopify.com,dietary,cookies_gf,1,0,13,true,1880,1880,Size (1),Gluten Free Chocolate Chip Gift Box
monicas-gourmet-cookies.myshopify.com,Monica's Gourmet Cookies,monicasgourmet.com,dietary,cookies_gf,1,1,13,true,4500,4500,,Monica's Gourmet Gluten-Free Mix
vin-chet-bakery.myshopify.com,Vin-Chet Bakery,vin-chet-bakery.myshopify.com,dietary,cookies_gf,1,0,13,true,2500,2500,,Assorted Cookie Box 1lb.
thecookiecrate1.myshopify.com,The Cookie Crate,thecookiecrate.com,dietary,cookies_gf,1,1,13,true,4325,4325,Flavors (1),BUILD MY OWN DOZEN
buycheapcentral.myshopify.com,BuyCheapCentral.com,buycheapcentral.com,dietary,cookies_gf,1,0,13,true,5571,5571,,"Pamela's Gluten-Free Pecan Shortbread Cookies, 6-Pack"
circos-bakery.myshopify.com,Circo's Pastry Shop,circospastryshop.com,dietary,cookies_gf,1,0,13,true,4400,4400,,Pignoli (1 Lb. Box)
east-coast-bakes.myshopify.com,East Coast Bakes,eastcoastbakes.com,dietary,cookies_gf,1,0,13,true,1695,1695,Size of order (1),Gluten Free Rainbow Cookies
wow-baking.myshopify.com,WOW Baking Company,wowbaking.com,dietary,cookies_gf,1,0,13,true,3588,3588,,"Gluten-Free Strawberries & Cream, Individually Wrapped, Bakery (12 Pack)"
mariposabaking-4.myshopify.com,Mariposa Baking Co.,www.mariposabaking.com,dietary,cookies_gf,1,0,13,true,5000,5000,,"""I Love You !"" Gift Set"
danas-bakery.myshopify.com,Dana's Bakery,danasbakery.com,dietary,cookies_gf,1,0,13,true,3500,3500,,Cookie Variety Box of 5
true-delicious.myshopify.com,True Delicious,true-delicious.myshopify.com,dietary,cookies_gf,1,0,13,true,950,950,,Gluten Free Ingredients Almond Biscotti
bonbonbonchoc.myshopify.com,Bon Bon Bon,bonbonbon.com,dietary,chocolate_nutfree,1,0,13,true,2100,2100,Box size (1),Avoids Nuts Box of Bons
tcho-ventures.myshopify.com,TCHO Chocolate,tcho.com,dietary,chocolate_nutfree,1,0,13,true,3999,3999,Size (1),Dark & Milk Chocolate Gift Box
dominique-ansel-online.myshopify.com,Dominique Ansel Online,dominiqueanselonline.com,dietary,chocolate_nutfree,1,0,13,true,7500,7500,,4pc Chocolate-Covered Nuts Gift Box
chocorush.myshopify.com,Bar & Cocoa,barandcocoa.com,dietary,chocolate_nutfree,1,0,13,true,10900,10900,Type (1); Mixed or plain? (1),Chocolate Bars of the World Gift Box
honey-acres.myshopify.com,Honey Acres,honeyacres.com,dietary,chocolate_nutfree,1,0,13,true,1500,1500,,GIFT BOX - Dark Chocolate Honey
testmamancheckout.myshopify.com,Maman Retail & E-Comm ,shop.mamannyc.com,dietary,chocolate_nutfree,1,0,13,true,3500,3500,Choose cookies (1),nut-free classic chocolate chip cookie gift box
marble-steel-craft-chocolates.myshopify.com,Marble & Steel Craft Chocolates,marbleandsteelcraftchocolates.com,dietary,chocolate_nutfree,1,0,13,true,2000,2000,Assortment option (1),6 Piece Bonbon Gift Box
valerieconfctns.myshopify.com,Valerie Confections,valerieconfections.com,dietary,chocolate_nutfree,1,0,13,true,6000,6000,,Baby Grand Assortment
thenuthouseusa.myshopify.com,The Nut House,thenuthouseusa.myshopify.com,dietary,chocolate_nutfree,1,0,13,true,3300,3300,,Chocolate Box
c9a2f6-09.myshopify.com,Sweet Vegan Chocolates,sweetvegan.nyc,dietary,chocolate_nutfree,1,0,13,true,7699,7699,,Indulgence Vegan Chocolate Truffles 15-PC Gift Box
39b8fa.myshopify.com,Ben B Coco,benbcoco.com,dietary,chocolate_nutfree,1,0,13,true,8990,8990,,25pc Bon Bons Box
spokandy-chocolatier.myshopify.com,Spokandy Chocolatier,spokandy.com,dietary,chocolate_nutfree,1,0,13,true,1500,1500,,8 pc Sugar Free Premium Assorted Gift Box
lenlibby.myshopify.com,Len Libby Candies,www.lenlibby.com,dietary,chocolate_nutfree,1,0,13,true,2050,2050,,Sugar Free Assorted Gift Box
andres.myshopify.com,André’s Confiserie Suisse,andreschocolates.com,dietary,chocolate_nutfree,1,0,13,true,6500,6500,Choose size (1),Best Sellers Gift Boxes
normanloveconfections-com.myshopify.com,Norman Love Confections,normanloveconfections.com,dietary,chocolate_nutfree,1,0,13,true,3200,3200,,10 Piece Signature Gift Box
poppy-peep.myshopify.com,Poppy & Peep,poppyandpeep.com,dietary,chocolate_nutfree,1,0,13,true,2800,2800,Bonbon box options (1),6 Piece Bonbon Box
bedford-candies.myshopify.com,Bedford Candies ,bedfordcandies.com,dietary,chocolate_nutfree,1,0,13,true,700,700,,GIFT BOX - SUGAR FREE - CASHEW CLUSTERS
h3p6iy-se.myshopify.com,BrewNest,www.brew-nestshop.com,dietary,chocolate_nutfree,1,0,13,true,10099,10099,,"Nut Clusters Chocolate Gift Box - Assorted Caramel Brittles, Pecan Patties, Almond & Cashew Clusters, Kosher Dairy Free Nuts and Chocolates Basket, Dark Chocolate Covered Nuts Holiday Baskets Gifts"
n8pg9f-es.myshopify.com,Nuts Factory,www.nutsfactory.com,dietary,chocolate_nutfree,1,0,13,true,2999,2999,,Premium Chocolate Covered Nuts Gift Box - 7-Section Variety Platter
maui-ku-ia-estate-chocolate-inc.myshopify.com,Maui Kuʻia Estate Chocolate,mauichocolate.com,dietary,chocolate_nutfree,1,0,13,true,6500,6500,,Dark Milk Chocolate OMG Experience Deluxe Gift Box
u39dsr-q2.myshopify.com,Hubssense,hubssense.com,occasion,wedding,1,0,13,true,7195,7195,,Skyygemm 50 Sets Wedding Party Favors for Guests Include We Got It Write Wood Bamboo Pens Bookmarks with Tassel Thank You Cards with Bag Wedding Favors Welcome Bag Stuffers for Bridal Shower Party
63b9a3-61.myshopify.com,Custom Empire,www.customempireshop.com,occasion,wedding,1,1,13,true,990,990,Buy more & save! (1),Personalized Wood Slice Wedding Favor
by8x1s-ny.myshopify.com,Sophie's Office Supplies,sophieofficesupplies.com,occasion,wedding,1,0,13,true,5918,5918,,Skyygemm 50 Sets Wedding Party Favors for Guests Include We Got It Write Wood Bamboo Pens Bookmarks with Tassel Thank You Cards with Bag Wedding Favors Welcome Bag Stuffers for Bridal Shower Party
southern-candymakers.myshopify.com,Southern Candymakers - (504) 523-5544,southerncandymakers.com,occasion,wedding,1,1,13,true,495,495,Size (1); Packaging (1); Flavors (1),Wedding Favors with Seal & Coordinating Ribbon
25898e.myshopify.com,Personalized Guru,personalizedguru.com,occasion,wedding,1,1,13,true,8000,8000,Color (1); Size (1),Personalized Wedding Guest Book Sign
ujxpz1-m1.myshopify.com,CelebrateCove,celebratecove.com,occasion,wedding,1,0,13,true,5699,5699,,Uiifan 100 Set Wedding Favors for Guest Coaster Gifts Bulk Heart Shaped Coasters Thank You Cards Organza Bags Guest Souvenirs for Wedding Party Bridal Favors
sunnyboutiquemiami.myshopify.com,Sunny Boutique Miami,sunnyboutiquemiami.com,occasion,wedding,1,1,13,true,5200,5200,Color (1); Set of (1),Personalized Fans Wedding Favors for Guest
theweddingoutlet.myshopify.com,The Wedding Outlet,theweddingoutlet.com,occasion,wedding,1,0,13,true,295,295,,White Wedding Fan Favors
bc09ad-2.myshopify.com,Bulk Candy Store,bulkcandystore.com,occasion,wedding,1,1,13,true,11600,11600,Label design (1); Bag count (1),Wedding Popcorn Favors
carman-brook-maple-farm.myshopify.com,"Carman Brook Farm, LLC",www.cbmaplefarm.com,occasion,wedding,1,1,13,true,585,585,Engraving options (1),Vermont Maple Syrup Wedding Favor – Personalized 3.29 oz Maple Leaf Bottle
9cbefe-2.myshopify.com,Baby Shower Chocolate,babyshowerchocolate.com,occasion,wedding,1,1,13,true,5400,5400,Color (1); Quantity (1); Shape (1),Custom Resin Magnet Wedding Favors – Personalized Epoxy Bridal Shower Gifts for Guests
planetpeachy.myshopify.com,PlanetPeachy,planetpeachy.com,occasion,wedding,1,1,13,true,1920,1920,,"Personalized Wedding Favor Golf Balls Custom Guest Favors with Names, Date&nbsp;Monogram&nbsp;Unique Reception Gift for Bride Groom Guests"
brownies-ginger-soap-co.myshopify.com,Brownies & Ginger Soap Co,browniesandgingersoap.com,occasion,wedding,1,1,13,true,325,325,Scent (1),"Soap Bridal Shower Favors, Wedding favors for Guests , Bridal Shower Soap favors, lavender soap favors, From my shower to yours"
56d273-9e.myshopify.com,Exxboxx,exxboxx.com,occasion,wedding,1,0,13,true,5495,5495,,30 Sets Bridal Shower Party Favors for Guests Small Rose Compact Mirror Bulk Wedding Favors Thank You Cards and Organza Bags Wedding Party Guests Souvenir Gift (Pink Champagne)
xaq1df-1m.myshopify.com,Cape Coral Gift Co,capecoralgiftco.com,occasion,wedding,1,1,13,true,2699,2699,Quantity (1),Personalized Mr & Mrs Wedding Cork Coasters | Custom Engraved Last Name Wedding Favor (Sets of 30–100)
5e6cb7-2.myshopify.com,LagniappeLifeLLC,lagniappe-life.com,occasion,wedding,1,1,13,true,350,350,,Custom Printed Wedding Welcome Boxes – Personalized Guest Favor Box with Names & Date – Hotel Gift Boxes for Wedding Guests
forestsfavors.myshopify.com,forestsfavors,forestsfavors.com,occasion,wedding,1,1,13,true,3400,3400,Quantity (1),Bulk Wedding Favors for Guests - Personalized Bridal Shower Favors
exceptionalevents365.myshopify.com,ExceptionalEvents365,exceptionalevents365.com,occasion,wedding,1,1,13,true,175,175,,Marshmallow Wedding Favors with Custom Text or Images - A Unique Treat for Guests
j5ymtp-yk.myshopify.com,Skin Smooth Care,skinsmoothcare.com,occasion,wedding,1,0,13,true,7499,7499,Quantity (1),"Compact Mirror Wedding Favors Bulk 30 Sets Rose-Shaped Portable Purse Mirrors - Each with Thank You Tag & Organza Bag, Bridal Shower Bachelorette Graduation Baby Shower Party Favors for Guests"
myweddingfavor.myshopify.com,My Wedding Favors,www.myweddingfavors.com,occasion,baby_shower,1,1,13,true,3500,3500,Matchbox color: (1),Personalized Baby Shower Matchboxes (Black or White) (Set of 50)
kateaspen.myshopify.com,Kate Aspen,www.kateaspen.com,occasion,baby_shower,1,0,13,true,759,759,Color (1),Woodland Baby Favor Box (Set of 24)
70decd-4.myshopify.com,Cotton Craft,cottoncraft.shop,occasion,baby_shower,1,0,13,true,8499,8499,Color (1); Gift set format (1),Luxe Baby Gift Baskets
surfsidesucculents.myshopify.com,Surfside Succulents,surfsidesucculents.com,occasion,baby_shower,1,0,13,true,695,695,Style (1),"Succulent Favors in Burlap- Baby Shower Favors, Wedding and Party Favors"
ab9133-2.myshopify.com,KnittyBaby,knittybaby.com,occasion,baby_shower,1,1,13,true,2999,2999,Blanket color (1),"Personalized Embroidered Baby Name Blanket – Soft Cotton Knit Newborn Blanket, Baby Shower Gift"
pop-central-popcorn.myshopify.com,Pop Central Popcorn,www.popcentralpopcorn.com,occasion,baby_shower,1,0,13,true,2500,2500,Bags (1),A Sweet Baby Girl is on the Way - Baby Shower Favors
ducky-days.myshopify.com,Ducky Days,duckydays.com,occasion,baby_shower,1,1,13,true,170,170,,Baby Shower Wildflower Seed Packet Favors
love-leigh-gifts.myshopify.com,Love Leigh Gift Co.,loveleighgifts.com,occasion,baby_shower,1,0,13,true,3699,3699,"Box color (1); Necklace finish (stainless steel, non-tarnish) (1)","TOP SELLER! Non-Tarnish! New mom baby and me infinity necklace, Congratulations baby gift, pregnancy gift, baby shower & gender reveal gift! NON-Tarnish! 552 FIVE STAR REVIEWS!"
abbey-and-izzie-designs.myshopify.com,Abbey and Izzie Designs,abbeyandizziedesigns.com,occasion,baby_shower,1,1,13,true,100,100,,Elephant Baby Shower Bags Personalized
littleflowersoap.myshopify.com,Little Flower Soap Co,littleflowersoap.com,occasion,baby_shower,1,1,13,true,350,350,Scent (1); Item (1),Baby in Bloom - Wildflower Shower Favors
g3cnkz-e9.myshopify.com,loftwyn,loftwyn.com,occasion,kids,1,0,13,false,4546,4546,,Spider-Man 24-Pack Party Favor Bags – 8-inch Reusable Spidey Tote Bags for Kids
rzbsbn-1k.myshopify.com,cloudshiftsol,cloudshiftsol.com,occasion,kids,1,0,13,true,3399,3399,,Winnie the Pooh Party Favor Bags for Kids Birthday 12 Pack Bundle
globaleparts.myshopify.com,Globaleparts,globaleparts.com,occasion,kids,1,0,13,true,3599,3599,,Kuromi Party Favor Bags Set 12 Goodie Bags with Stickers & More for Kids
f1nwh0-h0.myshopify.com,Elovna,elovna.com,occasion,kids,1,0,13,true,1516,1516,,"10PCS Halloween Candy Treat Bags – Pumpkin & Witch Cauldron Clear Plastic Candy Bucket with Handle, Reusable Trick or Treat Tote for Kids Halloween Party Favor Bags"
instaballoons.myshopify.com,instaballoons Wholesale,www.instaballoons.com,occasion,kids,1,0,13,true,274,274,,Frozen 2 Loot Bags (8 count)
shadow-breeze.myshopify.com,Shadow Breeze,shadowbreeze.com,occasion,corporate,1,0,13,true,6999,6999,"Tumbler, box & pen color (1)",Go-Pro
legendaryhide.myshopify.com,LegendaryHide,legendaryhide.com,occasion,corporate,1,1,13,true,12749,12749,Color and insert options (1),Personalized Leather Journal + Gift Box + Pen – Branded Gift for Corporate Events
marigold-grey-inc.myshopify.com,Marigold & Grey ,marigoldgrey.com,occasion,corporate,1,1,13,true,15400,15400,Gift tag (1); Personalization design (1),Meeting Ready
carnaby-and-vine.myshopify.com,Carnaby and Vine,www.carnabyandvine.com,occasion,corporate,1,0,13,true,20000,20000,,Elite Retreat - Luxury Corporate Gift Set with Travel Accessories
shopjnj.myshopify.com,JNJ Gifts and More,jnjgiftsandmore.com,occasion,corporate,1,0,13,true,7500,7500,Style (1),Speaker Appreciation Gifts - Thank You Gift Boxes
ijfi1v-wy.myshopify.com,Keepsake Journey,keepsakejourney.com,occasion,corporate,1,1,13,true,2500,2500,,"Custom Laser Engraved Leatherette Portfolio – Corporate Gifts, Executive Notepad, Conference Giveaway"
mocha-miski.myshopify.com,Mocha Misk'i,mocha-miski.myshopify.com,occasion,corporate,1,1,13,true,5799,5799,,Personalized Corporate Thank You Brownie Gift Box | Custom Client & Employee Appreciation Gift
bonvivantgift.myshopify.com,Bon Vivant Gift Boxes,bonvivantdelivered.com,occasion,corporate,1,1,13,true,4800,4800,,Welcome to Austin
b9pa0i-62.myshopify.com,BuyCura,buycura.co,occasion,corporate,1,0,13,true,9199,9199,,"Corporate Gift Set – Eco-Friendly Bamboo Water Bottle, Handcrafted Journal, Pen, Keychain & Wooden Bookmark in Elegant Box – Employee Appreciation, Executive & Client Gift Box"
bve2yc-ak.myshopify.com,SunPackedCo ,sunpackedco.com,occasion,corporate,1,0,13,true,2099,2099,,Employee Appreciation Gift Bag | Thank You Staff Corporate Team Gift Set
auntlauries.myshopify.com,Aunt Laurie's,auntlauries.com,occasion,corporate,1,1,13,true,425,425,,Corporate Event Gift Baskets
c3810d-1f.myshopify.com,The Lydia Line,lydialine.com,occasion,corporate,1,0,13,true,4500,4500,Options (1),The Event Ready Set
altamoro-uk.myshopify.com,AltaMoro-uk,altamorouk.com,bulk,favors_bulk,1,0,13,true,1695,1695,Style (1),Cookie Bags Bulk for Birthday Party Favors Supplies
fusionrepublic.myshopify.com,FUSIONREPUBLIC,fusionrepublic.com,bulk,favors_bulk,1,0,13,true,1499,1499,Color (1); Size (1),"Soccer Party Favor Bags, Football Design, Bulk 10-50 Pack"
vxb-ball-bearings.myshopify.com,VXB Bearings,vxb.com,bulk,favors_bulk,1,0,13,true,3999,3999,,50 Pack Multicolor Party Favor Gift Bags 8x11 Inches With Handles Reusable Plastic Goodie Bags For Candy Snacks Jewelry Crafts Bulk Set For Kids Birthday Parties School Events And Festive Occasions
p8yj0x-4w.myshopify.com,buynbuy store,buynbuy.store,bulk,favors_bulk,1,0,13,true,3999,3999,,Foilswirl 50 Sets Flower Wedding Bubble Wands Bulk Party Favors White Mini Bubble Stick for Guests Greeting Card Goodie Bag Stuffer Wedding Bubbles for Send off Valentine Gift Celebration Party Supply
k4xet1-7i.myshopify.com,joycraft,www.joycraftshop.com,bulk,favors_bulk,1,0,13,true,4499,4499,,"qiqee 50-Packs Brown Paper Gift Bags with Handles Bulk 4.5""x2.5""x6"" Mini Size Party Favor Bags Multiple Uses"
97yevj-xb.myshopify.com,Festora,festoras.com,bulk,favors_bulk,1,0,13,true,1300,1300,,"Party City 50 Glow Sticks Bulk Party Pack 8”– Neon Glow in the Dark Party Supplies, Glowsticks with Connectors Bracelets & Necklaces, Light Up Favors for Kids, Adults, Birthdays, Parties, Decorations"
usatoyz.myshopify.com,USA Toyz,usatoyz.com,bulk,favors_bulk,1,0,13,true,2499,2499,,"Party City 8"" Bendable Glow Sticks Bulk Party Pack - 400pk"
sugar-bear-candy.myshopify.com,Sugar Bear Candy,sugarbearcandystore.com,bulk,favors_bulk,1,0,13,true,1899,1899,,Piñata Candy Mix – Colorful Assorted Party Candy Bulk Variety Pack
s0kmsv-hm.myshopify.com,Little Sparks Studio_KIDS SHOP,homejoykids1.com,bulk,favors_bulk,1,1,13,true,1159,1159,,"Party City 50 Glow Sticks Bulk Party Pack 8”– Neon Glow in the Dark Party Supplies, Glowsticks with Connectors Bracelets & Necklaces, Light Up Favors for Kids, Adults, Birthdays, Parties, Decorations"
mypartypackage.myshopify.com,MyPartyPackage,mypartypackage.net,bulk,favors_bulk,1,0,13,true,3999,3999,,"78PCs LED Light Up Toy Party Favors Glow In The Dark,Party Supplies Bulk For Adult Kids Birthday Halloween With 50 Finger Light, 12 Jelly Ring, 6 Flashing Glasses, 5 Bracelet, 5 Fiber Optic Hair Light"
southerndelightscandy.myshopify.com,Southern Delights Pecan Candy LLC.,southernpecancandy.com,bulk,favors_bulk,1,0,13,true,10000,10000,Amount (1),Party Favors
tbd-inc.myshopify.com,Gumball.com,www.gumball.com,bulk,favors_bulk,1,0,13,true,14799,14799,,Filled Party Bag 11in (50pcs)
bulkpartysupplies.myshopify.com,Bulk Party Supplies,www.bulkpartysupplies.com,bulk,favors_bulk,1,0,13,true,560,560,Pack size (1),Pirate Treasure Chest Party Favor Boxes
2icc00-jg.myshopify.com,Adiyi,adiyi.com,bulk,favors_bulk,1,0,13,true,11420,11420,,"85PCS Halloween Party Favors Bulk, 50 Rings, 20 Brooches, 7 Necklaces, 8 Bracelets,Halloween Toys for Kids, Glow in the Dark Toys, Bulk Halloween Goodie Bag Fillers, Halloween Party Supplies"
bathhouse-soapery.myshopify.com,Bathhouse Soapery & Caldarium,bathhousesoap.com,bulk,favors_bulk,1,0,13,true,15000,15000,,Soap Favors - 50 Count
cheapest-supply.myshopify.com,Cheapest Supply,cheapestsupply.com,bulk,favors_bulk,1,0,13,true,2995,2995,,"Heart Confetti – 1 lb Bulk Bag (9,000+ Pieces) Wedding & Anniversary Decor"
0jc9yh-z3.myshopify.com,Just Candy,www.justcandy.com,bulk,favors_bulk,1,1,13,true,2000,2000,Size (1),DIY Anniversary Party Favors Personalized Box 50th Anniversary Favor (25 Pack) -Candy not Included
1r6aqq-az.myshopify.com,TinyTreasures Baby Boutique,dandepot5.com,bulk,favors_bulk,1,0,13,true,4810,4810,,"Glow Fever Glow in The Dark Sticks - 50 ct 6"" Glow Sticks Bulk Party Pack with End Caps & Lanyards - Glow Party Favors for Concert, Festival, & Wedding Neon Light Sticks by Party Dragon, Multi"
38d86c-b3.myshopify.com,Glamour Cookies,glamourcookies.com,bulk,cookies_bulk,1,1,13,true,500,500,,Printed Cookies-minimum 12 cookies
1mnmpc-0g.myshopify.com,CAKED,caked.love,bulk,cookies_bulk,1,0,13,true,36000,36000,,COMPANY / EVENT CATERING | Cookie Party Pack (Serves approx. 50-75 ppl)
the-nut-garden.myshopify.com,The Nut Garden,thenutgarden.com,bulk,cookies_bulk,1,0,13,true,12999,12999,Size (1),Bulk Cookie Bites | Snickerdoodle
sweet-es-bake-shop.myshopify.com,Sweet E's Bake Shop,www.sweetesbakeshop.com,bulk,cookies_bulk,1,1,13,true,45000,45000,Variant title (1); Packaging (1); Size (1),Photo Cookies - Bulk | Upload Your Artwork (Classic)
bloom-and-bake-builder-4o4o3.myshopify.com,Pressed Flower Co,shop.pressedflowerco.com,bulk,cookies_bulk,1,1,13,true,21000,21000,Quantity (1),Bulk Corporate Cookie Orders
redplatefoods.myshopify.com,RedPlateFoods,redplatefoods.com,bulk,cookies_bulk,1,0,13,true,1740,1740,Material (1),Wholesale - Cookies 12 ct
4e2044-38.myshopify.com,Lady Fortunes Inc,ladyfortunes.com,bulk,cookies_bulk,1,1,13,true,2500,2500,,Sample Cookie Order -Custom Logo Items
jc5346-wh.myshopify.com,"Mary Lou's Custom Cookies, LLC",marylouscustomcookies.com,bulk,cookies_bulk,1,0,13,true,1800,1800,Choose your craving (1),Classic Iced White Sugar Cookie
f8cf4f-3.myshopify.com,Sugared Souls Yummy 😋😋 Cookies,sugaredsouls.com,bulk,cookies_bulk,1,0,13,true,30000,30000,,Box of 100
star-cookies.myshopify.com,Star Cookies,starcookiesorl.com,bulk,cookies_bulk,1,0,13,true,1000,1000,Flavors (1),The #1 NY Cookie
give11-ey.myshopify.com,The Famous 4th Street Cookie Company,famouscookies.com,bulk,cookies_bulk,1,0,13,true,8995,8995,Flavors (1),Cookie Tray of 100 Minis
pac-cookie-company.myshopify.com,Pacific Cookie Company,pacificcookie.com,bulk,cookies_bulk,1,0,13,true,2395,2395,,Cookies By The Dozen
peter-sciortino-bakery.myshopify.com,Peter Sciortino Bakery ,petersciortinosbakery.com,bulk,cookies_bulk,1,0,13,true,1950,1950,,Assorted Cookie Box - Per Pound
r4ujqm-uz.myshopify.com,The Goodlife Shop,www.shopgoodlifehome.com,bulk,cookies_bulk,1,0,13,true,3000,3000,,100 Cookies
powerful-kreations.myshopify.com,Powerful Kreations,www.powerfulkreations.com,bulk,cookies_bulk,1,0,13,true,400,400,Flavor (1),"Operation: 25,000 Cookies In 60 Days"
greenholisticlife.myshopify.com,Kirschbaum's Bakery,kirschbaumsbakery.com,bulk,cookies_bulk,1,0,13,true,894,894,Quantity (1),Kolocky (Assorted)
shlichusmarket.myshopify.com,Shlichus Market,shlichusmarket.com,bulk,cookies_bulk,1,0,13,true,5500,5500,Collection (1),Pollak's Honey Cookies
be-a-good-cookie.myshopify.com,Cookies for Kids' Cancer,shop.cookiesforkidscancer.org,bulk,cookies_bulk,1,0,13,true,3500,3500,Size (1),Chunky Chocolate Chip
the-cravory-2.myshopify.com,The Cravory,thecravory.com,bulk,cookies_bulk,1,0,13,true,4485,4485,Length of subscription (1),Prepaid Half Dozen Cookies
4baa98-2.myshopify.com,Dad's Cookie Company,dadscookies.com,bulk,cookies_bulk,1,0,13,true,4100,4100,Cookie varieties (1); Size (1),Box of Cookies
distinctly-delish.myshopify.com,Distinctly Delicious Desserts,distinctlydelish.com,bulk,cookies_bulk,1,1,13,true,6500,6500,Individual wrapping  (1),Specialty 1 Dozen Custom Cookies
hype-munchies.myshopify.com,Flavor Distro,flavordistro.com,bulk,cookies_bulk,1,0,13,true,11000,11000,,Oreo Bulk Deal - TAIWAN (48 COUNT)
sweetp-bakery.myshopify.com,Sweet P Bakery,sweetpbakery.org,bulk,cookies_bulk,1,0,13,true,6900,6900,,Sampler Box - Colossal Cookies 8 pack
3v9000-jw.myshopify.com,Orders Up!,ordersupdelivery.com,bulk,cookies_bulk,1,0,13,true,235,235,,Grandma's Monster Cookie Wholesale
boundless-confection-connection.myshopify.com,Boundless Social Enterprises,bakery.iamboundless.org,bulk,cookies_bulk,1,0,13,true,5300,5300,Packaging (1),Chocolate Chip Cookies (8 Dozen)
chocolate-chip-cookie-co.myshopify.com,Chocolate Chip Cookie Company,chocolatechipcookiecompany.com,bulk,cookies_bulk,1,0,13,true,3600,3600,How many? (1); Flavor (1),Cookies
3ktg0r-c8.myshopify.com,MYJALYS ,myjalys.com,bulk,cookies_bulk,1,0,13,true,2691,2691,,MILKA CHOCO CREME 18PK
knsudg-vk.myshopify.com,CandyMachines.com,www.candymachines.com,bulk,cookies_bulk,1,0,13,true,18200,18200,,Milk Chocolate Cookies Bulk Candy (10 lbs)
waterbutlers.myshopify.com,Water Butlers,waterbutlers.com,bulk,cookies_bulk,1,0,13,true,845,845,,"Oreo Chocolate Sandwich Cookies, 10 Count"
siete-dev.myshopify.com,Sietefoods.com,checkout.sietefoods.com,bulk,cookies_bulk,1,0,13,true,4200,4200,,Grain Free Cookie Mix - 8 Bags
toosweetaz.myshopify.com,Too Sweet Cakes Wholesale,toosweetcakeswholesale.myshopify.com,bulk,cookies_bulk,1,0,13,true,1500,1500,Release schedule (1),Cookie - Mini Sprinkle 12pk
uncle-chips-cookies.myshopify.com,Uncle Chip's Cookies,unclechips.com,bulk,cookies_bulk,1,0,13,true,19700,19700,Cookie type (1); Quantity (1),Bulk Cookies
pdx-cookie-co.myshopify.com,PDX Cookie Co,pdxcookieco.com,bulk,cookies_bulk,1,0,13,true,2400,2400,,GOAT Pack!
baker-source.myshopify.com,Bakers Authority,www.bakersauthority.com,bulk,cookies_bulk,1,0,13,true,3686,3686,,Frozen Black and White Cookies 12 CT
one-girl-cookies.myshopify.com,One Girl Cookies ,onegirlcookies.com,bulk,cookies_bulk,1,0,13,false,2200,2200,Size (1),Assorted Bulk Tea Cookies
b1a1cf-ce.myshopify.com,Orderve,www.orderve.com,bulk,cookies_bulk,1,0,13,true,18096,18096,,"Cookies, Wafer, Rolled,2 - 280 COUNT"
qszy59-ef.myshopify.com,PeachDriftie,peachdriftie.com,price,favors_under_10,1,0,13,true,8,8,Color (1); Size (1),50Pcs Heart Printed Organza Bags 2.76x3.54 inch Sheer PeachPuff Drawstring Organza Favor Gift Bags Wedding Party Christmas Jewelry Packaging Pouches
stylishmela.myshopify.com,JSBlueRidge.com Wholesale,jsblueridge.com,price,favors_under_10,1,0,13,true,2,2,,Holiday Sticky Sticker For Kids In Bulk- Assorted
nutmeg-games.myshopify.com,Nutmeg Games,nutmeggames.com,price,favors_under_10,1,0,13,true,9,9,Title (1),Charnelhoard Wurm [Conflux]
aq7kkg-vi.myshopify.com,The Tavern Games,thetaverngames.com,price,favors_under_10,1,0,13,true,9,9,,Honorbound Page
the-nerdporium-8052.myshopify.com,The Nerdporium,thenerdporium.com,price,favors_under_10,1,0,13,true,4,4,,Decision Paralysis [Amonkhet]
dbi-production.myshopify.com,David's Bridal,checkout.davidsbridal.com,price,favors_under_25,1,1,13,true,19,19,Motif (1),Personalized Hershey's Kisses Wedding Favors
uecyem-u1.myshopify.com,World Products,sendfromchina.ai,price,favors_under_25,1,0,13,true,22,22,Color (1),"Children's Party Favor Bag With Handle Kids Party Favor Bag Reusable Small Easter Gift Sack for Young Children, Parents, School Activities, Themed Parties"
g1n1pi-nm.myshopify.com,Creative Kids,shopcreativekids.com,price,favors_under_25,1,0,13,true,20,20,,HAPPY BIRTHDAY BOOKMARKS ASSORTED DESIGNS
diytransfer.myshopify.com,Idea Max,ideamaxusa.com,price,favors_under_25,1,1,13,true,18,18,Size (1),Custom DTF Transfers by Size
dtf-virginia.myshopify.com,DTF Virginia,dtfvirginia.com,price,favors_under_25,1,1,13,true,8,8,,Custom DTF Transfers by Size
1cbcc8-ae.myshopify.com,Canasta Express,www.canastaexpress.com,price,favors_under_25,1,0,13,true,10,10,,Vero Rellerindos Tamarindo 65 ct
coolest-toys-on-earth.myshopify.com,Coolest Toys On Earth,coolesttoysonearth.com,price,favors_under_25,1,0,13,true,15,15,,Party Poppers
emberfrost-supply.myshopify.com,Simply Golden ,emberfrost-supply.myshopify.com,price,favors_under_25,1,1,13,true,15,15,,"Small Baseball Bat, 12"""
noblepack.myshopify.com,NoblePack,noblepack.com,price,favors_under_25,1,0,13,true,10,10,Color (1); Options (1),Balloon Print Self-Sealing Foil Bag
plus-ev-games.myshopify.com,PLUS EV GAMES ,plusevgames.com,price,favors_under_25,1,0,13,true,20,20,Title (1),Symbiotic Beast [Onslaught]
ewmdfn-0p.myshopify.com,Sublime Silkscreen,sublimesilkscreen.com,price,favors_under_25,1,1,13,true,3,3,Size (1),DTF Gang Sheet
wtgtest1.myshopify.com,Wild Things Games,pro.wildthingsgames.com,price,favors_under_25,1,0,13,true,20,20,Title (1),Number C39: Utopia Ray V [YS13-ENV01] Ultra Rare
motorcitygaming.myshopify.com,motorcitygaming,motorcitygaming.net,price,favors_under_25,1,0,13,true,10,10,,Fight from Behind (Red) [SUP040] (Super Slam)
graffitigames.myshopify.com,Graffiti Games,graffitigames.myshopify.com,price,favors_under_25,1,0,13,true,20,20,,Beach Court (167/198) [Scarlet & Violet: Base Set]
prosoul-games.myshopify.com,ProSoul Games,prosoulgames.com,price,favors_under_25,1,0,13,true,20,20,Title (1),Gang of Elk [Urza's Legacy]
thenerdmerchantshop.myshopify.com,The Nerd Merchant,thenerdmerchant.com,price,favors_under_25,1,0,13,true,20,20,Title (1),Full Moon's Rise [Innistrad]
lulos-sweet-savory.myshopify.com,Lulo's Sweet & Savory,lulossweets.com,sentence,sentence_dessert,1,0,13,true,3900,3900,Title (1),Mini-Dessert Assortment Box
0rruhs-jp.myshopify.com,Ruthie’s Lunchbox ,ruthieslunchbox.myshopify.com,sentence,sentence_dessert,1,0,13,true,4500,4500,Brownies (1); Cookies (1); Mini cakes (1),Sweet Treat Box
snackonus.myshopify.com,Snacks On Us,snackonus.com,sentence,sentence_dessert,1,0,13,true,6800,6800,,Client Appreciation Dessert Box
runvdd-vh.myshopify.com,The Table Gourmet,thetablegourmet.com,sentence,sentence_dessert,1,0,13,true,10999,10999,,Mini Sweet & Savory Pie Variety Gift Box
425e71.myshopify.com,My CharCUTErie,mycharcuterie.com,sentence,sentence_dessert,1,0,13,true,3200,3200,Size (1),Delightful Dessert CharCUTErie Box
126d54-2.myshopify.com,Hot🔥Up®,hotup.delivery,sentence,sentence_dessert,1,0,13,true,5800,5800,Pick your flavor (1),Brownie Party Box
cheese-and-charcuterie.myshopify.com,Cheese and Charcuterie,cheeseandmeatclub.com,sentence,sentence_dessert,1,0,13,true,7500,7500,,Dessert Box
made-in-oregon.myshopify.com,Made In Oregon,madeinoregon.com,sentence,sentence_dessert,1,0,13,true,3895,3895,,Oregon Hospitality Temperature Friendly Gift Box
luxe-bites-la.myshopify.com,Luxe Bites,store.luxebites.com,sentence,sentence_dessert,1,0,13,true,23500,23500,Format (1),Dessert Charcuterie Board and Platter – Serves 25+ Guests
ef7d50.myshopify.com,FE-DISTRIBUTING,www.fe-distributing.com,sentence,sentence_dessert,1,0,13,true,1399,1399,,Hostess glazed donettes
dalmazio-imports.myshopify.com,Dalmazio Design,dalmaziodesign.com,sentence,sentence_dessert,1,1,13,true,400,400,,Dessert Take Away Boxes
noahtest2020.myshopify.com,Cheesy Eddie's,shopcheesyeddies.com,sentence,sentence_dessert,1,0,13,true,9240,9240,,"56 Piece Dessert Tray (16"")"
kxtr2r-j1.myshopify.com,Ronnie’s Biscotti,ronniesbiscotti.com,sentence,sentence_dessert,1,0,13,true,12500,12500,,Dinner Party Dessert Box w/Rainbow Cheesecake
1b1bc5-5.myshopify.com,Catalina's Sweet Atelier,www.catalinasweetatelier.com,sentence,sentence_dessert,1,0,13,true,5600,5600,,Tasting Box
khm0sd-z1.myshopify.com,Avaza Candy ,avazacandy.com,sentence,sentence_dessert,1,0,13,true,1999,1999,,Gift Box – Small
cocoa-fig.myshopify.com,Cocoa & Fig,cocoaandfig.com,sentence,sentence_dessert,1,0,13,true,6500,6500,,Dessert Sample Box
a8a65e-2.myshopify.com,Fabled Goods,fabledgoods.com,sentence,sentence_dessert,1,0,13,true,3199,3199,Color (1),Treat Box with Window and Dividers - Small (6-compartment) - 6.5x4.5x1.9 in [20 pack]
cake-and-candy-store.myshopify.com,Cake and Candy Supply,cakeandcandysupply.com,sentence,sentence_dessert,1,0,13,true,399,399,,White Bento Cake Box with 5-Count Cupcake and Mini Cake Insert
prxgyf-jr.myshopify.com,Home Collection,homecollectionllc.com,sentence,sentence_dessert,1,0,13,true,3999,3999,,Home Collection 50 Pack Gold Clear Triangle Cake Slice Boxes Plastic Dessert Favor Holders
affinageboards.myshopify.com,Affinage Boards,www.affinageboards.com,sentence,sentence_dessert,1,0,13,true,21000,21000,,Dessert Platter
led-cloud-diffuser.myshopify.com,FabuLove,fabulove.co,sentence,sentence_dessert,1,0,13,true,2000,2000,Rose color (1); Rose box size (1),Rotating Eternal Rose Gift Box
f110gf-dy.myshopify.com,Sweet Pour,sweet-pour.com,sentence,sentence_dessert,1,0,13,true,3614,3614,,"90 PCS 4x4x2 inches Classic Red Bakery Boxes with Window - Macaron, Cookie, Chocolate Truffle, Strawberry & Mini Cake Gift Boxes for Parties, Valentine's, Birthdays, Wedding, Christmas Favors"
twinkltoast.myshopify.com,Twinkltoast,twinkltoast.com,sentence,sentence_dessert,1,0,13,true,2900,2900,,Pyrex-Inspired Spring Blossom Casserole Ceramic Trinket Box
imbbhz-bf.myshopify.com,The Kitchen Hearth,thekitchenhearth.com,sentence,sentence_dessert,1,0,13,true,3999,3999,,"KPOSIYA 40pcs 6x6x5 inch Mini Cake Boxes with Cake Boards (20 Boxes & 20 Boards), Pink Bakery Box with Window for Treat Dessert Pastry Donuts Macaroon Strawberries Chocolate Candy"
2rpzp4-k1.myshopify.com,Bright Box Bundles,brightboxbundles.com,sentence,sentence_kids,1,0,13,true,175,175,,Party Favor 5-Pack – Fun Toys for Kids (Only $1.75 Each Pack!)
listener-kids-store.myshopify.com,Listener Kids,www.listenerkids.com,sentence,sentence_kids,1,0,13,true,3999,3999,,Listener Kids Birthday Party Supply Set
t5euk1-i0.myshopify.com, Acocavore,acocavore.com,sentence,sentence_kids,1,0,13,true,393,393,Color (1),"Kids Birthday Party Decoration Kit – Paper Tableware Set with Balloons, Plates, Cups & Tablecloth for Boys Baby Shower Party Supplies"
the-warehouse-liquidation.myshopify.com,The Warehouse Liquidation,thewarehouseliquidation.com,sentence,sentence_kids,1,0,13,true,1466,1466,,"Birthday Party Supplies Set for Kids, Superhero Avengers Theme Decorations Kits Include Birthday Banner, Balloons, Cupcake Toppers, Gold Flat Ribbon"
sugar-hi-boca.myshopify.com,SugarHi Boca,sugarhiboca.com,sentence,sentence_kids,1,0,13,true,80000,80000,,Candy Sushi Party
mybestmomfriend.myshopify.com,Playful Little Minds,playfullittleminds.com,sentence,sentence_kids,1,0,13,true,5600,5600,Select your desired quantity (1); I would like (1),Rainbow Unicorn Play Dough Party Favors for Kids' Birthdays
m3ray0-0y.myshopify.com,All Things Fancy,all-things-fancy.com,sentence,sentence_kids,1,0,13,true,3500,3500,,Coastal Coquette Birthday Party
krystal-party-shop.myshopify.com,Krystal Party Shop,krystalpartyshop.com,sentence,sentence_kids,1,0,13,true,5999,5999,,Disney Mickey Mouse Clubhouse Party Kit
be-chocolat.myshopify.com,BE Chocolat,www.bechocolat.com,sentence,sentence_kids,1,0,13,true,4000,4000,Extra bday (1),Birthday Workshop (for children)
bcafc4-2.myshopify.com,Baby World,seebabyworld.com,sentence,sentence_kids,1,0,13,true,899,899,Color (1); Size (1),Mini Whistle With Rope Kids Birthday Party Gifts Favors
usa-party-store.myshopify.com,USA Party Store,usapartystore.com,sentence,sentence_kids,1,0,13,true,199,199,,Hello Kitty Favor Cup
toy-world-inc.myshopify.com,Toy World Inc,toyworldinc.co,sentence,sentence_kids,1,0,13,true,290,290,,Hello Kitty and Friends 9oz Paper Cups 8ct
4es-novelty.myshopify.com,4Es novelty,www.4esnovelty.com,sentence,sentence_kids,1,0,13,true,2699,2699,,"4E's Novelty 38 Pieces Set - 12 Traffic Cones With Hole on Top, 24 Checkered Flags, Racetrack Floor Runner - for For Race Car Birthday Party Supplies, Table Centerpiece Decorations Kids Gift"
peachy-bbies.myshopify.com,PeachyBbies,peachybbies.com,sentence,sentence_kids,1,1,13,true,1899,1899,Size (1),Ultimate Bday Cake CLAY Kit
artcreativity-test.myshopify.com,Art Creativity,artcreativity.com,sentence,sentence_kids,1,0,13,true,1699,1699,,"Gold Foil Birthday Party Crowns for Kids, Bulk Pack of 24, Golden Paper Birthday Hats in 2 Fun Designs, Adjustable and Reusable, Royalty Party Decorations, Crown Party Supplies"
shop-danrie.myshopify.com,Danrie,shopdanrie.com,sentence,sentence_kids,1,0,13,true,1800,1800,,Birthday Mini Clips
3ffrnu-xc.myshopify.com,Oasis Select,oasis-select.com,sentence,sentence_kids,1,0,13,true,897,897,Color (1),Mini Birthday Hat Cake Toppers DIY Decoration Kids Flages Baby Shower
t1a6yc-tw.myshopify.com,Macarena Party,macarenaparty.com,sentence,sentence_kids,1,0,13,true,19900,19900,Number for kids (1),Slimes or Crafts or Painting on canvases for Kids Parties in Miami | Macarena Party
rdwv3n-mi.myshopify.com,DIGITAL STORE 2,rdwv3n-mi.myshopify.com,sentence,sentence_kids,1,1,13,true,1700,1700,,Magic Party Kit Essential
organic-stores-inc.myshopify.com,"Organic Stores, Inc.",organicstores.com,sentence,sentence_kids,1,0,13,true,5997,5997,,What a Blast! Fun Kids Gift
platforms-test.myshopify.com,Celebrate Everyday,www.celebrate.shop,sentence,sentence_kids,1,0,13,true,2400,2400,Quantity (1),Pop-Its
wz8fnt-3b.myshopify.com,Zari Fee,zari.com.co,sentence,sentence_kids,1,0,13,true,799,799,Color (1),The Little Mermaid Theme Party Supplies  Ariel Princess Paper Napkin Plate Cup Balloons Kid Girls Birthday Party Decoration Gift
aci-party.myshopify.com,ACI Party,aciparty.com,sentence,sentence_kids,1,1,13,true,695,695,,Encanto Create Your Own Bag 8ct - Amscan
fiestawarehouse.myshopify.com,Fiesta Warehouse,fiestawarehouse.myshopify.com,sentence,sentence_kids,1,0,13,true,425,425,,STITCH NAPKINS 16CT
little-hands-and-nature.myshopify.com,Little Hands and Nature,littlehandsandnature.com,sentence,sentence_kids,1,0,13,true,1895,1895,Pack quantity (1),Mermaid's Magic Potion Pouch - Party Favor
6eaa26.myshopify.com,CongoBasinGroup.com,www.congobasin.ai,sentence,sentence_kids,1,0,13,true,1767,1767,Color (1),"30Pcs Colorful Party Blowout Whistles - Noise Maker Toys for Kids Birthday, Baby Shower Favors, Pinata Filler, Treasure Box Supplies"
ac4fcf-2.myshopify.com,MEACAOFG,meacaofg.shop,sentence,sentence_kids,1,0,13,true,2600,2600,,ColorCraft
michellemarieboutique.myshopify.com,Michelle Marie Boutique,michellemarieboutique.com,sentence,sentence_kids,1,0,13,true,1200,1200,,Pink and Blue Birthday Party Favors | 6 Pack for $12 | Fun & Festive Goodies
