type,key,query,seller,seller_name,title,price_min,price_max,variants,option_names,personalization_words,dietary_words,url
category,thank_you_cards,thank you cards,thecrossdesign.myshopify.com,The Cross Living,Hydrangea Thank You Card Boxed Set,4500,4500,1,,,,https://www.thecrossliving.com/products/hydrangea-thank-you-card-boxed-set?variant=44686546862137&_gsid=Psg9L2Xkv6CG&utm_source=shopify&utm_medium=catalog
category,thank_you_cards,thank you cards,collected-joy.myshopify.com,Collected Joy,Rifle Thank You Bouquet,750,750,1,,personaliz,,https://collected-joy.com/products/rifle-thank-you-bouquet?variant=40360393736271&_gsid=Psg9L2Xkv6CG&utm_source=shopify&utm_medium=catalog
category,thank_you_cards,thank you cards,halfpennypostage.myshopify.com,Halfpenny Postage,Classic Thank You,700,700,1,,,,https://halfpennypostage.com/products/classicthankyou-madelinekloepper?variant=48114905481458&_gsid=Psg9L2Xkv6CG&utm_source=shopify&utm_medium=catalog
category,thank_you_cards,thank you cards,river-bookshop.myshopify.com,River Bookshop,Little Card Big Thanks,895,895,1,,,,https://riverbookshop.com/products/810086849918?variant=48221987438847&_gsid=Psg9L2Xkv6CG&utm_source=shopify&utm_medium=catalog
category,thank_you_cards,thank you cards,seekandbloomco.myshopify.com,Seek and Bloom Creative Co.,"Thank You, Pressed Flower Cosmos",2500,2500,1,,,,https://seekandbloom.ca/products/thank-you-pressed-flower-cosmos?variant=43976379498725&_gsid=Psg9L2Xkv6CG&utm_source=shopify&utm_medium=catalog
category,thank_you_cards,thank you cards,good-nbr.myshopify.com,Good Neighbour,Peacock Thank You Card (Boxed Set of 8),3600,3600,1,,personaliz,,https://www.goodnbr.com/products/peacock-thank-you-card-boxed-set-of-8?variant=40889176457259&_gsid=Psg9L2Xkv6CG&utm_source=shopify&utm_medium=catalog
category,thank_you_cards,thank you cards,thecrossdesign.myshopify.com,The Cross Living,Delft Thank You Card Boxed Set,5000,5000,1,,,,https://www.thecrossliving.com/products/delft-thank-you-card-boxed-set?variant=44725963325497&_gsid=Psg9L2Xkv6CG&utm_source=shopify&utm_medium=catalog
category,thank_you_cards,thank you cards,thistleandwren.myshopify.com,Thistle & Wren,Strawberry Fields Thank You Card,915,915,1,,,,https://www.thistleandwren.com/products/strawberry-fields-thank-you-card?variant=44806726353094&_gsid=Psg9L2Xkv6CG&utm_source=shopify&utm_medium=catalog
category,thank_you_cards,thank you cards,good-nbr.myshopify.com,Good Neighbour,Rosette Thank You Card,950,950,1,,,,https://www.goodnbr.com/products/rosette-thank-you-card?variant=41892337254443&_gsid=Psg9L2Xkv6CG&utm_source=shopify&utm_medium=catalog
category,thank_you_cards,thank you cards,thecrossdesign.myshopify.com,The Cross Living,Pink Hydrangea Thank You Card Boxed Set,2000,2000,1,,,,https://www.thecrossliving.com/products/pink-hydrangea-thank-you-card-boxed-set?variant=45779044827193&_gsid=Psg9L2Xkv6CG&utm_source=shopify&utm_medium=catalog
category,thank_you_cards,thank you cards,thecrdroom2.myshopify.com,The Card Room at KRICKET’S ,Rifle Paper Co - Thank You Roses Card,895,895,1,,,,https://thecardroom.ca/products/rifle-paper-co-thank-you-roses-card?variant=45076228636810&_gsid=Psg9L2Xkv6CG&utm_source=shopify&utm_medium=catalog
category,thank_you_cards,thank you cards,17a98d.myshopify.com,Ten Thousand Villages Abbotsford,Quilling Cards Vietnam - Thank You Quill & Ink,900,900,1,,,,https://bcvillages.ca/products/quilling-cards-vietnam-thank-you-quill-ink?variant=48610485698845&_gsid=Psg9L2Xkv6CG&utm_source=shopify&utm_medium=catalog
category,thank_you_cards,thank you cards,juxtaposegifts.myshopify.com,Juxtapose Cards & Gifts,Garden Party Thank You Keepsake Boxed Cards,4695,4695,1,,,,https://juxtaposeannex.com/products/garden-party-thank-you-keepsake-boxed-cards?variant=48494468366490&_gsid=Psg9L2Xkv6CG&utm_source=shopify&utm_medium=catalog
category,thank_you_cards,thank you cards,thecrossdesign.myshopify.com,The Cross Living,English Rose Thank You Card Boxed Set,5000,5000,1,,personaliz,,https://www.thecrossliving.com/products/english-rose-thank-you-card-boxed-set?variant=43839386681401&_gsid=Psg9L2Xkv6CG&utm_source=shopify&utm_medium=catalog
category,thank_you_cards,thank you cards,good-nbr.myshopify.com,Good Neighbour,Seaside Thank You Card,1095,1095,1,,,,https://www.goodnbr.com/products/seaside-thank-you-card?variant=44174291763243&_gsid=Psg9L2Xkv6CG&utm_source=shopify&utm_medium=catalog
category,thank_you_cards,thank you cards,thecrdroom2.myshopify.com,The Card Room at KRICKET’S ,Doggy Thank You Card,895,895,1,,,,https://thecardroom.ca/products/doggy-thank-you-card?variant=49766629638282&_gsid=Psg9L2Xkv6CG&utm_source=shopify&utm_medium=catalog
category,thank_you_cards,thank you cards,good-nbr.myshopify.com,Good Neighbour,Thank You With Flowers Die Cut Card,1000,1000,1,,,,https://www.goodnbr.com/products/thank-you-with-flowers-die-cut-card?variant=43120852795435&_gsid=Psg9L2Xkv6CG&utm_source=shopify&utm_medium=catalog
category,thank_you_cards,thank you cards,91cb25-c5.myshopify.com,Fort + Company ,With Gratitude Card,1000,1000,1,,personaliz,,https://fortandcompany.ca/products/with-gratitude-card?variant=51417346867431&_gsid=Psg9L2Xkv6CG&utm_source=shopify&utm_medium=catalog
category,thank_you_cards,thank you cards,good-nbr.myshopify.com,Good Neighbour,Rosé Thank You Card,995,995,1,,,,https://www.goodnbr.com/products/rose-thank-you-card?variant=40842075996203&_gsid=Psg9L2Xkv6CG&utm_source=shopify&utm_medium=catalog
category,thank_you_cards,thank you cards,d87ce2-43.myshopify.com,Indigo,"Watercolor Sunset Thank You Notes, Set Of 14",1081,1081,1,,,,https://www.indigo.ca/products/watercolor-sunset-thank-you-notes-set-of-14?variant=46632741994706&_gsid=Psg9L2Xkv6CG&utm_source=shopify&utm_medium=catalog
category,thank_you_cards,thank you cards,outer-layer.myshopify.com,Outer Layer,Grateful Roses Friendship Greeting Card,695,695,1,,,,https://outerlayer.com/products/grateful-roses-friendship-greeting-card?variant=50958580973888&_gsid=Psg9L2Xkv6CG&utm_source=shopify&utm_medium=catalog
category,thank_you_cards,thank you cards,wonderpens.myshopify.com,Wonder Pens,E. Frances Paper - Card - An Ocean of Thanks,825,825,1,,,,https://wonderpens.ca/products/e-frances-paper-card-an-ocean-of-thanks?variant=42917941510389&_gsid=Psg9L2Xkv6CG&utm_source=shopify&utm_medium=catalog
category,thank_you_cards,thank you cards,silla-designs.myshopify.com,Silla Designs,Hydrangea Thank You Card,899,899,1,,,,https://silladesigns.com/products/hydrangea-thank-you-card?variant=50769381294380&_gsid=Psg9L2Xkv6CG&utm_source=shopify&utm_medium=catalog
category,thank_you_cards,thank you cards,thecrossdesign.myshopify.com,The Cross Living,Pink Hydrangea Thank You Card,1195,1195,1,,,,https://www.thecrossliving.com/products/pink-hydrangea-thank-you-card?variant=45737925148729&_gsid=Psg9L2Xkv6CG&utm_source=shopify&utm_medium=catalog
category,thank_you_cards,thank you cards,d87ce2-43.myshopify.com,Indigo,"Thank You Cards, Seriously Gold Foil, Set Of 20",1080,1080,1,,,,https://www.indigo.ca/products/thank-you-cards-seriously-gold-foil-set-of-20?variant=46632795537618&_gsid=Psg9L2Xkv6CG&utm_source=shopify&utm_medium=catalog
category,thank_you_cards,thank you cards,phidon.myshopify.com,Phidon Pens,TUTTLE Thank You Cards Set - Cherry Blossoms,2095,2095,1,,personaliz,,https://phidonpens.com/products/tuttle-thank-you-cards-set-cherry-blossoms?variant=47287671292125&_gsid=Psg9L2Xkv6CG&utm_source=shopify&utm_medium=catalog
category,thank_you_cards,thank you cards,scout-ltd.myshopify.com,Scout,Blue Gingham Thank You Card,895,895,1,,,,https://www.iheartscout.com/products/blue-gingham-thank-you-card?variant=47479813308660&_gsid=Psg9L2Xkv6CG&utm_source=shopify&utm_medium=catalog
category,thank_you_cards,thank you cards,twentyseventoronto.myshopify.com,Twentyseven,Thanks Fox Thank You Greeting Card Box Set,3200,3200,1,,,,https://twentyseventoronto.com/products/thanks-fox-thank-you-greeting-card-boxed-sets?variant=50242059436279&_gsid=Psg9L2Xkv6CG&utm_source=shopify&utm_medium=catalog
category,thank_you_cards,thank you cards,k00haq-nq.myshopify.com,The Art of Home,Cherries Thank You Card by Rifle Paper Co.,795,795,1,,,,https://www.theartofhome.ca/products/cherries-thank-you-card?variant=47296305299683&_gsid=Psg9L2Xkv6CG&utm_source=shopify&utm_medium=catalog
category,thank_you_cards,thank you cards,good-nbr.myshopify.com,Good Neighbour,Moss Thank You Card,995,995,1,,,,https://www.goodnbr.com/products/moss-thank-you-card?variant=44291073605675&_gsid=Psg9L2Xkv6CG&utm_source=shopify&utm_medium=catalog
category,thank_you_cards,thank you cards,front-and-co-gifts.myshopify.com,Front and Company: Gifts,Pink Tulip Thank You Cards,3895,3895,1,Packaging type,,,https://gifts.frontandcompany.ca/products/pink-tulip-thank-you-cards-boxed-set-of-6-notes?variant=46288685334772&_gsid=Psg9L2Xkv6CG&utm_source=shopify&utm_medium=catalog
category,thank_you_cards,thank you cards,9c6445-2.myshopify.com,Seeded Memories - WS,Thank you - For Helping Me Grow,500,500,1,Product language,,,https://wholesale-seededmemories.myshopify.com/products/thank-you-for-helping-me-grow-copy?variant=46775272538269&_gsid=Psg9L2Xkv6CG&utm_source=shopify&utm_medium=catalog
category,thank_you_cards,thank you cards,good-nbr.myshopify.com,Good Neighbour,Blossom Thank You Card,950,950,1,,,,https://www.goodnbr.com/products/blossom-thank-you-card?variant=40842074783787&_gsid=Psg9L2Xkv6CG&utm_source=shopify&utm_medium=catalog
category,thank_you_cards,thank you cards,thecrossdesign.myshopify.com,The Cross Living,Margaux Thank You Card,995,995,1,,,,https://www.thecrossliving.com/products/margaux-thank-you-card?variant=43683290513465&_gsid=Psg9L2Xkv6CG&utm_source=shopify&utm_medium=catalog
category,thank_you_cards,thank you cards,thecrdroom2.myshopify.com,The Card Room at KRICKET’S ,Rifle Paper Co - Rose Garden Thank You Cards Boxed Set of 8,3295,3295,1,,personaliz,,https://thecardroom.ca/products/rifle-paper-co-rose-garden-thank-you-card-box-of-8?variant=42339571335306&_gsid=Psg9L2Xkv6CG&utm_source=shopify&utm_medium=catalog
category,thank_you_cards,thank you cards,91cb25-c5.myshopify.com,Fort + Company ,Delft Thank you Card,1000,1000,1,,,,https://fortandcompany.ca/products/daisies-thankful-for-you-card-copy?variant=50811088044263&_gsid=Psg9L2Xkv6CG&utm_source=shopify&utm_medium=catalog
category,thank_you_cards,thank you cards,universal-church-supplies.myshopify.com,Universal Church Supplies Inc,Boxed cards - THANK YOU - Box Of 12,1299,1299,1,,,,https://universalchurchsupplies.ca/products/boxed-cards-thank-you-box-of-13?variant=48560565321933&_gsid=Psg9L2Xkv6CG&utm_source=shopify&utm_medium=catalog
category,thank_you_cards,thank you cards,ip3v01-6i.myshopify.com,Fern & Lilly Fine Gifts,Garden Thanks Quilling Card,1295,1295,1,,,,https://fernandlilly.ca/products/quilling-card-garden-thanks?variant=43947495129176&_gsid=Psg9L2Xkv6CG&utm_source=shopify&utm_medium=catalog
category,thank_you_cards,thank you cards,good-nbr.myshopify.com,Good Neighbour,Big Thank You Dots Card,995,995,1,,,,https://www.goodnbr.com/products/big-thank-you-dots-card?variant=41052157116459&_gsid=Psg9L2Xkv6CG&utm_source=shopify&utm_medium=catalog
category,thank_you_cards,thank you cards,good-nbr.myshopify.com,Good Neighbour,Roses Thank You Card,950,950,1,,,,https://www.goodnbr.com/products/roses-thank-you-card?variant=41847616405547&_gsid=Psg9L2Xkv6CG&utm_source=shopify&utm_medium=catalog
category,thank_you_cards,thank you cards,seeded-memories-9465.myshopify.com,SEEDED MEMORIES ,Mini Card - Thank you!,700,700,1,Language; Amount of cards,,,https://seededmemories.ca/products/mini-card-thank-you?variant=48098307375361&_gsid=Psg9L2Xkv6CG&utm_source=shopify&utm_medium=catalog
category,thank_you_cards,thank you cards,mimi-hammer-swimwear.myshopify.com,Mimi & August,Floral Thank You Greeting Card,699,699,1,,custom,,https://mimiandaugust.com/products/floral-thank-you-greeting-card?variant=45996424724655&_gsid=Psg9L2Xkv6CG&utm_source=shopify&utm_medium=catalog
category,thank_you_cards,thank you cards,thecrdroom2.myshopify.com,The Card Room at KRICKET’S ,Flower Patch Thank You Card,895,895,1,,,,https://thecardroom.ca/products/flower-patch-thank-you-card?variant=46124062572682&_gsid=Psg9L2Xkv6CG&utm_source=shopify&utm_medium=catalog
category,thank_you_cards,thank you cards,duly-noted-stationery.myshopify.com,Duly Noted Stationery,Red Cap Cards Greeting Card - Thanks Fox,795,795,1,,,,https://www.dulynoted.ca/products/thanks-fox-thank-you-greeting-card?variant=46109274702072&_gsid=Psg9L2Xkv6CG&utm_source=shopify&utm_medium=catalog
category,thank_you_cards,thank you cards,front-and-co-gifts.myshopify.com,Front and Company: Gifts,Big Navy Striped Bow Thank You Note Greeting Card,995,995,1,,,,https://gifts.frontandcompany.ca/products/big-navy-striped-bow-thank-you-note-greeting-card?variant=46962500436212&_gsid=Psg9L2Xkv6CG&utm_source=shopify&utm_medium=catalog
category,thank_you_cards,thank you cards,fieldstudy-shop.myshopify.com,Fieldstudy,Desert Thank You,800,800,1,,,,https://fieldstudyshop.com/products/desert-thank-you?variant=43176434794579&_gsid=Psg9L2Xkv6CG&utm_source=shopify&utm_medium=catalog
category,thank_you_cards,thank you cards,hanji-gifts.myshopify.com,Hanji Gifts,Thank You Flower Wreath - Pop Up Card,1150,1150,1,Colour,,,https://www.hanjigifts.com/products/thank-you-flower-wreath-pop-up?variant=47951472034033&_gsid=Psg9L2Xkv6CG&utm_source=shopify&utm_medium=catalog
category,thank_you_cards,thank you cards,outer-layer.myshopify.com,Outer Layer,Rose Garden Thank You Card,795,795,1,,,,https://outerlayer.com/products/rose-garden-thank-you-card?variant=47103119294784&_gsid=Psg9L2Xkv6CG&utm_source=shopify&utm_medium=catalog
category,thank_you_cards,thank you cards,collected-joy.myshopify.com,Collected Joy,Japanese Design Thank you Card box of 16,2400,2400,1,,personaliz,,https://collected-joy.com/products/japanese-design-thank-you-card-box-of-40?variant=42051323592783&_gsid=Psg9L2Xkv6CG&utm_source=shopify&utm_medium=catalog
category,thank_you_cards,thank you cards,thistleandwren.myshopify.com,Thistle & Wren,Floral Thanks Card,915,915,1,,,,https://www.thistleandwren.com/products/floral-thanks-card?variant=43999373066438&_gsid=Psg9L2Xkv6CG&utm_source=shopify&utm_medium=catalog
category,stationery_cards,stationery cards,joshua-and-company.myshopify.com,Joshua & Company,Typewriter Note Cards,1599,1599,1,,,,https://www.joshuaandcompany.com/products/typewriter-note-cards?variant=47759581118703&_gsid=rMYHErF8oXEa&utm_source=shopify&utm_medium=catalog
category,stationery_cards,stationery cards,bloom-petals-gift.myshopify.com,Bloom Floral,Rainbow Swirl Stationery Set,2400,2400,1,,,,https://bloomfloral.ca/products/rainbow-swirl-stationery-set?variant=39972284465240&_gsid=rMYHErF8oXEa&utm_source=shopify&utm_medium=catalog
category,stationery_cards,stationery cards,buchans-kerrisdale-stationery-3461.myshopify.com,Buchan's Kerrisdale Stationery,Peter Pauper Press - Boxed Note Cards - Poppies in Bloom,1695,1695,1,,,,https://www.buchanst.com/products/peter-pauper-press-boxed-note-cards-poppies-in-bloom?variant=50645765062935&_gsid=rMYHErF8oXEa&utm_source=shopify&utm_medium=catalog
category,stationery_cards,stationery cards,staples-canada.myshopify.com,Staples,JAM Paper Recycled Parchment Stationery Set - 25 Cards and 25 A7 Envelopes - Natural - set of 25,2199,2199,1,Variesby,,,https://www.staples.ca/products/38624-en-jam-paper-recycled-parchment-stationery-set-25-cards-and-25-a7-envelopes-natural-set-of-25?variant=39637728166017&_gsid=rMYHErF8oXEa&utm_source=shopify&utm_medium=catalog
category,stationery_cards,stationery cards,midoco-art-office-supplies.myshopify.com,Midoco Art & Office Supplies,Cavallini Stationery Set - Wildflowers,2399,2399,1,,,,https://midoco.ca/products/cavallini-stationery-set-wildflowers?variant=41319671726116&_gsid=rMYHErF8oXEa&utm_source=shopify&utm_medium=catalog
category,stationery_cards,stationery cards,entershine-bookshop.myshopify.com,Entershine Bookshop,Hummingbird Garden Note Cards,1499,1499,1,,,,https://www.entershinebookshop.ca/products/hummingbird-garden-note-cards?variant=48009596698863&_gsid=rMYHErF8oXEa&utm_source=shopify&utm_medium=catalog
category,stationery_cards,stationery cards,take-note-stationery-boutique.myshopify.com,Take Note Stationery Boutique,Boxed Notecards - Autumn Grasses,1500,1500,1,,,,https://takenoteboutique.ca/products/boxed-notecards-autumn-grasses?variant=39988280131662&_gsid=rMYHErF8oXEa&utm_source=shopify&utm_medium=catalog
category,stationery_cards,stationery cards,staples-canada.myshopify.com,Staples,"JAM Paper Stationery Set with 100 White Cards and 100 A7 Envelopes, Navy Blue, 100 Sets Pack (304624616g)",8559,8559,1,Variesby,,,https://www.staples.ca/products/1238726-en-jam-paper-stationery-set-with-100-white-cards-and-100-a7-envelopes-navy-blue-100-sets-pack-304624616g?variant=19666918178885&_gsid=rMYHErF8oXEa&utm_source=shopify&utm_medium=catalog
category,stationery_cards,stationery cards,take-note-stationery-boutique.myshopify.com,Take Note Stationery Boutique,Boxed Premium Thank You - Eucalyptus,2500,2500,1,,,,https://takenoteboutique.ca/products/boxed-premium-thank-you-eucalyptus?variant=50564262887702&_gsid=rMYHErF8oXEa&utm_source=shopify&utm_medium=catalog
category,stationery_cards,stationery cards,thelemonadestand1.myshopify.com,The Lemonade Stand,Floreale Stationery Set,2600,2600,1,,,,https://thelemonadestand.ca/products/floreale-stationery-set?variant=48005123473640&_gsid=rMYHErF8oXEa&utm_source=shopify&utm_medium=catalog
category,stationery_cards,stationery cards,aubmq4-3w.myshopify.com,Paperly Shop,Green Checkered Little Boy Set,6500,6500,1,Quantity; Corners,custom,,https://paperlyshop.com/products/green-checkered-little-boy-set?variant=48746562715803&_gsid=rMYHErF8oXEa&utm_source=shopify&utm_medium=catalog
category,stationery_cards,stationery cards,tumbled-earth-boutique.myshopify.com,Tumbled Earth,Allium Blossoms 14 Note Cards,2400,2400,1,,personaliz,,https://tumbledearth.com/products/allium-blossoms-note-cards?variant=41887591301194&_gsid=rMYHErF8oXEa&utm_source=shopify&utm_medium=catalog
category,stationery_cards,stationery cards,presents-presents-presents.myshopify.com,Presents Presents Presents,Note Cards- Watercolor Poppies,1695,1695,1,,,,https://www.presentspresentspresents.ca/products/note-cards-watercolor-poppies?variant=40370903810142&_gsid=rMYHErF8oXEa&utm_source=shopify&utm_medium=catalog
category,stationery_cards,stationery cards,buchans-kerrisdale-stationery-3461.myshopify.com,Buchan's Kerrisdale Stationery,Peter Pauper Press - Owl Portrait Note Cards,1695,1695,1,,,,https://www.buchanst.com/products/peter-pauper-press-owl-portrait-note-cards?variant=45291508793623&_gsid=rMYHErF8oXEa&utm_source=shopify&utm_medium=catalog
category,stationery_cards,stationery cards,paper-queen.myshopify.com,QUEEN & GRACE,Illustrated Social Stationery | 45 Designs,4500,4500,1,Choose illustration; Quantity & price options,,,https://www.queenandgrace.com/products/custom-note-cards-with-illustration-name-1?variant=44282555269442&_gsid=rMYHErF8oXEa&utm_source=shopify&utm_medium=catalog
category,stationery_cards,stationery cards,lemon-and-lavender-toronto.myshopify.com,Lemon And Lavender Toronto,Tea Time Stationery Set - Cards & Stickers,2499,2499,1,,,,https://shop.lemonlavender.com/products/tea-time-stationery-set-cards-stickers?variant=49474617344229&_gsid=rMYHErF8oXEa&utm_source=shopify&utm_medium=catalog
category,stationery_cards,stationery cards,staples-canada.myshopify.com,Staples,Pierre Belvedere Stationery Set - Letter Sheets & Cards - Bonjour,2429,2429,1,Variesby,,,https://www.staples.ca/products/3024990-en-pierre-belvedere-stationery-set-letter-sheets-cards-bonjour?variant=39324235792513&_gsid=rMYHErF8oXEa&utm_source=shopify&utm_medium=catalog
category,stationery_cards,stationery cards,blackbirdvintagefinds.myshopify.com,Blackbird Vintage Finds,Foil Pressed Bird with Gold Sprig Stationery Notecard Set,2650,2650,1,,,,https://www.blackbirdvintage.com/products/foil-pressed-bird-with-gold-sprig-stationery-notecard-set?variant=46820423139579&_gsid=rMYHErF8oXEa&utm_source=shopify&utm_medium=catalog
category,stationery_cards,stationery cards,midoco-art-office-supplies.myshopify.com,Midoco Art & Office Supplies,Cavallini Stationery Set - Birds,2399,2399,1,,,,https://midoco.ca/products/cavallini-stationery-set-birds?variant=41319671595044&_gsid=rMYHErF8oXEa&utm_source=shopify&utm_medium=catalog
category,stationery_cards,stationery cards,staples-canada.myshopify.com,Staples,JAM Paper Stationery Set - 25 White Cards and 25 A6 Envelopes - Navy Blue - set of 25,2199,2199,1,Variesby,,,https://www.staples.ca/products/38515-en-jam-paper-stationery-set-25-white-cards-and-25-a6-envelopes-navy-blue-set-of-25?variant=39637728297089&_gsid=rMYHErF8oXEa&utm_source=shopify&utm_medium=catalog
category,stationery_cards,stationery cards,take-note-stationery-boutique.myshopify.com,Take Note Stationery Boutique,Boxed Notecards - Amethyst Butterflies,1500,1500,1,,,,https://takenoteboutique.ca/products/boxed-notecards-amethyst-butterflies?variant=39747725819982&_gsid=rMYHErF8oXEa&utm_source=shopify&utm_medium=catalog
category,stationery_cards,stationery cards,buchans-kerrisdale-stationery-3461.myshopify.com,Buchan's Kerrisdale Stationery,PETER PAUPER PRESS - Note Cards | Candy Garden,1695,1695,1,,,,https://www.buchanst.com/products/peter-pauper-press-note-cards-candy-garden?variant=45292402213143&_gsid=rMYHErF8oXEa&utm_source=shopify&utm_medium=catalog
category,stationery_cards,stationery cards,staples-canada.myshopify.com,Staples,JAM Paper Stationery Set - 25 White Cards and 25 A6 Envelopes - Brite Hue Ultra Lime Green - set of 25,1699,1699,1,Variesby,,,https://www.staples.ca/products/38600-en-jam-paper-stationery-set-25-white-cards-and-25-a6-envelopes-brite-hue-ultra-lime-green-set-of-25?variant=39637727838337&_gsid=rMYHErF8oXEa&utm_source=shopify&utm_medium=catalog
category,stationery_cards,stationery cards,staples-canada.myshopify.com,Staples,"JAM Paper Stationery Set with 100 White Cards and 100 A7 Envelopes, Black Linen Recycled, 100 Sets Pack (304624588g)",8999,8999,1,Variesby,,,https://www.staples.ca/products/1238727-en-jam-paper-stationery-set-with-100-white-cards-and-100-a7-envelopes-black-linen-recycled-100-sets-pack-304624588g?variant=19666918473797&_gsid=rMYHErF8oXEa&utm_source=shopify&utm_medium=catalog
category,stationery_cards,stationery cards,staples-canada.myshopify.com,Staples,JAM Paper Recycled Stationery Set - 25 White Cards and 25 A7 Envelopes - Brite Hue Violet Purple - set of 25,1699,1699,1,Variesby,,,https://www.staples.ca/products/38633-en-jam-paper-recycled-stationery-set-25-white-cards-and-25-a7-envelopes-brite-hue-violet-purple-set-of-25?variant=39637728067713&_gsid=rMYHErF8oXEa&utm_source=shopify&utm_medium=catalog
category,stationery_cards,stationery cards,twentyseventoronto.myshopify.com,Twentyseven,Shadow Stationery Set,4200,4200,1,,personaliz,,https://twentyseventoronto.com/products/shadow-stationery-set?variant=49928771272951&_gsid=rMYHErF8oXEa&utm_source=shopify&utm_medium=catalog
category,stationery_cards,stationery cards,theagstudio.myshopify.com,Alison Gordon Studio,Flora Stationery,1040,1040,1,Size,,,https://www.theagstudio.com/products/flora-stationery?variant=21983320327&_gsid=rMYHErF8oXEa&utm_source=shopify&utm_medium=catalog
category,stationery_cards,stationery cards,buchans-kerrisdale-stationery-3461.myshopify.com,Buchan's Kerrisdale Stationery,Peter Pauper Press - Boxed Note Cards - Autumn Leaves,1695,1695,1,,,,https://www.buchanst.com/products/peter-pauper-press-boxed-note-cards-autumn-leaves?variant=50631032635671&_gsid=rMYHErF8oXEa&utm_source=shopify&utm_medium=catalog
category,stationery_cards,stationery cards,buchans-kerrisdale-stationery-3461.myshopify.com,Buchan's Kerrisdale Stationery,Peter Pauper Press - Boxed Note Cards - Wildflower Meadow,1695,1695,1,,,,https://www.buchanst.com/products/peter-pauper-press-boxed-note-cards-wildflower-meadow?variant=52312796561687&_gsid=rMYHErF8oXEa&utm_source=shopify&utm_medium=catalog
category,stationery_cards,stationery cards,d9c260-3.myshopify.com,Wordkind ,Gilded Butterflies Note Cards,1299,1299,1,,,,https://wordkind.ca/products/gilded-butterflies-note-cards?variant=44704081051838&_gsid=rMYHErF8oXEa&utm_source=shopify&utm_medium=catalog
category,stationery_cards,stationery cards,duly-noted-stationery.myshopify.com,Duly Noted Stationery,Writing Gift Set - Send With Love,6995,6995,1,,,,https://www.dulynoted.ca/products/writing-gift-set-send-with-love?variant=47492308697336&_gsid=rMYHErF8oXEa&utm_source=shopify&utm_medium=catalog
category,stationery_cards,stationery cards,aubmq4-3w.myshopify.com,Paperly Shop,Strawberry Gingham Stationery,7500,7500,1,Quantity; Corners,custom,,https://paperlyshop.com/products/strawberry-gingham-stationery?variant=46843631108251&_gsid=rMYHErF8oXEa&utm_source=shopify&utm_medium=catalog
category,stationery_cards,stationery cards,staples-canada.myshopify.com,Staples,JAM Paper Recycled Parchment Stationery Set - 25 Cards and 25 A6 Envelopes - Antique Gold Yellow - set of 25,2199,2199,1,Variesby,,,https://www.staples.ca/products/38586-en-jam-paper-recycled-parchment-stationery-set-25-cards-and-25-a6-envelopes-antique-gold-yellow-set-of-25?variant=39637728788609&_gsid=rMYHErF8oXEa&utm_source=shopify&utm_medium=catalog
category,stationery_cards,stationery cards,staples-canada.myshopify.com,Staples,JAM Paper Stationery Set - 25 White Cards and 25 A7 Envelopes - Dark Grey - set of 25,2199,2199,1,Variesby,,,https://www.staples.ca/products/38614-en-jam-paper-stationery-set-25-white-cards-and-25-a7-envelopes-dark-grey-set-of-25?variant=39637728985217&_gsid=rMYHErF8oXEa&utm_source=shopify&utm_medium=catalog
category,stationery_cards,stationery cards,staples-canada.myshopify.com,Staples,JAM Paper Recycled Parchment Stationery Set - 25 Cards and 25 A7 Envelopes - Blue - set of 25,2199,2199,1,Variesby,,,https://www.staples.ca/products/38629-en-jam-paper-recycled-parchment-stationery-set-25-cards-and-25-a7-envelopes-blue-set-of-25?variant=39637729017985&_gsid=rMYHErF8oXEa&utm_source=shopify&utm_medium=catalog
category,stationery_cards,stationery cards,good-nbr.myshopify.com,Good Neighbour,Love Letter Card,995,995,1,,,,https://www.goodnbr.com/products/love-letter-card?variant=42704116121643&_gsid=rMYHErF8oXEa&utm_source=shopify&utm_medium=catalog
category,stationery_cards,stationery cards,buchans-kerrisdale-stationery-3461.myshopify.com,Buchan's Kerrisdale Stationery,Peter Pauper Press - Boxed Note Cards - Celestial,1695,1695,1,,,,https://www.buchanst.com/products/peter-pauper-press-thank-you-boxed-note-cards-celestial?variant=50671141486871&_gsid=rMYHErF8oXEa&utm_source=shopify&utm_medium=catalog
category,stationery_cards,stationery cards,buchans-kerrisdale-stationery-3461.myshopify.com,Buchan's Kerrisdale Stationery,CAVALLINI & CO - Stationery Set -Tea Time,2250,2250,1,,,,https://www.buchanst.com/products/cavallini-co-stationery-set-tea-time?variant=53457990418711&_gsid=rMYHErF8oXEa&utm_source=shopify&utm_medium=catalog
category,stationery_cards,stationery cards,lemon-and-lavender-toronto.myshopify.com,Lemon And Lavender Toronto,Monogram Note Cards: I,1299,1299,1,,monogram; personaliz,,https://shop.lemonlavender.com/products/copy-of-monogram-note-cards-g?variant=44149944615141&_gsid=rMYHErF8oXEa&utm_source=shopify&utm_medium=catalog
category,stationery_cards,stationery cards,duly-noted-stationery.myshopify.com,Duly Noted Stationery,E Frances Boxed Little Notes - Spot Of Tea,2295,2295,1,,,,https://www.dulynoted.ca/products/e-frances-boxed-little-notes-spot-of-tea?variant=42321861902584&_gsid=rMYHErF8oXEa&utm_source=shopify&utm_medium=catalog
category,stationery_cards,stationery cards,lemon-and-lavender-toronto.myshopify.com,Lemon And Lavender Toronto,Butterflies Stationery Set - Cards & Stickers,2499,2499,1,,,,https://shop.lemonlavender.com/products/butterflies-stationery-set-cards-stickers?variant=45723514044645&_gsid=rMYHErF8oXEa&utm_source=shopify&utm_medium=catalog
category,stationery_cards,stationery cards,twentyseventoronto.myshopify.com,Twentyseven,Calypso Stationery Set,4200,4200,1,,,,https://twentyseventoronto.com/products/calypso-stationery-set?variant=49928764195063&_gsid=rMYHErF8oXEa&utm_source=shopify&utm_medium=catalog
category,stationery_cards,stationery cards,midoco-art-office-supplies.myshopify.com,Midoco Art & Office Supplies,Cavallini Stationery Set - Vintage Cats,2399,2399,1,,,,https://midoco.ca/products/cavall-stationery-set-boxed-1?variant=42361260408868&_gsid=rMYHErF8oXEa&utm_source=shopify&utm_medium=catalog
category,stationery_cards,stationery cards,entershine-bookshop.myshopify.com,Entershine Bookshop,Lighthouse Note Cards,1499,1499,1,,,,https://www.entershinebookshop.ca/products/lighthouse-note-cards?variant=40892504014997&_gsid=rMYHErF8oXEa&utm_source=shopify&utm_medium=catalog
category,stationery_cards,stationery cards,blackbirdvintagefinds.myshopify.com,Blackbird Vintage Finds,Iris Garden Notecard Set,2495,2495,1,,,,https://www.blackbirdvintage.com/products/iris-garden-notecard-set?variant=45952921731323&_gsid=rMYHErF8oXEa&utm_source=shopify&utm_medium=catalog
category,stationery_cards,stationery cards,one-and-only-handmade-marketplace.myshopify.com,One and Only Handmade Marketplace Inc.,000 ($20) E Frances Paper - Little Notes®,2000,2000,1,Little notes ,,,https://oneandonlyshop.com/products/lavender-little-notes%C2%AE?variant=50957916602685&_gsid=rMYHErF8oXEa&utm_source=shopify&utm_medium=catalog
category,stationery_cards,stationery cards,staples-canada.myshopify.com,Staples,JAM Paper Stationery Set - 25 White Cards and 25 A2 Envelopes - Baby Blue - set of 25,2199,2199,1,Variesby,,,https://www.staples.ca/products/38493-en-jam-paper-stationery-set-25-white-cards-and-25-a2-envelopes-baby-blue-set-of-25?variant=39637728002177&_gsid=rMYHErF8oXEa&utm_source=shopify&utm_medium=catalog
category,stationery_cards,stationery cards,staples-canada.myshopify.com,Staples,JAM Paper Recycled Parchment Stationery Set - 25 Cards and 25 A7 Envelopes - Antique Gold Yellow - set of 25,2199,2199,1,Variesby,,,https://www.staples.ca/products/38627-en-jam-paper-recycled-parchment-stationery-set-25-cards-and-25-a7-envelopes-antique-gold-yellow-set-of-25?variant=39637728657537&_gsid=rMYHErF8oXEa&utm_source=shopify&utm_medium=catalog
category,stationery_cards,stationery cards,lemon-and-lavender-toronto.myshopify.com,Lemon And Lavender Toronto,Florentine Note Cards,1499,1499,1,,,,https://shop.lemonlavender.com/products/florentine-note-cards?variant=46780130099429&_gsid=rMYHErF8oXEa&utm_source=shopify&utm_medium=catalog
category,stationery_cards,stationery cards,d9c260-3.myshopify.com,Wordkind ,Quill Pen and Ink Note Cards,1299,1299,1,,,,https://wordkind.ca/products/quill-pen-and-ink-note-cards?variant=44704084721854&_gsid=rMYHErF8oXEa&utm_source=shopify&utm_medium=catalog
category,note_cards,note cards,one-and-only-handmade-marketplace.myshopify.com,One and Only Handmade Marketplace Inc.,000 ($20) E Frances Paper - Little Notes®,2000,2000,1,Little notes ,,,https://oneandonlyshop.com/products/lavender-little-notes%C2%AE?variant=50957916602685&_gsid=ouPhNV6Jgoc4&utm_source=shopify&utm_medium=catalog
category,note_cards,note cards,sartorial-boutique.myshopify.com,THIS & THAT | FOR LIVING AND GIVING,Little Notes - Big Heart,2200,2200,1,,,,https://www.shopthisandthat.ca/products/little-notes-big-heart?variant=51924107624765&_gsid=ouPhNV6Jgoc4&utm_source=shopify&utm_medium=catalog
category,note_cards,note cards,interior-couture-toronto.myshopify.com,Interior Couture,Gold Heart Letterpress Notecard Set,5000,5000,1,,,,https://interiorcouture.ca/products/gold-heart-letterpress-notecard-set?variant=50862126498095&_gsid=ouPhNV6Jgoc4&utm_source=shopify&utm_medium=catalog
category,note_cards,note cards,duly-noted-stationery.myshopify.com,Duly Noted Stationery,E Frances Boxed Little Notes - Treble Clef,2295,2295,1,,,,https://www.dulynoted.ca/products/e-frances-boxed-little-notes-treble-clef?variant=48344729452792&_gsid=ouPhNV6Jgoc4&utm_source=shopify&utm_medium=catalog
category,note_cards,note cards,snapdragon-design.myshopify.com,Snapdragon Designs,"E. Frances Paper, Little Notes",2150,2150,1,Style,,,https://snapdragondesigns.ca/products/note-cards?variant=31354270089258&_gsid=ouPhNV6Jgoc4&utm_source=shopify&utm_medium=catalog
category,note_cards,note cards,duly-noted-stationery.myshopify.com,Duly Noted Stationery,E Frances Boxed Little Notes - Knotty,2295,2295,1,,,,https://www.dulynoted.ca/products/e-frances-boxed-little-notes-knotty?variant=42849027162360&_gsid=ouPhNV6Jgoc4&utm_source=shopify&utm_medium=catalog
category,note_cards,note cards,home-treasures-more.myshopify.com,Home Treasures & More,Peter Pauper Press 'Tree of Butterflies' Note Cards,1299,1299,1,,,,https://hometreasures.ca/products/peter-pauper-press-tree-of-butterflies-note-cards?variant=49803650761004&_gsid=ouPhNV6Jgoc4&utm_source=shopify&utm_medium=catalog
category,note_cards,note cards,the-botanist-calgary.myshopify.com,The Botanist Calgary,Monarch Butterflies Note Cards,1500,1500,1,,,,https://www.thebotanistcalgary.com/products/monarch-butterflies-note-cards?variant=42869478523032&_gsid=ouPhNV6Jgoc4&utm_source=shopify&utm_medium=catalog
category,note_cards,note cards,take-note-stationery-boutique.myshopify.com,Take Note Stationery Boutique,Boxed Notecards - Autumn Grasses,1500,1500,1,,,,https://takenoteboutique.ca/products/boxed-notecards-autumn-grasses?variant=39988280131662&_gsid=ouPhNV6Jgoc4&utm_source=shopify&utm_medium=catalog
category,note_cards,note cards,oleander-floral-design.myshopify.com,Oleander Floral Design,Boxed Blank Note Cards,1500,1500,1,Design,personaliz,,https://oleander.ca/products/boxed-cards?variant=51619493347544&_gsid=ouPhNV6Jgoc4&utm_source=shopify&utm_medium=catalog
category,note_cards,note cards,duly-noted-stationery.myshopify.com,Duly Noted Stationery,E Frances Boxed Little Notes - Spot Of Tea,2295,2295,1,,,,https://www.dulynoted.ca/products/e-frances-boxed-little-notes-spot-of-tea?variant=42321861902584&_gsid=ouPhNV6Jgoc4&utm_source=shopify&utm_medium=catalog
category,note_cards,note cards,entershine-bookshop.myshopify.com,Entershine Bookshop,Blue Dragonflies Note Cards,1499,1499,1,,,,https://www.entershinebookshop.ca/products/9781441310293?variant=44076698927343&_gsid=ouPhNV6Jgoc4&utm_source=shopify&utm_medium=catalog
category,note_cards,note cards,take-note-stationery-boutique.myshopify.com,Take Note Stationery Boutique,Japanese Decorated Papers Boxed Notecards,2500,2500,1,,,,https://takenoteboutique.ca/products/japanese-decorated-papers-boxed-notecards?variant=39248649453646&_gsid=ouPhNV6Jgoc4&utm_source=shopify&utm_medium=catalog
category,note_cards,note cards,la-quaintrelle.myshopify.com,La Quaintrelle,Garden Flowers Paintable Notecards,3000,3000,1,,personaliz,,https://laquaintrelle.ca/products/emily-lex-studio-garden-flowers-paintable-notecards?variant=51071985746237&_gsid=ouPhNV6Jgoc4&utm_source=shopify&utm_medium=catalog
category,note_cards,note cards,take-note-stationery-boutique.myshopify.com,Take Note Stationery Boutique,Boxed Notecards - Allium Blossoms,1500,1500,1,,,,https://takenoteboutique.ca/products/boxed-notecards-allium-blossoms?variant=49731271393558&_gsid=ouPhNV6Jgoc4&utm_source=shopify&utm_medium=catalog
category,note_cards,note cards,front-and-co-gifts.myshopify.com,Front and Company: Gifts,Ladybugs Little Notes®,2400,2400,1,,,,https://gifts.frontandcompany.ca/products/ladybugs-little-notes%C2%AE?variant=45158299566324&_gsid=ouPhNV6Jgoc4&utm_source=shopify&utm_medium=catalog
category,note_cards,note cards,wonderpens.myshopify.com,Wonder Pens,E. Frances Paper - 55 Card Set - Whisky Business Little Notes,2000,2000,1,,,,https://wonderpens.ca/products/e-frances-paper-85-card-set-whisky-business-little-notes?variant=42056631517429&_gsid=ouPhNV6Jgoc4&utm_source=shopify&utm_medium=catalog
category,note_cards,note cards,duly-noted-stationery.myshopify.com,Duly Noted Stationery,E Frances Boxed Little Notes - Cat's Meow,2295,2295,1,,,,https://www.dulynoted.ca/products/e-frances-boxed-notes-cats-meow-little-note?variant=32411094515760&_gsid=ouPhNV6Jgoc4&utm_source=shopify&utm_medium=catalog
category,note_cards,note cards,the-social-type.myshopify.com,The Social Type,Frankie the Whale Little Notes,2300,2300,1,,,,https://thesocialtype.com/products/whale-little-notes?variant=42443790614714&_gsid=ouPhNV6Jgoc4&utm_source=shopify&utm_medium=catalog
category,note_cards,note cards,the-indigenous-collection.myshopify.com,Indigenous Collection and CAP & Winn Devon,Garden of Life Boxed Note Cards,950,950,1,,,,https://www.indigenouscollection.com/products/garden-of-life-boxed-note-cards?variant=45669715542191&_gsid=ouPhNV6Jgoc4&utm_source=shopify&utm_medium=catalog
category,note_cards,note cards,buchans-kerrisdale-stationery-3461.myshopify.com,Buchan's Kerrisdale Stationery,PETER PAUPER PRESS - SEA TURTLES NOTE CARDS,1695,1695,1,,,,https://www.buchanst.com/products/peter-pauper-press-sea-turtles-note-cards?variant=45292424495383&_gsid=ouPhNV6Jgoc4&utm_source=shopify&utm_medium=catalog
category,note_cards,note cards,buchans-kerrisdale-stationery-3461.myshopify.com,Buchan's Kerrisdale Stationery,Peter Pauper Press - Boxed Note Cards - Hummingbird Flight,1695,1695,1,,,,https://www.buchanst.com/products/peter-pauper-press-hummingbird-flight-note-cards?variant=45291503419671&_gsid=ouPhNV6Jgoc4&utm_source=shopify&utm_medium=catalog
category,note_cards,note cards,seekandbloomco.myshopify.com,Seek and Bloom Creative Co.,"Mixed Pack, Garden Inspired, Pressed Flower, Note Card Set",2500,2500,1,,,,https://seekandbloom.ca/products/garden-inspired-mixed-pressed-flower-note-card-set?variant=43976375369957&_gsid=ouPhNV6Jgoc4&utm_source=shopify&utm_medium=catalog
category,note_cards,note cards,entershine-bookshop.myshopify.com,Entershine Bookshop,Spring Meadow Note Cards,1299,1299,1,Title,,,https://www.entershinebookshop.ca/products/spring-meadow-note-cards?variant=48009467232495&_gsid=ouPhNV6Jgoc4&utm_source=shopify&utm_medium=catalog
category,note_cards,note cards,entershine-bookshop.myshopify.com,Entershine Bookshop,Water Lilies Note Cards,1499,1499,1,,,,https://www.entershinebookshop.ca/products/9781441348005?variant=47265876476143&_gsid=ouPhNV6Jgoc4&utm_source=shopify&utm_medium=catalog
category,note_cards,note cards,the-indigenous-collection.myshopify.com,Indigenous Collection and CAP & Winn Devon,Isaac Bignell Boxed Note Cards,950,950,1,,,,https://www.indigenouscollection.com/products/isaac-bignell-boxed-note-cards?variant=45669705482415&_gsid=ouPhNV6Jgoc4&utm_source=shopify&utm_medium=catalog
category,note_cards,note cards,duly-noted-stationery.myshopify.com,Duly Noted Stationery,E Frances Boxed Little Notes - Lobster,2295,2295,1,,,,https://www.dulynoted.ca/products/e-frances-boxed-little-notes-lobster?variant=46174701584632&_gsid=ouPhNV6Jgoc4&utm_source=shopify&utm_medium=catalog
category,note_cards,note cards,dearest-nicky.myshopify.com,Dearest Nicky,Books and Tea Flat Note Cards - Set of 8,400,400,1,Choose with or without envelopes,,,https://dearestnicky.com/products/books-and-tea-flat-notecards-set-of-8?variant=39591905788100&_gsid=ouPhNV6Jgoc4&utm_source=shopify&utm_medium=catalog
category,note_cards,note cards,front-and-co-gifts.myshopify.com,Front and Company: Gifts,Golf Tee Little Notes® – Boxed Set of 85 Mini Notecards,2400,2400,1,,,,https://gifts.frontandcompany.ca/products/golf-tee-little-notes%C2%AE-boxed-set-of-85-mini-notecards?variant=46285845496052&_gsid=ouPhNV6Jgoc4&utm_source=shopify&utm_medium=catalog
category,note_cards,note cards,buchans-kerrisdale-stationery-3461.myshopify.com,Buchan's Kerrisdale Stationery,Peter Pauper Press - Owl Portrait Note Cards,1695,1695,1,,,,https://www.buchanst.com/products/peter-pauper-press-owl-portrait-note-cards?variant=45291508793623&_gsid=ouPhNV6Jgoc4&utm_source=shopify&utm_medium=catalog
category,note_cards,note cards,entershine-bookshop.myshopify.com,Entershine Bookshop,Hummingbird Garden Note Cards,1499,1499,1,,,,https://www.entershinebookshop.ca/products/hummingbird-garden-note-cards?variant=48009596698863&_gsid=ouPhNV6Jgoc4&utm_source=shopify&utm_medium=catalog
category,note_cards,note cards,indigenous-collection.myshopify.com,Indigenous Collection,Benjamin Chee Chee Boxed Note Cards,2200,2200,1,,,,https://theindigenouscollection.com/products/benjamin-chee-chee-boxed-note-cards?variant=32095704514596&_gsid=ouPhNV6Jgoc4&utm_source=shopify&utm_medium=catalog
category,note_cards,note cards,tumbled-earth-boutique.myshopify.com,Tumbled Earth,Allium Blossoms 14 Note Cards,2400,2400,1,,personaliz,,https://tumbledearth.com/products/allium-blossoms-note-cards?variant=41887591301194&_gsid=ouPhNV6Jgoc4&utm_source=shopify&utm_medium=catalog
category,note_cards,note cards,classy-cards-creative.myshopify.com,Classy Cards Creative,Love Notes - Bestie Collection,1200,1200,1,,personaliz,,https://classycards.ca/products/love-notes-bestie-collection?variant=42322543837380&_gsid=ouPhNV6Jgoc4&utm_source=shopify&utm_medium=catalog
category,note_cards,note cards,316-publishing.myshopify.com,316 Publishing,Botanical Blessings Assorted Note Card Set - Set of 12,649,649,1,,,,https://316publishing.com/products/botanical-blessings-assorted-note-card-set-12?variant=43004037234924&_gsid=ouPhNV6Jgoc4&utm_source=shopify&utm_medium=catalog
category,note_cards,note cards,the-indigenous-collection.myshopify.com,Indigenous Collection and CAP & Winn Devon,In the Garden Boxed Note Cards,950,950,1,,,,https://www.indigenouscollection.com/products/in-the-garden-boxed-note-cards?variant=45669707153583&_gsid=ouPhNV6Jgoc4&utm_source=shopify&utm_medium=catalog
category,note_cards,note cards,d9c260-3.myshopify.com,Wordkind ,Gilded Butterflies Note Cards,1299,1299,1,,,,https://wordkind.ca/products/gilded-butterflies-note-cards?variant=44704081051838&_gsid=ouPhNV6Jgoc4&utm_source=shopify&utm_medium=catalog
category,note_cards,note cards,folk-stock-and-trade.myshopify.com,Folk Stock and Trade,Cupcake Little Notes,2395,2395,1,,,,https://www.folkstockandtrade.com/products/cupcake-little-notes?variant=41508036935886&_gsid=ouPhNV6Jgoc4&utm_source=shopify&utm_medium=catalog
category,note_cards,note cards,front-and-co-gifts.myshopify.com,Front and Company: Gifts,Dahlia bouquet notecards,995,995,1,,,,https://gifts.frontandcompany.ca/products/dahlia-bouquet-notecards?variant=44692476625140&_gsid=ouPhNV6Jgoc4&utm_source=shopify&utm_medium=catalog
category,note_cards,note cards,take-note-stationery-boutique.myshopify.com,Take Note Stationery Boutique,Boxed Notecards - Amethyst Butterflies,1500,1500,1,,,,https://takenoteboutique.ca/products/boxed-notecards-amethyst-butterflies?variant=39747725819982&_gsid=ouPhNV6Jgoc4&utm_source=shopify&utm_medium=catalog
category,note_cards,note cards,316-publishing.myshopify.com,316 Publishing,Encouraging Truths Assorted Note Cards – Set of 12,1039,1039,1,,,,https://316publishing.com/products/encouraging-truths-assorted-note-cards-set-of-12?variant=47671370023148&_gsid=ouPhNV6Jgoc4&utm_source=shopify&utm_medium=catalog
category,note_cards,note cards,316-publishing.myshopify.com,316 Publishing,Bright Birthdays Assorted Note Cards – Set of 12,1039,1039,1,,,,https://316publishing.com/products/bright-birthdays-assorted-note-cards-set-of-12?variant=47671267918060&_gsid=ouPhNV6Jgoc4&utm_source=shopify&utm_medium=catalog
category,note_cards,note cards,snapdragon-design.myshopify.com,Snapdragon Designs,"E. Frances Paper, Flat Note set",2800,2800,1,Colour,,,https://snapdragondesigns.ca/products/e-frances-paper-flat-notes?variant=42692180639786&_gsid=ouPhNV6Jgoc4&utm_source=shopify&utm_medium=catalog
category,note_cards,note cards,info-steelinghome-ca.myshopify.com,Steeling Home,Pigeon A Little Note Boxed Notecard Set of 10,2400,2400,1,,,,https://www.steelinghome.ca/products/pigeon-a-little-note-boxed-notecard-set-of-10?variant=42540093407335&_gsid=ouPhNV6Jgoc4&utm_source=shopify&utm_medium=catalog
category,note_cards,note cards,paperpluscloth.myshopify.com,Paper Plus Cloth,Classiky x Ten to Sen Letterpress Note Cards 20pc - Little Garden,790,790,1,,,,https://www.paperpluscloth.com/products/classiky-x-ten-to-sen-letterpress-note-cards-20pc-little-garden?variant=51417889538343&_gsid=ouPhNV6Jgoc4&utm_source=shopify&utm_medium=catalog
category,note_cards,note cards,d87ce2-43.myshopify.com,Indigo,"Lollipop Trees Boxed Notes, Set Of 14",1084,1084,1,,,,https://www.indigo.ca/products/lollipop-trees-boxed-notes-set-of-14?variant=46632763556050&_gsid=ouPhNV6Jgoc4&utm_source=shopify&utm_medium=catalog
category,note_cards,note cards,seekandbloomco.myshopify.com,Seek and Bloom Creative Co.,"Star, Pressed Flower on Black, Note Card Set *Discontinued",1500,1500,1,,,,https://seekandbloom.ca/products/star-pressed-flower-on-black-note-card-set?variant=45774107279589&_gsid=ouPhNV6Jgoc4&utm_source=shopify&utm_medium=catalog
category,note_cards,note cards,the-indigenous-collection.myshopify.com,Indigenous Collection and CAP & Winn Devon,Hummingbird Encounters Boxed Note Cards,950,950,1,,,,https://www.indigenouscollection.com/products/hummingbird-encounters-boxed-note-cards?variant=45669712265391&_gsid=ouPhNV6Jgoc4&utm_source=shopify&utm_medium=catalog
category,note_cards,note cards,sartorial-boutique.myshopify.com,THIS & THAT | FOR LIVING AND GIVING,Little Notes - Dog Days,2200,2200,1,,,,https://www.shopthisandthat.ca/products/little-notes-dog-days?variant=51924108280125&_gsid=ouPhNV6Jgoc4&utm_source=shopify&utm_medium=catalog
category,note_cards,note cards,redpegasusstore.myshopify.com,Red Pegasus,Marimekko Kukka Notecards,2595,2595,1,,,,https://redpegasus.ca/products/marimekko-kukka-notecards?variant=39924093255767&_gsid=ouPhNV6Jgoc4&utm_source=shopify&utm_medium=catalog
personalization,thank_you_personalized,personalized thank you cards,good-nbr.myshopify.com,Good Neighbour,Peacock Thank You Card (Boxed Set of 8),3600,3600,1,,personaliz,,https://www.goodnbr.com/products/peacock-thank-you-card-boxed-set-of-8?variant=40889176457259&_gsid=TgUuBfdAatYG&utm_source=shopify&utm_medium=catalog
personalization,thank_you_personalized,personalized thank you cards,collected-joy.myshopify.com,Collected Joy,Rifle Thank You Bouquet,750,750,1,,personaliz,,https://collected-joy.com/products/rifle-thank-you-bouquet?variant=40360393736271&_gsid=TgUuBfdAatYG&utm_source=shopify&utm_medium=catalog
personalization,thank_you_personalized,personalized thank you cards,thecrossdesign.myshopify.com,The Cross Living,Hydrangea Thank You Card Boxed Set,4500,4500,1,,,,https://www.thecrossliving.com/products/hydrangea-thank-you-card-boxed-set?variant=44686546862137&_gsid=TgUuBfdAatYG&utm_source=shopify&utm_medium=catalog
personalization,thank_you_personalized,personalized thank you cards,thecrossdesign.myshopify.com,The Cross Living,Pink Hydrangea Thank You Card Boxed Set,2000,2000,1,,,,https://www.thecrossliving.com/products/pink-hydrangea-thank-you-card-boxed-set?variant=45779044827193&_gsid=TgUuBfdAatYG&utm_source=shopify&utm_medium=catalog
personalization,thank_you_personalized,personalized thank you cards,thecrdroom2.myshopify.com,The Card Room at KRICKET’S ,Rifle Paper Co - Thank You Roses Card,895,895,1,,,,https://thecardroom.ca/products/rifle-paper-co-thank-you-roses-card?variant=45076228636810&_gsid=TgUuBfdAatYG&utm_source=shopify&utm_medium=catalog
personalization,thank_you_personalized,personalized thank you cards,91cb25-c5.myshopify.com,Fort + Company ,With Gratitude Card,1000,1000,1,,personaliz,,https://fortandcompany.ca/products/with-gratitude-card?variant=51417346867431&_gsid=TgUuBfdAatYG&utm_source=shopify&utm_medium=catalog
personalization,thank_you_personalized,personalized thank you cards,thecrdroom2.myshopify.com,The Card Room at KRICKET’S ,Doggy Thank You Card,895,895,1,,,,https://thecardroom.ca/products/doggy-thank-you-card?variant=49766629638282&_gsid=TgUuBfdAatYG&utm_source=shopify&utm_medium=catalog
personalization,thank_you_personalized,personalized thank you cards,thecrossdesign.myshopify.com,The Cross Living,Delft Thank You Card Boxed Set,5000,5000,1,,,,https://www.thecrossliving.com/products/delft-thank-you-card-boxed-set?variant=44725963325497&_gsid=TgUuBfdAatYG&utm_source=shopify&utm_medium=catalog
personalization,thank_you_personalized,personalized thank you cards,halfpennypostage.myshopify.com,Halfpenny Postage,Classic Thank You,700,700,1,,,,https://halfpennypostage.com/products/classicthankyou-madelinekloepper?variant=48114905481458&_gsid=TgUuBfdAatYG&utm_source=shopify&utm_medium=catalog
personalization,thank_you_personalized,personalized thank you cards,thistleandwren.myshopify.com,Thistle & Wren,Strawberry Fields Thank You Card,915,915,1,,,,https://www.thistleandwren.com/products/strawberry-fields-thank-you-card?variant=44806726353094&_gsid=TgUuBfdAatYG&utm_source=shopify&utm_medium=catalog
personalization,thank_you_personalized,personalized thank you cards,river-bookshop.myshopify.com,River Bookshop,Little Card Big Thanks,895,895,1,,,,https://riverbookshop.com/products/810086849918?variant=48221987438847&_gsid=TgUuBfdAatYG&utm_source=shopify&utm_medium=catalog
personalization,thank_you_personalized,personalized thank you cards,redpegasusstore.myshopify.com,Red Pegasus,Delphine Thank You Cards (Set of 8),3600,3600,1,,personaliz,,https://redpegasus.ca/products/cardinals-holiday-cards-box-set?variant=42067601358935&_gsid=TgUuBfdAatYG&utm_source=shopify&utm_medium=catalog
personalization,thank_you_personalized,personalized thank you cards,thecrdroom2.myshopify.com,The Card Room at KRICKET’S ,Rifle Paper Co - Rose Garden Thank You Cards Boxed Set of 8,3295,3295,1,,personaliz,,https://thecardroom.ca/products/rifle-paper-co-rose-garden-thank-you-card-box-of-8?variant=42339571335306&_gsid=TgUuBfdAatYG&utm_source=shopify&utm_medium=catalog
personalization,thank_you_personalized,personalized thank you cards,scout-ltd.myshopify.com,Scout,Rosette Thank You Card,895,895,1,Option,,,https://www.iheartscout.com/products/rosette-thank-you-card?variant=46599218921716&_gsid=TgUuBfdAatYG&utm_source=shopify&utm_medium=catalog
personalization,thank_you_personalized,personalized thank you cards,thecrossdesign.myshopify.com,The Cross Living,English Rose Thank You Card Boxed Set,5000,5000,1,,personaliz,,https://www.thecrossliving.com/products/english-rose-thank-you-card-boxed-set?variant=43839386681401&_gsid=TgUuBfdAatYG&utm_source=shopify&utm_medium=catalog
personalization,thank_you_personalized,personalized thank you cards,flauntcards.myshopify.com,Flaunt Cards,"""Thank You""  Bird on Flower",700,700,1,,,,https://www.flauntshop.com/products/thank-you-bird-on-flower?variant=34414585809&_gsid=TgUuBfdAatYG&utm_source=shopify&utm_medium=catalog
personalization,thank_you_personalized,personalized thank you cards,good-nbr.myshopify.com,Good Neighbour,Thank You With Flowers Die Cut Card,1000,1000,1,,,,https://www.goodnbr.com/products/thank-you-with-flowers-die-cut-card?variant=43120852795435&_gsid=TgUuBfdAatYG&utm_source=shopify&utm_medium=catalog
personalization,thank_you_personalized,personalized thank you cards,phidon.myshopify.com,Phidon Pens,TUTTLE Thank You Cards Set - Cherry Blossoms,2095,2095,1,,personaliz,,https://phidonpens.com/products/tuttle-thank-you-cards-set-cherry-blossoms?variant=47287671292125&_gsid=TgUuBfdAatYG&utm_source=shopify&utm_medium=catalog
personalization,thank_you_personalized,personalized thank you cards,girl-on-the-wing.myshopify.com,Girl on the Wing,Thank You Cards,800,800,1,Style,,,https://www.girlonthewing.ca/products/thank-you-cards?variant=40033187266615&_gsid=TgUuBfdAatYG&utm_source=shopify&utm_medium=catalog
personalization,thank_you_personalized,personalized thank you cards,cheerfetti-gift-co.myshopify.com,Cheerfetti Gift Co.,Card - Thank you,600,600,1,,custom,,https://www.cheerfetti.ca/products/card-thank-you?variant=37775672606885&_gsid=TgUuBfdAatYG&utm_source=shopify&utm_medium=catalog
personalization,thank_you_personalized,personalized thank you cards,juxtaposegifts.myshopify.com,Juxtapose Cards & Gifts,Garden Party Thank You Keepsake Boxed Cards,4695,4695,1,,,,https://juxtaposeannex.com/products/garden-party-thank-you-keepsake-boxed-cards?variant=48494468366490&_gsid=TgUuBfdAatYG&utm_source=shopify&utm_medium=catalog
personalization,thank_you_personalized,personalized thank you cards,17a98d.myshopify.com,Ten Thousand Villages Abbotsford,Quilling Cards Vietnam - Thank You Quill & Ink,900,900,1,,,,https://bcvillages.ca/products/quilling-cards-vietnam-thank-you-quill-ink?variant=48610485698845&_gsid=TgUuBfdAatYG&utm_source=shopify&utm_medium=catalog
personalization,thank_you_personalized,personalized thank you cards,seekandbloomco.myshopify.com,Seek and Bloom Creative Co.,"Thank You, Pressed Flower Cosmos",2500,2500,1,,,,https://seekandbloom.ca/products/thank-you-pressed-flower-cosmos?variant=43976379498725&_gsid=TgUuBfdAatYG&utm_source=shopify&utm_medium=catalog
personalization,thank_you_personalized,personalized thank you cards,thecrossdesign.myshopify.com,The Cross Living,Margaux Thank You Card,995,995,1,,,,https://www.thecrossliving.com/products/margaux-thank-you-card?variant=43683290513465&_gsid=TgUuBfdAatYG&utm_source=shopify&utm_medium=catalog
personalization,thank_you_personalized,personalized thank you cards,artisaire.myshopify.com,Artisaire,Scribble Thank You Card,310,310,1,Paper; Color,personaliz,,https://artisaire.com/products/scribble-thank-you-cards?variant=44879047196828&_gsid=TgUuBfdAatYG&utm_source=shopify&utm_medium=catalog
personalization,thank_you_personalized,personalized thank you cards,front-and-co-gifts.myshopify.com,Front and Company: Gifts,Navy Stripes Thank You Greeting Card,3895,3895,1,Packaging type,,,https://gifts.frontandcompany.ca/products/navy-stripes-thank-you-greeting-card-boxed-set-of-6?variant=46288683139316&_gsid=TgUuBfdAatYG&utm_source=shopify&utm_medium=catalog
personalization,thank_you_personalized,personalized thank you cards,good-nbr.myshopify.com,Good Neighbour,Seaside Thank You Card,1095,1095,1,,,,https://www.goodnbr.com/products/seaside-thank-you-card?variant=44174291763243&_gsid=TgUuBfdAatYG&utm_source=shopify&utm_medium=catalog
personalization,thank_you_personalized,personalized thank you cards,front-and-co-gifts.myshopify.com,Front and Company: Gifts,Pink Tulip Thank You Cards,3895,3895,1,Packaging type,,,https://gifts.frontandcompany.ca/products/pink-tulip-thank-you-cards-boxed-set-of-6-notes?variant=46288685334772&_gsid=TgUuBfdAatYG&utm_source=shopify&utm_medium=catalog
personalization,thank_you_personalized,personalized thank you cards,thecrdroom2.myshopify.com,The Card Room at KRICKET’S ,Sage Meadow Thank You Card,895,895,1,,,,https://thecardroom.ca/products/sage-meadow-thank-you-card?variant=46124043042954&_gsid=TgUuBfdAatYG&utm_source=shopify&utm_medium=catalog
personalization,thank_you_personalized,personalized thank you cards,good-nbr.myshopify.com,Good Neighbour,Moss Thank You Card,995,995,1,,,,https://www.goodnbr.com/products/moss-thank-you-card?variant=44291073605675&_gsid=TgUuBfdAatYG&utm_source=shopify&utm_medium=catalog
personalization,thank_you_personalized,personalized thank you cards,nutterie.myshopify.com,Nutterie,Thank You Card - Customizable,399,399,1,,custom,,https://nutterie.com/products/thank-you-card-customizable?variant=46120923201701&_gsid=TgUuBfdAatYG&utm_source=shopify&utm_medium=catalog
personalization,thank_you_personalized,personalized thank you cards,lady-of-the-lake-brandon.myshopify.com,Lady of the Lake,Lavender & Honey - Notecard Set - Thank You,1999,1999,1,,,,https://ladyofthelakeshop.ca/products/lavender-honey-notecard-set-thank-you?variant=44186071695663&_gsid=TgUuBfdAatYG&utm_source=shopify&utm_medium=catalog
personalization,thank_you_personalized,personalized thank you cards,redpegasusstore.myshopify.com,Red Pegasus,Thank You So Very Much Cards (Box Set),3600,3600,1,,personaliz,,https://redpegasus.ca/products/thank-you-so-very-much-cards-box-set?variant=40243547504727&_gsid=TgUuBfdAatYG&utm_source=shopify&utm_medium=catalog
personalization,thank_you_personalized,personalized thank you cards,mimi-hammer-swimwear.myshopify.com,Mimi & August,Floral Thank You Greeting Card,699,699,1,,custom,,https://mimiandaugust.com/products/floral-thank-you-greeting-card?variant=45996424724655&_gsid=TgUuBfdAatYG&utm_source=shopify&utm_medium=catalog
personalization,thank_you_personalized,personalized thank you cards,wonderpens.myshopify.com,Wonder Pens,E. Frances Paper - Card - Colorful Thanks,825,825,1,,,,https://wonderpens.ca/products/e-frances-paper-colorful-thanks?variant=44222659100917&_gsid=TgUuBfdAatYG&utm_source=shopify&utm_medium=catalog
personalization,thank_you_personalized,personalized thank you cards,d76b99-2.myshopify.com,The Friendly Paper Co.,Personalised Thank You Cards,6800,6800,1,Material; Quantity,personalis; custom; personaliz,,https://thefriendlypaperco.com/products/personalised-thank-you-cards-8?variant=47650623488324&_gsid=TgUuBfdAatYG&utm_source=shopify&utm_medium=catalog
personalization,thank_you_personalized,personalized thank you cards,twentyseventoronto.myshopify.com,Twentyseven,Thanks Fox Thank You Greeting Card Box Set,3200,3200,1,,,,https://twentyseventoronto.com/products/thanks-fox-thank-you-greeting-card-boxed-sets?variant=50242059436279&_gsid=TgUuBfdAatYG&utm_source=shopify&utm_medium=catalog
personalization,thank_you_personalized,personalized thank you cards,jillys-boutique-6653.myshopify.com,Jilly's Boutique,Thank You Album Greeting Card,900,900,1,,,,https://shopjillysboutique.com/products/thank-you-album-greeting-card?variant=48126066950399&_gsid=TgUuBfdAatYG&utm_source=shopify&utm_medium=catalog
personalization,thank_you_personalized,personalized thank you cards,good-nbr.myshopify.com,Good Neighbour,Big Thank You Dots Card,995,995,1,,,,https://www.goodnbr.com/products/big-thank-you-dots-card?variant=41052157116459&_gsid=TgUuBfdAatYG&utm_source=shopify&utm_medium=catalog
personalization,thank_you_personalized,personalized thank you cards,paboom-victoria.myshopify.com,PABOOM,Floral Thank You Card | Uniquely Shaped Greeting Cards,650,650,1,,,,https://paboom.com/products/floral-thank-you-card-uniquely-shaped-greeting-cards?variant=46421805564081&_gsid=TgUuBfdAatYG&utm_source=shopify&utm_medium=catalog
personalization,thank_you_personalized,personalized thank you cards,greetngrow.myshopify.com,Greet 'n Grow Plantable Cards,Thank You Cards,649,649,1,Seed type,,,https://greetngrow.ca/products/thank-you-cards?variant=51245553549601&_gsid=TgUuBfdAatYG&utm_source=shopify&utm_medium=catalog
personalization,thank_you_personalized,personalized thank you cards,scout-ltd.myshopify.com,Scout,Blue Gingham Thank You Card,895,895,1,,,,https://www.iheartscout.com/products/blue-gingham-thank-you-card?variant=47479813308660&_gsid=TgUuBfdAatYG&utm_source=shopify&utm_medium=catalog
personalization,thank_you_personalized,personalized thank you cards,good-nbr.myshopify.com,Good Neighbour,Gold Stripes Thank You Card (Boxed Set Of 8),3600,3600,1,,personaliz,,https://www.goodnbr.com/products/gold-stripes-thank-you-card-boxed-set-of-8?variant=40889171378219&_gsid=TgUuBfdAatYG&utm_source=shopify&utm_medium=catalog
personalization,thank_you_personalized,personalized thank you cards,thecrdroom2.myshopify.com,The Card Room at KRICKET’S ,Flower Patch Thank You Card,895,895,1,,,,https://thecardroom.ca/products/flower-patch-thank-you-card?variant=46124062572682&_gsid=TgUuBfdAatYG&utm_source=shopify&utm_medium=catalog
personalization,thank_you_personalized,personalized thank you cards,juxtaposegifts.myshopify.com,Juxtapose Cards & Gifts,Lavender & Honey Thank You Boxed Cards,1595,1595,1,,,,https://juxtaposeannex.com/products/lavender-honey-thank-you-boxed-cards?variant=39911141965978&_gsid=TgUuBfdAatYG&utm_source=shopify&utm_medium=catalog
personalization,thank_you_personalized,personalized thank you cards,a-little-leafy.myshopify.com,A Little Leafy,Thank You - Your Photo And Custom Text Print At Home Card,1500,1500,1,Color,custom; personaliz,,https://alittleleafy.com/products/thank-you-your-photo-and-custom-text-print-at-home-card?variant=39308965576770&_gsid=TgUuBfdAatYG&utm_source=shopify&utm_medium=catalog
personalization,thank_you_personalized,personalized thank you cards,front-and-co-gifts.myshopify.com,Front and Company: Gifts,Big Navy Striped Bow Thank You Note Greeting Card,995,995,1,,,,https://gifts.frontandcompany.ca/products/big-navy-striped-bow-thank-you-note-greeting-card?variant=46962500436212&_gsid=TgUuBfdAatYG&utm_source=shopify&utm_medium=catalog
personalization,thank_you_personalized,personalized thank you cards,d87ce2-43.myshopify.com,Indigo,"Watercolor Sunset Thank You Notes, Set Of 14",1081,1081,1,,,,https://www.indigo.ca/products/watercolor-sunset-thank-you-notes-set-of-14?variant=46632741994706&_gsid=TgUuBfdAatYG&utm_source=shopify&utm_medium=catalog
personalization,thank_you_personalized,personalized thank you cards,artisaire.myshopify.com,Artisaire,Design Your Own Thank You Card,310,310,1,Paper,personaliz,,https://artisaire.com/products/design-your-own-thank-you-card?variant=44941391790236&_gsid=TgUuBfdAatYG&utm_source=shopify&utm_medium=catalog
personalization,thank_you_personalized,personalized thank you cards,pukkagifts.myshopify.com,My Happy Moments,Personalised Rainbow Thank You Card,900,900,1,,personalis; custom,,https://www.myhappymoments.co.uk/products/personalised-rainbow-thank-you-card?variant=33261548470408&_gsid=TgUuBfdAatYG&utm_source=shopify&utm_medium=catalog
personalization,stationery_personalized,personalized stationery,something-personalized.myshopify.com,Something Personalized,Riley Stationery,2200,2200,1,,personaliz; custom; your name,,https://somethingpersonalized.ca/products/riley-stationery?variant=47162888454368&_gsid=ijcSTK3AsjeY&utm_source=shopify&utm_medium=catalog
personalization,stationery_personalized,personalized stationery,miniature-boutique.myshopify.com,Paper and Clips Co.,Custom Name Stationery Gift Set,3695,3695,1,Ink color combination,custom; personaliz,,https://www.paperandclipsco.com/products/custom-name-stationery-gift-set?variant=40512097091664&_gsid=ijcSTK3AsjeY&utm_source=shopify&utm_medium=catalog
personalization,stationery_personalized,personalized stationery,written-word-calligraphy-and-design.myshopify.com,Written Word Calligraphy and Design,Élan Personalized Stationery,39800,39800,1,Number of sets; Printing method and color,personaliz; custom,,https://writtenwordcalligraphy.com/products/elan-personalized-stationery?variant=39944933769424&_gsid=ijcSTK3AsjeY&utm_source=shopify&utm_medium=catalog
personalization,stationery_personalized,personalized stationery,written-word-calligraphy-and-design.myshopify.com,Written Word Calligraphy and Design,Blanc Personalized Stationery,39800,39800,1,Number of sets; Printing color and method,personaliz; custom,,https://writtenwordcalligraphy.com/products/blanc-personalized-stationery?variant=39944089403600&_gsid=ijcSTK3AsjeY&utm_source=shopify&utm_medium=catalog
personalization,stationery_personalized,personalized stationery,written-word-calligraphy-and-design.myshopify.com,Written Word Calligraphy and Design,Serein Personalized Stationery,39800,39800,1,Number of sets; Printing method and color,personaliz; custom,,https://writtenwordcalligraphy.com/products/serein-personalized-stationery?variant=39944536490192&_gsid=ijcSTK3AsjeY&utm_source=shopify&utm_medium=catalog
personalization,stationery_personalized,personalized stationery,written-word-calligraphy-and-design.myshopify.com,Written Word Calligraphy and Design,Voyageur Personalized Stationery,39800,39800,1,Number of sets; Printing method and color,personaliz; custom,,https://writtenwordcalligraphy.com/products/voyageur-personalized-stationery?variant=39944523874512&_gsid=ijcSTK3AsjeY&utm_source=shopify&utm_medium=catalog
personalization,stationery_personalized,personalized stationery,written-word-calligraphy-and-design.myshopify.com,Written Word Calligraphy and Design,Botanist Personalized Stationery,39800,39800,1,Number of sets; Printing method and color,personaliz; custom,,https://writtenwordcalligraphy.com/products/botanist-personalized-stationery?variant=39944356200656&_gsid=ijcSTK3AsjeY&utm_source=shopify&utm_medium=catalog
personalization,stationery_personalized,personalized stationery,if-its-paper-store.myshopify.com,If Its Paper Store,Personal Stationery - Patti,12800,12800,1,Flat rate quantity,custom; monogram,,https://ifitspaper.org/products/personal-stationery-patti?variant=43609693061351&_gsid=ijcSTK3AsjeY&utm_source=shopify&utm_medium=catalog
personalization,stationery_personalized,personalized stationery,1nbrst-sd.myshopify.com,Inkling,Mini Vibe Box,1999,1999,1,,personaliz,,https://theinklingshop.ca/products/mini-vibe-box?variant=46209678082211&_gsid=ijcSTK3AsjeY&utm_source=shopify&utm_medium=catalog
personalization,stationery_personalized,personalized stationery,written-word-calligraphy-and-design.myshopify.com,Written Word Calligraphy and Design,Heirloom Personalized Stationery,39800,39800,1,Number of stationery sets; Printing color,personaliz; custom,,https://writtenwordcalligraphy.com/products/heirloom-personalized-stationery?variant=40444854206672&_gsid=ijcSTK3AsjeY&utm_source=shopify&utm_medium=catalog
personalization,stationery_personalized,personalized stationery,taylorswiftca.myshopify.com,Taylor Swift CA,TTPD Stationery and Wax Seal Set,7000,7000,1,,custom,,https://storeca.taylorswift.com/products/ttpd-stationary-and-wax-seal-set?variant=42592750272609&_gsid=ijcSTK3AsjeY&utm_source=shopify&utm_medium=catalog
personalization,stationery_personalized,personalized stationery,dearest-nicky.myshopify.com,Dearest Nicky,Flower Filled Envelope Personalized Notepad - 30 sheets,2000,2000,1,Would you like envelopes?; Notepad style,personaliz,,https://dearestnicky.com/products/dragonflies-allium-personalized-notepad-30-sheets-copy?variant=43872262619332&_gsid=ijcSTK3AsjeY&utm_source=shopify&utm_medium=catalog
personalization,stationery_personalized,personalized stationery,miniature-boutique.myshopify.com,Paper and Clips Co.,Pink Floral Stationery Gift Set,3695,3695,1,Notepad style; Notecard style,personaliz,,https://www.paperandclipsco.com/products/pink-floral-stationery-gift-set?variant=40512051347536&_gsid=ijcSTK3AsjeY&utm_source=shopify&utm_medium=catalog
personalization,stationery_personalized,personalized stationery,1nbrst-sd.myshopify.com,Inkling,Standard Vibe Box,3999,3999,1,,personaliz,,https://theinklingshop.ca/products/standard-vibe-box?variant=46209716486307&_gsid=ijcSTK3AsjeY&utm_source=shopify&utm_medium=catalog
personalization,stationery_personalized,personalized stationery,miniature-boutique.myshopify.com,Paper and Clips Co.,Rainbow Stationery Set,3695,3695,1,Bookmark color selection,personaliz,,https://www.paperandclipsco.com/products/rainbow-stationery-set?variant=41234175164496&_gsid=ijcSTK3AsjeY&utm_source=shopify&utm_medium=catalog
personalization,stationery_personalized,personalized stationery,040324-3.myshopify.com,deaRrLive,"Custom Design Stationery - Letter Size, A4, Personalize Paper, Thank You Note, Photos",2600,2600,1,,custom; personaliz,,https://whitestrawberri.com/products/custom-design-stationery-letter-size-a4-personalize-paper-thank-you-note-photos?variant=42488189452470&_gsid=ijcSTK3AsjeY&utm_source=shopify&utm_medium=catalog
personalization,stationery_personalized,personalized stationery,7bdd93-b4.myshopify.com,Lootie Patootie,Abby Custom Stationery,2299,2299,1,,custom,,https://www.lootiepatootie.com/products/abby-custom-stationery?variant=50000317645095&_gsid=ijcSTK3AsjeY&utm_source=shopify&utm_medium=catalog
personalization,stationery_personalized,personalized stationery,digitallyposh-com.myshopify.com,Smartly Empowered,Thinking of You Personalized Stationery Set,5700,5700,1,,personaliz; custom,,https://www.smartlyempowered.com/products/stationery-paper-set-printable-51027?variant=43182682177705&_gsid=ijcSTK3AsjeY&utm_source=shopify&utm_medium=catalog
personalization,stationery_personalized,personalized stationery,digitallyposh-com.myshopify.com,Smartly Empowered,Personalized Blue Luggage Letterhead,3600,3600,1,,personaliz; custom; your name,,https://www.smartlyempowered.com/products/stationery-21?variant=43065388204201&_gsid=ijcSTK3AsjeY&utm_source=shopify&utm_medium=catalog
personalization,stationery_personalized,personalized stationery,miniature-boutique.myshopify.com,Paper and Clips Co.,Violet Floral Stationery Gift Set,3695,3695,1,Notepad style; Notecard style,personaliz,,https://www.paperandclipsco.com/products/violet-floral-stationery-gift-set?variant=40512056590416&_gsid=ijcSTK3AsjeY&utm_source=shopify&utm_medium=catalog
personalization,stationery_personalized,personalized stationery,something-personalized.myshopify.com,Something Personalized,Noah Stationery,2200,2200,1,,personaliz,,https://somethingpersonalized.ca/products/noah-stationery?variant=47162868596960&_gsid=ijcSTK3AsjeY&utm_source=shopify&utm_medium=catalog
personalization,stationery_personalized,personalized stationery,7bdd93-b4.myshopify.com,Lootie Patootie,Bella Custom Stationery,2299,2299,1,,custom,,https://www.lootiepatootie.com/products/bella-custom-stationery?variant=50000253976871&_gsid=ijcSTK3AsjeY&utm_source=shopify&utm_medium=catalog
personalization,stationery_personalized,personalized stationery,digitallyposh-com.myshopify.com,Smartly Empowered,The Confident Beaute Personalized Stationery Set,5700,5700,1,,personaliz; custom,,https://www.smartlyempowered.com/products/personalized-stationery-paper-set-31170?variant=43182682243241&_gsid=ijcSTK3AsjeY&utm_source=shopify&utm_medium=catalog
personalization,stationery_personalized,personalized stationery,7bdd93-b4.myshopify.com,Lootie Patootie,Jake Stationery,2299,2299,1,,,,https://www.lootiepatootie.com/products/jake-stationary?variant=48489822617895&_gsid=ijcSTK3AsjeY&utm_source=shopify&utm_medium=catalog
personalization,stationery_personalized,personalized stationery,something-personalized.myshopify.com,Something Personalized,Roxy Stationery,2200,2200,1,,personaliz; custom; your name,,https://somethingpersonalized.ca/products/roxy-stationery?variant=47162870300896&_gsid=ijcSTK3AsjeY&utm_source=shopify&utm_medium=catalog
personalization,stationery_personalized,personalized stationery,miniature-boutique.myshopify.com,Paper and Clips Co.,Calm Floral Stationery Gift Set,3695,3695,1,4.25x5.5 notepad style,personaliz; custom,,https://www.paperandclipsco.com/products/calm-floral-stationery-gift-set?variant=40643229220944&_gsid=ijcSTK3AsjeY&utm_source=shopify&utm_medium=catalog
personalization,stationery_personalized,personalized stationery,digitallyposh-com.myshopify.com,Smartly Empowered,Personalized Letterhead,3600,3600,1,,personaliz; custom; your name,,https://www.smartlyempowered.com/products/personalized-letterhead-2?variant=43099897921705&_gsid=ijcSTK3AsjeY&utm_source=shopify&utm_medium=catalog
personalization,stationery_personalized,personalized stationery,dearest-nicky.myshopify.com,Dearest Nicky,Daisies Personalized Notepad - 30 sheets,2000,2000,1,Would you like envelopes?; Notepad style,personaliz,,https://dearestnicky.com/products/cupcakes-personalized-notepad-30-sheets-copy?variant=43872258031812&_gsid=ijcSTK3AsjeY&utm_source=shopify&utm_medium=catalog
personalization,stationery_personalized,personalized stationery,digitallyposh-com.myshopify.com,Smartly Empowered,Red Roses Personalized Letterhead Set,5700,5700,1,,personaliz; custom,,https://www.smartlyempowered.com/products/personalized-stationery-paper-set-54485?variant=43182682210473&_gsid=ijcSTK3AsjeY&utm_source=shopify&utm_medium=catalog
personalization,stationery_personalized,personalized stationery,dearest-nicky.myshopify.com,Dearest Nicky,Pencils Personalized Notepad - 30 sheets,2000,2000,1,Would you like envelopes?; Notepad style,personaliz,,https://dearestnicky.com/products/pencil-border-personalized-notepad-30-sheets?variant=44832048382148&_gsid=ijcSTK3AsjeY&utm_source=shopify&utm_medium=catalog
personalization,stationery_personalized,personalized stationery,dearest-nicky.myshopify.com,Dearest Nicky,Soft Floral Personalized Notepad - 30 sheets,2000,2000,1,Would you like envelopes?; Notepad style,personaliz,,https://dearestnicky.com/products/ranunculus-personalized-notepad-30-sheets-copy?variant=43872285491396&_gsid=ijcSTK3AsjeY&utm_source=shopify&utm_medium=catalog
personalization,stationery_personalized,personalized stationery,duly-noted-stationery.myshopify.com,Duly Noted Stationery,Writing Gift Set - Send With Love,6995,6995,1,,,,https://www.dulynoted.ca/products/writing-gift-set-send-with-love?variant=47492308697336&_gsid=ijcSTK3AsjeY&utm_source=shopify&utm_medium=catalog
personalization,stationery_personalized,personalized stationery,7bdd93-b4.myshopify.com,Lootie Patootie,Corey Stationery,2299,2299,1,,,,https://www.lootiepatootie.com/products/corey-stationery?variant=50966105063719&_gsid=ijcSTK3AsjeY&utm_source=shopify&utm_medium=catalog
personalization,stationery_personalized,personalized stationery,dearest-nicky.myshopify.com,Dearest Nicky,Irises Personalized Notepad - 30 sheets,2000,2000,1,Would you like envelopes?; Notepad style,personaliz,,https://dearestnicky.com/products/house-plants-personalized-notepad-30-sheets-copy?variant=43872272744644&_gsid=ijcSTK3AsjeY&utm_source=shopify&utm_medium=catalog
personalization,stationery_personalized,personalized stationery,aubmq4-3w.myshopify.com,Paperly Shop,Butterfly Toile Set,6500,6500,1,Quantity; Corners,custom,,https://paperlyshop.com/products/pink-bow-set-copy?variant=47537716428955&_gsid=ijcSTK3AsjeY&utm_source=shopify&utm_medium=catalog
personalization,stationery_personalized,personalized stationery,the-botanist-calgary.myshopify.com,The Botanist Calgary,Butterflies Stationery Set,2000,2000,1,,,,https://www.thebotanistcalgary.com/products/butterflies-stationery-set?variant=45453999440024&_gsid=ijcSTK3AsjeY&utm_source=shopify&utm_medium=catalog
personalization,stationery_personalized,personalized stationery,3d3eea-c0.myshopify.com,Nottawa Cottage Bookstore,Mini letter paper & envelopes with stickers 942 dog,800,800,1,,,,https://nottawacottagebookstore.ca/products/mini-letter-paper-envelopes-with-stickers-942-dog-coming-soon?variant=43933165748311&_gsid=ijcSTK3AsjeY&utm_source=shopify&utm_medium=catalog
personalization,stationery_personalized,personalized stationery,digitallyposh-com.myshopify.com,Smartly Empowered,The Bouquet Stationery,3600,3600,1,,custom; your name,,https://www.smartlyempowered.com/products/the-bouquet-stationery?variant=43012282712233&_gsid=ijcSTK3AsjeY&utm_source=shopify&utm_medium=catalog
personalization,stationery_personalized,personalized stationery,dearest-nicky.myshopify.com,Dearest Nicky,Wildflowers Personalized Notepad - 30 sheets,2000,2000,1,Would you like envelopes?; Notepad style,personaliz,,https://dearestnicky.com/products/vegetable-garden-personalized-notepad-30-sheets-copy?variant=43872291061956&_gsid=ijcSTK3AsjeY&utm_source=shopify&utm_medium=catalog
personalization,stationery_personalized,personalized stationery,dearest-nicky.myshopify.com,Dearest Nicky,Bold Floral Personalized Notepad - 30 sheets,2000,2000,1,Would you like envelopes?; Notepad style,personaliz,,https://dearestnicky.com/products/bold-floral-personalized-notepad-25-sheets?variant=43831813505220&_gsid=ijcSTK3AsjeY&utm_source=shopify&utm_medium=catalog
personalization,stationery_personalized,personalized stationery,something-personalized.myshopify.com,Something Personalized,Andy Stationery,2200,2200,1,,custom; your name,,https://somethingpersonalized.ca/products/andy-stationery?variant=47162885669088&_gsid=ijcSTK3AsjeY&utm_source=shopify&utm_medium=catalog
personalization,stationery_personalized,personalized stationery,flair-necessities-2.myshopify.com,Augusta Joy,Personalized Kids Heart Notepad,2600,2600,1,Quantity,personaliz; custom; your name,,https://augustajoy.com/products/personalized-heart-notepad?variant=50940625781057&_gsid=ijcSTK3AsjeY&utm_source=shopify&utm_medium=catalog
personalization,stationery_personalized,personalized stationery,memories-made-custom.myshopify.com,Memories Made Custom,Personalized Refillable Leather Journal – Custom Engraved Handcrafted Notebook,8500,8500,1,,personaliz; custom; engrav,,https://memoriesmade.ca/products/refillable-journal-premium-leather-engraved?variant=40435629064326&_gsid=ijcSTK3AsjeY&utm_source=shopify&utm_medium=catalog
personalization,stationery_personalized,personalized stationery,paper-queen.myshopify.com,QUEEN & GRACE,Personalized Heart Stationery,4500,4500,1,Quantity,personaliz; custom,,https://www.queenandgrace.com/products/heart-flat-panel-cards?variant=31477978333257&_gsid=ijcSTK3AsjeY&utm_source=shopify&utm_medium=catalog
personalization,stationery_personalized,personalized stationery,miniature-boutique.myshopify.com,Paper and Clips Co.,Weekly Planner Stationery Set,3695,3695,1,,personaliz; custom,,https://www.paperandclipsco.com/products/weekly-planner-stationery-set?variant=40580414505040&_gsid=ijcSTK3AsjeY&utm_source=shopify&utm_medium=catalog
personalization,stationery_personalized,personalized stationery,thehomiegnome.myshopify.com,Farmhouse for the Soul,Personalized Daisy Journal,3500,3500,1,Size,personaliz; custom; your name,,https://farmhouseforthesoul.com/products/personalized-daisy-journal?variant=43728907632793&_gsid=ijcSTK3AsjeY&utm_source=shopify&utm_medium=catalog
personalization,stationery_personalized,personalized stationery,alvina-grace-designs.myshopify.com,Cotton Willow Design Co.,Modern Letterpress Personalized Stationery,12500,12500,1,Color,personaliz; monogram,,https://www.cottonwillowdesign.com/products/modern-letterpress-personalized-stationery?variant=31776989675592&_gsid=ijcSTK3AsjeY&utm_source=shopify&utm_medium=catalog
personalization,stationery_personalized,personalized stationery,aubmq4-3w.myshopify.com,Paperly Shop,Black Butterfly Stationery,7500,7500,1,Quantity; Corners,custom,,https://paperlyshop.com/products/blue-gingham-stationery-copy?variant=46846863311003&_gsid=ijcSTK3AsjeY&utm_source=shopify&utm_medium=catalog
personalization,stationery_personalized,personalized stationery,alvina-grace-designs.myshopify.com,Cotton Willow Design Co.,Letterpress Personalized Stationery,12500,12500,1,Color,personaliz,,https://www.cottonwillowdesign.com/products/letterpress-personalized-stationery?variant=36210567348385&_gsid=ijcSTK3AsjeY&utm_source=shopify&utm_medium=catalog
personalization,stationery_personalized,personalized stationery,something-personalized.myshopify.com,Something Personalized,Cooper Fill In Stationery,2200,2200,1,,,,https://somethingpersonalized.ca/products/cooper-fill-in-stationery?variant=47162882228448&_gsid=ijcSTK3AsjeY&utm_source=shopify&utm_medium=catalog
personalization,cards_custom_name,custom thank you cards with name,a-little-leafy.myshopify.com,A Little Leafy,Thank You - Your Photo And Custom Text Print At Home Card,1500,1500,1,Color,custom; personaliz,,https://alittleleafy.com/products/thank-you-your-photo-and-custom-text-print-at-home-card?variant=39308965576770&_gsid=NtNvaPAsVfBt&utm_source=shopify&utm_medium=catalog
personalization,cards_custom_name,custom thank you cards with name,creationz-by-saba.myshopify.com,Creationz By Saba,50 Custom Thank You Cards & 50 Logo Sticker Bundle | Personalized Business Branding Kit | Packaging Insert Cards & Custom Logo Labels,7000,7000,1,Style,custom; personaliz,,https://creationz-by-saba.myshopify.com/products/50-1-5-circle-logo-stickers-50-thank-you-cards-bundle-deal?variant=41108683718816&_gsid=NtNvaPAsVfBt&utm_source=shopify&utm_medium=catalog
personalization,cards_custom_name,custom thank you cards with name,91cb25-c5.myshopify.com,Fort + Company ,With Gratitude Card,1000,1000,1,,personaliz,,https://fortandcompany.ca/products/with-gratitude-card?variant=51417346867431&_gsid=NtNvaPAsVfBt&utm_source=shopify&utm_medium=catalog
personalization,cards_custom_name,custom thank you cards with name,good-nbr.myshopify.com,Good Neighbour,Peacock Thank You Card (Boxed Set of 8),3600,3600,1,,personaliz,,https://www.goodnbr.com/products/peacock-thank-you-card-boxed-set-of-8?variant=40889176457259&_gsid=NtNvaPAsVfBt&utm_source=shopify&utm_medium=catalog
personalization,cards_custom_name,custom thank you cards with name,sfgd9w-x0.myshopify.com,Flowerhint,"Personalized Blue Floral Funeral Thank You Cards with Envelopes, Custom Sympathy Bereavement Acknowledgement Notes with Name and Dates sympathy flower",3177,3177,1,,personaliz; custom,,https://www.flowerhint.com/products/personalized-blue-floral-funeral-thank-you-cards-with-envelopes-custom-sympathy-bereavement-acknowledgement-notes-with-name-and-dates-sympathy-flower?variant=42693976653911&_gsid=NtNvaPAsVfBt&utm_source=shopify&utm_medium=catalog
personalization,cards_custom_name,custom thank you cards with name,d76b99-2.myshopify.com,The Friendly Paper Co.,Personalised Thank You Cards,2500,2500,1,Material; Quantity,personalis; custom,,https://thefriendlypaperco.com/products/personalised-thank-you-cards-10?variant=47650648129860&_gsid=NtNvaPAsVfBt&utm_source=shopify&utm_medium=catalog
personalization,cards_custom_name,custom thank you cards with name,thecrossdesign.myshopify.com,The Cross Living,Pink Hydrangea Thank You Card Boxed Set,2000,2000,1,,,,https://www.thecrossliving.com/products/pink-hydrangea-thank-you-card-boxed-set?variant=45779044827193&_gsid=NtNvaPAsVfBt&utm_source=shopify&utm_medium=catalog
personalization,cards_custom_name,custom thank you cards with name,collected-joy.myshopify.com,Collected Joy,Rifle Thank You Bouquet,750,750,1,,personaliz,,https://collected-joy.com/products/rifle-thank-you-bouquet?variant=40360393736271&_gsid=NtNvaPAsVfBt&utm_source=shopify&utm_medium=catalog
personalization,cards_custom_name,custom thank you cards with name,thecrossdesign.myshopify.com,The Cross Living,Hydrangea Thank You Card Boxed Set,4500,4500,1,,,,https://www.thecrossliving.com/products/hydrangea-thank-you-card-boxed-set?variant=44686546862137&_gsid=NtNvaPAsVfBt&utm_source=shopify&utm_medium=catalog
personalization,cards_custom_name,custom thank you cards with name,good-nbr.myshopify.com,Good Neighbour,Rosette Thank You Card,950,950,1,,,,https://www.goodnbr.com/products/rosette-thank-you-card?variant=41892337254443&_gsid=NtNvaPAsVfBt&utm_source=shopify&utm_medium=catalog
personalization,cards_custom_name,custom thank you cards with name,thistleandwren.myshopify.com,Thistle & Wren,Strawberry Fields Thank You Card,915,915,1,,,,https://www.thistleandwren.com/products/strawberry-fields-thank-you-card?variant=44806726353094&_gsid=NtNvaPAsVfBt&utm_source=shopify&utm_medium=catalog
personalization,cards_custom_name,custom thank you cards with name,thecrdroom2.myshopify.com,The Card Room at KRICKET’S ,Rifle Paper Co - Thank You Roses Card,895,895,1,,,,https://thecardroom.ca/products/rifle-paper-co-thank-you-roses-card?variant=45076228636810&_gsid=NtNvaPAsVfBt&utm_source=shopify&utm_medium=catalog
personalization,cards_custom_name,custom thank you cards with name,halfpennypostage.myshopify.com,Halfpenny Postage,Classic Thank You,700,700,1,,,,https://halfpennypostage.com/products/classicthankyou-madelinekloepper?variant=48114905481458&_gsid=NtNvaPAsVfBt&utm_source=shopify&utm_medium=catalog
personalization,cards_custom_name,custom thank you cards with name,d76b99-2.myshopify.com,The Friendly Paper Co.,Personalised Thank You Cards,6800,6800,1,Material; Quantity,personalis; custom; personaliz,,https://thefriendlypaperco.com/products/personalised-thank-you-cards-8?variant=47650623488324&_gsid=NtNvaPAsVfBt&utm_source=shopify&utm_medium=catalog
personalization,cards_custom_name,custom thank you cards with name,flauntcards.myshopify.com,Flaunt Cards,"""Thank You""  Bird on Flower",700,700,1,,,,https://www.flauntshop.com/products/thank-you-bird-on-flower?variant=34414585809&_gsid=NtNvaPAsVfBt&utm_source=shopify&utm_medium=catalog
personalization,cards_custom_name,custom thank you cards with name,d76b99-2.myshopify.com,The Friendly Paper Co.,Personalised Thank You Cards,6800,6800,1,Material; Quantity,personalis; custom; personaliz,,https://thefriendlypaperco.com/products/personalised-thank-you-cards-7?variant=47650617098564&_gsid=NtNvaPAsVfBt&utm_source=shopify&utm_medium=catalog
personalization,cards_custom_name,custom thank you cards with name,creationz-by-saba.myshopify.com,Creationz By Saba,100 Custom Thank You Cards & 100 Logo Sticker Bundle | Personalized Business Branding Kit | Packaging Insert Cards & Custom Logo Labels,13000,13000,1,Style,custom; personaliz,,https://creationz-by-saba.myshopify.com/products/100-1-5-circle-logo-stickers-100-thank-you-cards-bundle-deal?variant=41108700135584&_gsid=NtNvaPAsVfBt&utm_source=shopify&utm_medium=catalog
personalization,cards_custom_name,custom thank you cards with name,cheerfetti-gift-co.myshopify.com,Cheerfetti Gift Co.,Card - Thank you,600,600,1,,custom,,https://www.cheerfetti.ca/products/card-thank-you?variant=37775672606885&_gsid=NtNvaPAsVfBt&utm_source=shopify&utm_medium=catalog
personalization,cards_custom_name,custom thank you cards with name,ecomartists.myshopify.com,Personalized Drawing Gifts,Personalized Thank you Card,4233,4233,1,Card size (inches); How many cards,personaliz; custom,,https://ecomartists.com/products/personalized-thank-you-card?variant=46933121368359&_gsid=NtNvaPAsVfBt&utm_source=shopify&utm_medium=catalog
personalization,cards_custom_name,custom thank you cards with name,thecrossdesign.myshopify.com,The Cross Living,Delft Thank You Card Boxed Set,5000,5000,1,,,,https://www.thecrossliving.com/products/delft-thank-you-card-boxed-set?variant=44725963325497&_gsid=NtNvaPAsVfBt&utm_source=shopify&utm_medium=catalog
personalization,cards_custom_name,custom thank you cards with name,d76b99-2.myshopify.com,The Friendly Paper Co.,Personalised Thank You Cards,2500,2500,1,Material; Quantity,personalis; custom,,https://thefriendlypaperco.com/products/personalised-thank-you-cards-11?variant=47650691875140&_gsid=NtNvaPAsVfBt&utm_source=shopify&utm_medium=catalog
personalization,cards_custom_name,custom thank you cards with name,d76b99-2.myshopify.com,The Friendly Paper Co.,Personalised Thank You Cards,6800,6800,1,Material; Quantity,personalis; custom,,https://thefriendlypaperco.com/products/personalised-thank-you-cards-6?variant=47650603958596&_gsid=NtNvaPAsVfBt&utm_source=shopify&utm_medium=catalog
personalization,cards_custom_name,custom thank you cards with name,winterfield-studios.myshopify.com,Winterfield Studios,Flower Thank You Card - Greeting Card - handmade Card Using Alcohol Inks - Thank You Card For Her - Customer Thank You Card,1000,1000,1,,custom,,https://www.winterfieldstudios.com/products/flower-thank-you-card-greeting-card-handmade-card-using-alcohol-inks-thank-you-card-for-her-customer-thank-you-card-1?variant=32102541361245&_gsid=NtNvaPAsVfBt&utm_source=shopify&utm_medium=catalog
personalization,cards_custom_name,custom thank you cards with name,girl-on-the-wing.myshopify.com,Girl on the Wing,Thank You Cards,800,800,1,Style,,,https://www.girlonthewing.ca/products/thank-you-cards?variant=40033187266615&_gsid=NtNvaPAsVfBt&utm_source=shopify&utm_medium=catalog
personalization,cards_custom_name,custom thank you cards with name,goprintplus.myshopify.com,Go Print Plus,Spring Pink Blossoms Thank You Card - Romantic Watercolor Florals,6200,6200,1,Flat or folded - by size; Paper type; Quantity,custom,,https://goprintplus.com/products/spring-pink-blossoms-thank-you-card?variant=45715134939322&_gsid=NtNvaPAsVfBt&utm_source=shopify&utm_medium=catalog
personalization,cards_custom_name,custom thank you cards with name,good-nbr.myshopify.com,Good Neighbour,Big Thank You Dots Card,995,995,1,,,,https://www.goodnbr.com/products/big-thank-you-dots-card?variant=41052157116459&_gsid=NtNvaPAsVfBt&utm_source=shopify&utm_medium=catalog
personalization,cards_custom_name,custom thank you cards with name,juxtaposegifts.myshopify.com,Juxtapose Cards & Gifts,Garden Party Thank You Keepsake Boxed Cards,4695,4695,1,,,,https://juxtaposeannex.com/products/garden-party-thank-you-keepsake-boxed-cards?variant=48494468366490&_gsid=NtNvaPAsVfBt&utm_source=shopify&utm_medium=catalog
personalization,cards_custom_name,custom thank you cards with name,good-nbr.myshopify.com,Good Neighbour,Thank You With Flowers Die Cut Card,1000,1000,1,,,,https://www.goodnbr.com/products/thank-you-with-flowers-die-cut-card?variant=43120852795435&_gsid=NtNvaPAsVfBt&utm_source=shopify&utm_medium=catalog
personalization,cards_custom_name,custom thank you cards with name,cutepixelshop.myshopify.com,Cute Pixels Shop,Disney Thank You Card - Disney Characters Boy Card,650,650,1,Child's photo; Size,custom,,https://www.cutepixelshop.com/products/disney-thank-you-card-disney-characters-boy-card?variant=40464999055537&_gsid=NtNvaPAsVfBt&utm_source=shopify&utm_medium=catalog
personalization,cards_custom_name,custom thank you cards with name,17a98d.myshopify.com,Ten Thousand Villages Abbotsford,Quilling Cards Vietnam - Thank You Quill & Ink,900,900,1,,,,https://bcvillages.ca/products/quilling-cards-vietnam-thank-you-quill-ink?variant=48610485698845&_gsid=NtNvaPAsVfBt&utm_source=shopify&utm_medium=catalog
personalization,cards_custom_name,custom thank you cards with name,travell-well.myshopify.com,ToonyVision,Elegant Thank You eCard with Custom Message,2200,2200,1,Message options 1-3:,custom; personaliz,,https://toonyvision.com/products/elegant-thank-you-ecard?variant=50806663086399&_gsid=NtNvaPAsVfBt&utm_source=shopify&utm_medium=catalog
personalization,cards_custom_name,custom thank you cards with name,thecrossdesign.myshopify.com,The Cross Living,English Rose Thank You Card Boxed Set,5000,5000,1,,personaliz,,https://www.thecrossliving.com/products/english-rose-thank-you-card-boxed-set?variant=43839386681401&_gsid=NtNvaPAsVfBt&utm_source=shopify&utm_medium=catalog
personalization,cards_custom_name,custom thank you cards with name,laddaccessories.myshopify.com,Ladd Stamps,Custom Thank You Card (pack of 30) - Camille,3840,3840,1,Options,custom,,https://laddstamps.com/products/custom-thank-you-card-pack-of-30-camille?variant=50794936893749&_gsid=NtNvaPAsVfBt&utm_source=shopify&utm_medium=catalog
personalization,cards_custom_name,custom thank you cards with name,designed-by-brenda.myshopify.com,Designed By Brenda,Modern Wedding Thank You Card with Several Photos - Custom Designed Template,2000,2000,1,Quantity,custom,,https://designedbybrenda.com/products/modern-wedding-thank-you-card-with-several-photos-custom-designed-template?variant=38599964940&_gsid=NtNvaPAsVfBt&utm_source=shopify&utm_medium=catalog
personalization,cards_custom_name,custom thank you cards with name,d76b99-2.myshopify.com,The Friendly Paper Co.,Personalised Thank You Cards,6800,6800,1,Material; Quantity,personalis; custom; personaliz,,https://thefriendlypaperco.com/products/personalised-thank-you-cards-4?variant=47650587836740&_gsid=NtNvaPAsVfBt&utm_source=shopify&utm_medium=catalog
personalization,cards_custom_name,custom thank you cards with name,thecrdroom2.myshopify.com,The Card Room at KRICKET’S ,Rifle Paper Co - Rose Garden Thank You Cards Boxed Set of 8,3295,3295,1,,personaliz,,https://thecardroom.ca/products/rifle-paper-co-rose-garden-thank-you-card-box-of-8?variant=42339571335306&_gsid=NtNvaPAsVfBt&utm_source=shopify&utm_medium=catalog
personalization,cards_custom_name,custom thank you cards with name,river-bookshop.myshopify.com,River Bookshop,Little Card Big Thanks,895,895,1,,,,https://riverbookshop.com/products/810086849918?variant=48221987438847&_gsid=NtNvaPAsVfBt&utm_source=shopify&utm_medium=catalog
personalization,cards_custom_name,custom thank you cards with name,thecrossdesign.myshopify.com,The Cross Living,Margaux Thank You Card,995,995,1,,,,https://www.thecrossliving.com/products/margaux-thank-you-card?variant=43683290513465&_gsid=NtNvaPAsVfBt&utm_source=shopify&utm_medium=catalog
personalization,cards_custom_name,custom thank you cards with name,nutterie.myshopify.com,Nutterie,Thank You Card - Customizable,399,399,1,,custom,,https://nutterie.com/products/thank-you-card-customizable?variant=46120923201701&_gsid=NtNvaPAsVfBt&utm_source=shopify&utm_medium=catalog
personalization,cards_custom_name,custom thank you cards with name,thecrdroom2.myshopify.com,The Card Room at KRICKET’S ,Doggy Thank You Card,895,895,1,,,,https://thecardroom.ca/products/doggy-thank-you-card?variant=49766629638282&_gsid=NtNvaPAsVfBt&utm_source=shopify&utm_medium=catalog
personalization,cards_custom_name,custom thank you cards with name,cutepixelshop.myshopify.com,Cute Pixels Shop,Disney Characters - Thank you card,650,650,1,Design; Digital/printed; Size,custom,,https://www.cutepixelshop.com/products/disney-characters-thank-you-card?variant=44268109988059&_gsid=NtNvaPAsVfBt&utm_source=shopify&utm_medium=catalog
personalization,cards_custom_name,custom thank you cards with name,iydxb3-yb.myshopify.com,Whiskey2Water,Thank You Cards,2500,2500,1,Quantity,custom,,https://whiskey2water.com/products/thank-you-cards?variant=45388315754667&_gsid=NtNvaPAsVfBt&utm_source=shopify&utm_medium=catalog
personalization,cards_custom_name,custom thank you cards with name,mimi-hammer-swimwear.myshopify.com,Mimi & August,Floral Thank You Greeting Card,699,699,1,,custom,,https://mimiandaugust.com/products/floral-thank-you-greeting-card?variant=45996424724655&_gsid=NtNvaPAsVfBt&utm_source=shopify&utm_medium=catalog
personalization,cards_custom_name,custom thank you cards with name,a-little-leafy.myshopify.com,A Little Leafy,Thank You For Owl You've Done - Custom Text Print At Home Card,1500,1500,1,Color,custom; personaliz,,https://alittleleafy.com/products/thank-you-for-owl-youve-done-custom-text-print-at-home-card?variant=39308969377858&_gsid=NtNvaPAsVfBt&utm_source=shopify&utm_medium=catalog
personalization,cards_custom_name,custom thank you cards with name,riley-grae-store.myshopify.com,Riley Grae Store,Thank You Bouquet Cat Card,800,800,1,,,,https://www.rileygrae.com/products/thank-you-cat-bouquet-card?variant=47784483193053&_gsid=NtNvaPAsVfBt&utm_source=shopify&utm_medium=catalog
personalization,cards_custom_name,custom thank you cards with name,laddaccessories.myshopify.com,Ladd Stamps,Custom Thank You Card (pack of 30) - Chloe,3840,3840,1,Options,custom,,https://laddstamps.com/products/custom-thank-you-card-pack-of-30-chloe?variant=50804328038709&_gsid=NtNvaPAsVfBt&utm_source=shopify&utm_medium=catalog
personalization,cards_custom_name,custom thank you cards with name,thecrossdesign.myshopify.com,The Cross Living,Pink Hydrangea Thank You Card,1195,1195,1,,,,https://www.thecrossliving.com/products/pink-hydrangea-thank-you-card?variant=45737925148729&_gsid=NtNvaPAsVfBt&utm_source=shopify&utm_medium=catalog
personalization,cards_custom_name,custom thank you cards with name,redpegasusstore.myshopify.com,Red Pegasus,Delphine Thank You Cards (Set of 8),3600,3600,1,,personaliz,,https://redpegasus.ca/products/cardinals-holiday-cards-box-set?variant=42067601358935&_gsid=NtNvaPAsVfBt&utm_source=shopify&utm_medium=catalog
personalization,cards_custom_name,custom thank you cards with name,laddaccessories.myshopify.com,Ladd Stamps,Custom Thank You Card (pack of 30) - Katie & Joseph,3840,3840,1,Options,custom,,https://laddstamps.com/products/custom-thank-you-card-pack-of-30-katie-joseph?variant=50804361756981&_gsid=NtNvaPAsVfBt&utm_source=shopify&utm_medium=catalog
personalization,cards_custom_name,custom thank you cards with name,good-nbr.myshopify.com,Good Neighbour,Seaside Thank You Card,1095,1095,1,,,,https://www.goodnbr.com/products/seaside-thank-you-card?variant=44174291763243&_gsid=NtNvaPAsVfBt&utm_source=shopify&utm_medium=catalog
personalization,monogram_notecards,monogrammed note cards,lemon-and-lavender-toronto.myshopify.com,Lemon And Lavender Toronto,Monogram Note Cards: I,1299,1299,1,,monogram; personaliz,,https://shop.lemonlavender.com/products/copy-of-monogram-note-cards-g?variant=44149944615141&_gsid=EG9dS6Tu1GzS&utm_source=shopify&utm_medium=catalog
personalization,monogram_notecards,monogrammed note cards,lemon-and-lavender-toronto.myshopify.com,Lemon And Lavender Toronto,Monogram Note Cards: V,1299,1299,1,,monogram; personaliz,,https://shop.lemonlavender.com/products/copy-of-monogram-note-cards-t?variant=44150011527397&_gsid=EG9dS6Tu1GzS&utm_source=shopify&utm_medium=catalog
personalization,monogram_notecards,monogrammed note cards,lemon-and-lavender-toronto.myshopify.com,Lemon And Lavender Toronto,Monogram Note Cards: T,1299,1299,1,,monogram; personaliz,,https://shop.lemonlavender.com/products/copy-of-monogram-note-cards-r?variant=44150006153445&_gsid=EG9dS6Tu1GzS&utm_source=shopify&utm_medium=catalog
personalization,monogram_notecards,monogrammed note cards,the-botanist-calgary.myshopify.com,The Botanist Calgary,Monarch Butterflies Note Cards,1500,1500,1,,,,https://www.thebotanistcalgary.com/products/monarch-butterflies-note-cards?variant=42869478523032&_gsid=EG9dS6Tu1GzS&utm_source=shopify&utm_medium=catalog
personalization,monogram_notecards,monogrammed note cards,lemon-and-lavender-toronto.myshopify.com,Lemon And Lavender Toronto,Monogram Note Cards: G,1299,1299,1,,monogram; personaliz,,https://shop.lemonlavender.com/products/copy-of-monogram-note-cards-f?variant=44149943075045&_gsid=EG9dS6Tu1GzS&utm_source=shopify&utm_medium=catalog
personalization,monogram_notecards,monogrammed note cards,lemon-and-lavender-toronto.myshopify.com,Lemon And Lavender Toronto,Monogram Note Cards: R,1299,1299,1,,monogram; personaliz,,https://shop.lemonlavender.com/products/copy-of-monogram-note-cards-p?variant=44150002122981&_gsid=EG9dS6Tu1GzS&utm_source=shopify&utm_medium=catalog
personalization,monogram_notecards,monogrammed note cards,lemon-and-lavender-toronto.myshopify.com,Lemon And Lavender Toronto,Monogram Note Cards: A,1299,1299,1,,monogram; personaliz,,https://shop.lemonlavender.com/products/copy-of-chalkboard-thank-you-notes-1?variant=44149933211877&_gsid=EG9dS6Tu1GzS&utm_source=shopify&utm_medium=catalog
personalization,monogram_notecards,monogrammed note cards,lemon-and-lavender-toronto.myshopify.com,Lemon And Lavender Toronto,Monogram Note Cards: L,1299,1299,1,,monogram; personaliz,,https://shop.lemonlavender.com/products/copy-of-monogram-note-cards-j?variant=44149964144869&_gsid=EG9dS6Tu1GzS&utm_source=shopify&utm_medium=catalog
personalization,monogram_notecards,monogrammed note cards,buchans-kerrisdale-stationery-3461.myshopify.com,Buchan's Kerrisdale Stationery,CASPARI - Gold Embossed Initial Notes (Box of 8),1999,1999,1,Alphabet,,,https://www.buchanst.com/products/caspari-gold-embossed-initial-notes-8-in-box?variant=48545897775383&_gsid=EG9dS6Tu1GzS&utm_source=shopify&utm_medium=catalog
personalization,monogram_notecards,monogrammed note cards,lemon-and-lavender-toronto.myshopify.com,Lemon And Lavender Toronto,Monogram Note Cards: N,1299,1299,1,,monogram; personaliz,,https://shop.lemonlavender.com/products/copy-of-monogram-note-cards-l?variant=44149965291749&_gsid=EG9dS6Tu1GzS&utm_source=shopify&utm_medium=catalog
personalization,monogram_notecards,monogrammed note cards,lemon-and-lavender-toronto.myshopify.com,Lemon And Lavender Toronto,Monogram Note Cards: E,1299,1299,1,,monogram; personaliz,,https://shop.lemonlavender.com/products/copy-of-monogram-note-cards-d?variant=44149936947429&_gsid=EG9dS6Tu1GzS&utm_source=shopify&utm_medium=catalog
personalization,monogram_notecards,monogrammed note cards,lemon-and-lavender-toronto.myshopify.com,Lemon And Lavender Toronto,Monogram Note Cards: W,1299,1299,1,,monogram; personaliz,,https://shop.lemonlavender.com/products/copy-of-monogram-note-cards-v?variant=44150011789541&_gsid=EG9dS6Tu1GzS&utm_source=shopify&utm_medium=catalog
personalization,monogram_notecards,monogrammed note cards,buchans-kerrisdale-stationery-3461.myshopify.com,Buchan's Kerrisdale Stationery,Peter Pauper Press - Boxed Note Cards - Hummingbird Flight,1695,1695,1,,,,https://www.buchanst.com/products/peter-pauper-press-hummingbird-flight-note-cards?variant=45291503419671&_gsid=EG9dS6Tu1GzS&utm_source=shopify&utm_medium=catalog
personalization,monogram_notecards,monogrammed note cards,lemon-and-lavender-toronto.myshopify.com,Lemon And Lavender Toronto,Monogram Note Cards: P,1299,1299,1,,monogram; personaliz,,https://shop.lemonlavender.com/products/copy-of-monogram-note-cards-o?variant=44150001008869&_gsid=EG9dS6Tu1GzS&utm_source=shopify&utm_medium=catalog
personalization,monogram_notecards,monogrammed note cards,collected-joy.myshopify.com,Collected Joy,LIBERTY PREMIUM NOTECARDS,3200,3200,1,,personaliz,,https://collected-joy.com/products/liberty-premium-notecards?variant=46345677701199&_gsid=EG9dS6Tu1GzS&utm_source=shopify&utm_medium=catalog
personalization,monogram_notecards,monogrammed note cards,oleander-floral-design.myshopify.com,Oleander Floral Design,Boxed Blank Note Cards,1500,1500,1,Design,personaliz,,https://oleander.ca/products/boxed-cards?variant=51619493347544&_gsid=EG9dS6Tu1GzS&utm_source=shopify&utm_medium=catalog
personalization,monogram_notecards,monogrammed note cards,lemon-and-lavender-toronto.myshopify.com,Lemon And Lavender Toronto,Monogram Note Cards: Z,1299,1299,1,,monogram,,https://shop.lemonlavender.com/products/copy-of-monogram-note-cards-y?variant=44150012707045&_gsid=EG9dS6Tu1GzS&utm_source=shopify&utm_medium=catalog
personalization,monogram_notecards,monogrammed note cards,madonna-house-publications.myshopify.com,Madonna House Publications,Notecards - Words of Eternal Life,1295,1295,1,Format,,,https://publications.madonnahouse.org/products/notecard-words-of-eternal-life?variant=39448878776402&_gsid=EG9dS6Tu1GzS&utm_source=shopify&utm_medium=catalog
personalization,monogram_notecards,monogrammed note cards,outer-layer.myshopify.com,Outer Layer,Tulips Pop Up Card,1895,1895,1,,,,https://outerlayer.com/products/tulips-pop-up-card?variant=40167477379160&_gsid=EG9dS6Tu1GzS&utm_source=shopify&utm_medium=catalog
personalization,monogram_notecards,monogrammed note cards,laddaccessories.myshopify.com,Ladd Stamps,Custom Note Card (pack of 30) - Bow Monogram,3840,3840,1,Options,custom; monogram; personaliz,,https://laddstamps.com/products/custom-note-card-pack-of-30-bow-monogram?variant=50804132675893&_gsid=EG9dS6Tu1GzS&utm_source=shopify&utm_medium=catalog
personalization,monogram_notecards,monogrammed note cards,lemon-and-lavender-toronto.myshopify.com,Lemon And Lavender Toronto,Monogram Note Cards: F,1299,1299,1,,monogram,,https://shop.lemonlavender.com/products/copy-of-monogram-note-cards-e?variant=44149940060389&_gsid=EG9dS6Tu1GzS&utm_source=shopify&utm_medium=catalog
personalization,monogram_notecards,monogrammed note cards,lemon-and-lavender-toronto.myshopify.com,Lemon And Lavender Toronto,Monogram Note Cards: Y,1299,1299,1,,monogram; personaliz,,https://shop.lemonlavender.com/products/copy-of-monogram-note-cards-w?variant=44150012313829&_gsid=EG9dS6Tu1GzS&utm_source=shopify&utm_medium=catalog
personalization,monogram_notecards,monogrammed note cards,316-publishing.myshopify.com,316 Publishing,Botanical Blessings Assorted Note Card Set - Set of 12,649,649,1,,,,https://316publishing.com/products/botanical-blessings-assorted-note-card-set-12?variant=43004037234924&_gsid=EG9dS6Tu1GzS&utm_source=shopify&utm_medium=catalog
personalization,monogram_notecards,monogrammed note cards,tumbled-earth-boutique.myshopify.com,Tumbled Earth,Allium Blossoms 14 Note Cards,2400,2400,1,,personaliz,,https://tumbledearth.com/products/allium-blossoms-note-cards?variant=41887591301194&_gsid=EG9dS6Tu1GzS&utm_source=shopify&utm_medium=catalog
personalization,monogram_notecards,monogrammed note cards,lemon-and-lavender-toronto.myshopify.com,Lemon And Lavender Toronto,Monogram Note Cards: O,1299,1299,1,,monogram,,https://shop.lemonlavender.com/products/copy-of-monogram-note-cards-n?variant=44149967290597&_gsid=EG9dS6Tu1GzS&utm_source=shopify&utm_medium=catalog
personalization,monogram_notecards,monogrammed note cards,take-note-stationery-boutique.myshopify.com,Take Note Stationery Boutique,Boxed Notecards - Allium Blossoms,1500,1500,1,,,,https://takenoteboutique.ca/products/boxed-notecards-allium-blossoms?variant=49731271393558&_gsid=EG9dS6Tu1GzS&utm_source=shopify&utm_medium=catalog
personalization,monogram_notecards,monogrammed note cards,take-note-stationery-boutique.myshopify.com,Take Note Stationery Boutique,Boxed Notecards - Autumn Grasses,1500,1500,1,,,,https://takenoteboutique.ca/products/boxed-notecards-autumn-grasses?variant=39988280131662&_gsid=EG9dS6Tu1GzS&utm_source=shopify&utm_medium=catalog
personalization,monogram_notecards,monogrammed note cards,entershine-bookshop.myshopify.com,Entershine Bookshop,Hummingbird Garden Note Cards,1499,1499,1,,,,https://www.entershinebookshop.ca/products/hummingbird-garden-note-cards?variant=48009596698863&_gsid=EG9dS6Tu1GzS&utm_source=shopify&utm_medium=catalog
personalization,monogram_notecards,monogrammed note cards,outer-layer.myshopify.com,Outer Layer,Wildflowers Premium Thank You Note Cards,2499,2499,1,,,,https://outerlayer.com/products/wildflowers-premium-thank-you-note-cards?variant=51199090164032&_gsid=EG9dS6Tu1GzS&utm_source=shopify&utm_medium=catalog
personalization,monogram_notecards,monogrammed note cards,home-treasures-more.myshopify.com,Home Treasures & More,Peter Pauper Press 'Tree of Butterflies' Note Cards,1299,1299,1,,,,https://hometreasures.ca/products/peter-pauper-press-tree-of-butterflies-note-cards?variant=49803650761004&_gsid=EG9dS6Tu1GzS&utm_source=shopify&utm_medium=catalog
personalization,monogram_notecards,monogrammed note cards,buchans-kerrisdale-stationery-3461.myshopify.com,Buchan's Kerrisdale Stationery,Peter Pauper Press - Owl Portrait Note Cards,1695,1695,1,,,,https://www.buchanst.com/products/peter-pauper-press-owl-portrait-note-cards?variant=45291508793623&_gsid=EG9dS6Tu1GzS&utm_source=shopify&utm_medium=catalog
personalization,monogram_notecards,monogrammed note cards,take-note-stationery-boutique.myshopify.com,Take Note Stationery Boutique,Boxed Notecards - Florentine Bees,1500,1500,1,,,,https://takenoteboutique.ca/products/boxed-notecards-florentine-bees?variant=47520485146902&_gsid=EG9dS6Tu1GzS&utm_source=shopify&utm_medium=catalog
personalization,monogram_notecards,monogrammed note cards,entershine-bookshop.myshopify.com,Entershine Bookshop,Water Lilies Note Cards,1499,1499,1,,,,https://www.entershinebookshop.ca/products/9781441348005?variant=47265876476143&_gsid=EG9dS6Tu1GzS&utm_source=shopify&utm_medium=catalog
personalization,monogram_notecards,monogrammed note cards,paperscript.myshopify.com,Paperscript,Hearts Notecard,600,600,1,Options,,,https://paperscript.ca/products/hearts-notecard?variant=40424653291714&_gsid=EG9dS6Tu1GzS&utm_source=shopify&utm_medium=catalog
personalization,monogram_notecards,monogrammed note cards,316-publishing.myshopify.com,316 Publishing,Bright Birthdays Assorted Note Cards – Set of 12,1039,1039,1,,,,https://316publishing.com/products/bright-birthdays-assorted-note-cards-set-of-12?variant=47671267918060&_gsid=EG9dS6Tu1GzS&utm_source=shopify&utm_medium=catalog
personalization,monogram_notecards,monogrammed note cards,bxkzxz-75.myshopify.com,Memory Press,Personalized Monogram Stationery | Notecards Canada,1500,1500,1,,personaliz; monogram; your name,,https://memorypress.ca/products/personalized-monogram-stationery-notecards-canada?variant=48360804647124&_gsid=EG9dS6Tu1GzS&utm_source=shopify&utm_medium=catalog
personalization,monogram_notecards,monogrammed note cards,entershine-bookshop.myshopify.com,Entershine Bookshop,Spring Meadow Note Cards,1299,1299,1,Title,,,https://www.entershinebookshop.ca/products/spring-meadow-note-cards?variant=48009467232495&_gsid=EG9dS6Tu1GzS&utm_source=shopify&utm_medium=catalog
personalization,monogram_notecards,monogrammed note cards,elizabeth-r-fine-stationery-gifts.myshopify.com,Elizabeth R Fine Stationery & Gifts,Personalized Note Card Set,1795,1795,1,Color; Material; Size,personaliz; custom; monogram,,https://elizabethr.ca/products/personalized-note-card-set?variant=36006757728409&_gsid=EG9dS6Tu1GzS&utm_source=shopify&utm_medium=catalog
personalization,monogram_notecards,monogrammed note cards,seekandbloomco.myshopify.com,Seek and Bloom Creative Co.,"Mixed Pack, Garden Inspired, Pressed Flower, Note Card Set",2500,2500,1,,,,https://seekandbloom.ca/products/garden-inspired-mixed-pressed-flower-note-card-set?variant=43976375369957&_gsid=EG9dS6Tu1GzS&utm_source=shopify&utm_medium=catalog
personalization,monogram_notecards,monogrammed note cards,zinnia-textiles-nelson.myshopify.com,Zinnia Textiles Nelson,Special Parliament of Crows Card,1300,1300,1,,personaliz,,https://zinniatextiles.ca/products/special-parliament-of-crows-card?variant=48703079350514&_gsid=EG9dS6Tu1GzS&utm_source=shopify&utm_medium=catalog
personalization,monogram_notecards,monogrammed note cards,duly-noted-stationery.myshopify.com,Duly Noted Stationery,Embossed Boxed Notes - Charley Harper Birds,2895,2895,1,,,,https://www.dulynoted.ca/products/embossed-boxed-notes-charley-harper-birds?variant=45101116457208&_gsid=EG9dS6Tu1GzS&utm_source=shopify&utm_medium=catalog
personalization,monogram_notecards,monogrammed note cards,entershine-bookshop.myshopify.com,Entershine Bookshop,Blooms & Butterflies Note Cards,1499,1499,1,,,,https://www.entershinebookshop.ca/products/blooms-butterflies-note-cards?variant=48009486008559&_gsid=EG9dS6Tu1GzS&utm_source=shopify&utm_medium=catalog
personalization,monogram_notecards,monogrammed note cards,redpegasusstore.myshopify.com,Red Pegasus,Marimekko Kukka Notecards,2595,2595,1,,,,https://redpegasus.ca/products/marimekko-kukka-notecards?variant=39924093255767&_gsid=EG9dS6Tu1GzS&utm_source=shopify&utm_medium=catalog
personalization,monogram_notecards,monogrammed note cards,front-and-co-gifts.myshopify.com,Front and Company: Gifts,Assorted Flower Notecards,2900,2900,1,Pack size,,,https://gifts.frontandcompany.ca/products/garden-flowers-notecards?variant=46841508167924&_gsid=EG9dS6Tu1GzS&utm_source=shopify&utm_medium=catalog
personalization,monogram_notecards,monogrammed note cards,d9c260-3.myshopify.com,Wordkind ,Gilded Butterflies Note Cards,1299,1299,1,,,,https://wordkind.ca/products/gilded-butterflies-note-cards?variant=44704081051838&_gsid=EG9dS6Tu1GzS&utm_source=shopify&utm_medium=catalog
personalization,monogram_notecards,monogrammed note cards,outer-layer.myshopify.com,Outer Layer,White Flower Basket Pop-Up Card,1895,1895,1,,,,https://outerlayer.com/products/white-flower-basket-pop-up-card?variant=51496053113152&_gsid=EG9dS6Tu1GzS&utm_source=shopify&utm_medium=catalog
personalization,monogram_notecards,monogrammed note cards,classy-cards-creative.myshopify.com,Classy Cards Creative,Love Notes - Bestie Collection,1200,1200,1,,personaliz,,https://classycards.ca/products/love-notes-bestie-collection?variant=42322543837380&_gsid=EG9dS6Tu1GzS&utm_source=shopify&utm_medium=catalog
personalization,monogram_notecards,monogrammed note cards,m9ixqu-03.myshopify.com,The Painted Pineapple,William Morris Keepsake Boxed Notecards,2600,2600,1,,,,https://the-painted-pineapple-3.myshopify.com/products/william-morris-keepsake-boxed-notecards?variant=42869433925735&_gsid=EG9dS6Tu1GzS&utm_source=shopify&utm_medium=catalog
personalization,monogram_notecards,monogrammed note cards,juxtaposegifts.myshopify.com,Juxtapose Cards & Gifts,Peacock Blank Boxed Cards,1595,1595,1,,,,https://juxtaposeannex.com/products/peacock-blank-boxed-cards?variant=46595534749850&_gsid=EG9dS6Tu1GzS&utm_source=shopify&utm_medium=catalog
personalization,monogram_notecards,monogrammed note cards,aatest22.myshopify.com,Abbott Atelier,Graduation Note Card,300,300,1,,custom; personaliz,,https://www.abbottatelier.com/products/graduation-note-card?variant=51498383409466&_gsid=EG9dS6Tu1GzS&utm_source=shopify&utm_medium=catalog
personalization,foil_cards,foil pressed thank you cards,good-nbr.myshopify.com,Good Neighbour,Peacock Thank You Card (Boxed Set of 8),3600,3600,1,,personaliz,,https://www.goodnbr.com/products/peacock-thank-you-card-boxed-set-of-8?variant=40889176457259&_gsid=R84dDSn4eWQz&utm_source=shopify&utm_medium=catalog
personalization,foil_cards,foil pressed thank you cards,artisaire.myshopify.com,Artisaire,Evelyn Foilpress Thank You Card,875,875,1,Set,,,https://artisaire.com/products/evelyn-thank-you?variant=42700220727452&_gsid=R84dDSn4eWQz&utm_source=shopify&utm_medium=catalog
personalization,foil_cards,foil pressed thank you cards,scout-ltd.myshopify.com,Scout,Rosette Thank You Card,895,895,1,Option,,,https://www.iheartscout.com/products/rosette-thank-you-card?variant=46599218921716&_gsid=R84dDSn4eWQz&utm_source=shopify&utm_medium=catalog
personalization,foil_cards,foil pressed thank you cards,juxtaposegifts.myshopify.com,Juxtapose Cards & Gifts,Pink & Gold Dots Thank You Boxed Cards,1595,1595,1,,,,https://juxtaposeannex.com/products/pink-gold-dots-thank-you-boxed-cards?variant=39911136952474&_gsid=R84dDSn4eWQz&utm_source=shopify&utm_medium=catalog
personalization,foil_cards,foil pressed thank you cards,thecrossdesign.myshopify.com,The Cross Living,Hydrangea Thank You Card Boxed Set,4500,4500,1,,,,https://www.thecrossliving.com/products/hydrangea-thank-you-card-boxed-set?variant=44686546862137&_gsid=R84dDSn4eWQz&utm_source=shopify&utm_medium=catalog
personalization,foil_cards,foil pressed thank you cards,duly-noted-stationery.myshopify.com,Duly Noted Stationery,Greeting Card - Big Time Holographic Foil Thank You,595,595,1,,,,https://www.dulynoted.ca/products/big-time-holographic-foil-thank-you-card?variant=48232768700664&_gsid=R84dDSn4eWQz&utm_source=shopify&utm_medium=catalog
personalization,foil_cards,foil pressed thank you cards,outer-layer.myshopify.com,Outer Layer,Floral Watercolor Boxed Thank You Cards,1499,1499,1,,,,https://outerlayer.com/products/floral-watercolor-boxed-thank-you-cards?variant=51199069618496&_gsid=R84dDSn4eWQz&utm_source=shopify&utm_medium=catalog
personalization,foil_cards,foil pressed thank you cards,artisaire.myshopify.com,Artisaire,Clementine Foilpress Thank You Card,875,875,1,Set,,,https://artisaire.com/products/clementine-thank-you-card?variant=42700233310364&_gsid=R84dDSn4eWQz&utm_source=shopify&utm_medium=catalog
personalization,foil_cards,foil pressed thank you cards,juxtaposegifts.myshopify.com,Juxtapose Cards & Gifts,Gold Dots Thank You Boxed Cards,1595,1595,1,,,,https://juxtaposeannex.com/products/peter-pauper-319005?variant=39911135805594&_gsid=R84dDSn4eWQz&utm_source=shopify&utm_medium=catalog
personalization,foil_cards,foil pressed thank you cards,thecrossdesign.myshopify.com,The Cross Living,English Rose Thank You Card Boxed Set,5000,5000,1,,personaliz,,https://www.thecrossliving.com/products/english-rose-thank-you-card-boxed-set?variant=43839386681401&_gsid=R84dDSn4eWQz&utm_source=shopify&utm_medium=catalog
personalization,foil_cards,foil pressed thank you cards,outer-layer.myshopify.com,Outer Layer,Blue Elegance Boxed Thank You Cards,1499,1499,1,,,,https://outerlayer.com/products/blue-elegance-thank-you-cards-by-peter-pauper-press?variant=375093854236&_gsid=R84dDSn4eWQz&utm_source=shopify&utm_medium=catalog
personalization,foil_cards,foil pressed thank you cards,canadian-banquet-workshop.myshopify.com,Banquet Atelier & Workshop LTD.,Hologram Foil Thank You Card,600,600,1,,,,https://banquetworkshop.com/products/glitter-hologram-foil-thank-you-card?variant=31881592668263&_gsid=R84dDSn4eWQz&utm_source=shopify&utm_medium=catalog
personalization,foil_cards,foil pressed thank you cards,juxtaposegifts.myshopify.com,Juxtapose Cards & Gifts,Garden Party Thank You Keepsake Boxed Cards,4695,4695,1,,,,https://juxtaposeannex.com/products/garden-party-thank-you-keepsake-boxed-cards?variant=48494468366490&_gsid=R84dDSn4eWQz&utm_source=shopify&utm_medium=catalog
personalization,foil_cards,foil pressed thank you cards,juxtaposegifts.myshopify.com,Juxtapose Cards & Gifts,Curio Thank You Boxed Cards,3995,3995,1,,,,https://juxtaposeannex.com/products/curio-thank-you-boxed-cards?variant=48494471413914&_gsid=R84dDSn4eWQz&utm_source=shopify&utm_medium=catalog
personalization,foil_cards,foil pressed thank you cards,seekandbloomco.myshopify.com,Seek and Bloom Creative Co.,"Thank You, Pressed Flower Cosmos",2500,2500,1,,,,https://seekandbloom.ca/products/thank-you-pressed-flower-cosmos?variant=43976379498725&_gsid=R84dDSn4eWQz&utm_source=shopify&utm_medium=catalog
personalization,foil_cards,foil pressed thank you cards,outer-layer.myshopify.com,Outer Layer,Asian Botanical Thank You Boxed Cards,1499,1499,1,,,,https://outerlayer.com/products/asian-botanical-thank-you-boxed-cards?variant=39289866747992&_gsid=R84dDSn4eWQz&utm_source=shopify&utm_medium=catalog
personalization,foil_cards,foil pressed thank you cards,outer-layer.myshopify.com,Outer Layer,Wildflowers Premium Thank You Note Cards,2499,2499,1,,,,https://outerlayer.com/products/wildflowers-premium-thank-you-note-cards?variant=51199090164032&_gsid=R84dDSn4eWQz&utm_source=shopify&utm_medium=catalog
personalization,foil_cards,foil pressed thank you cards,outer-layer.myshopify.com,Outer Layer,Periwinkle Boxed Thank You Cards,1499,1499,1,,,,https://outerlayer.com/products/periwinkle-boxed-thank-you-cards?variant=52862664245568&_gsid=R84dDSn4eWQz&utm_source=shopify&utm_medium=catalog
personalization,foil_cards,foil pressed thank you cards,thecrossdesign.myshopify.com,The Cross Living,Margaux Thank You Card,995,995,1,,,,https://www.thecrossliving.com/products/margaux-thank-you-card?variant=43683290513465&_gsid=R84dDSn4eWQz&utm_source=shopify&utm_medium=catalog
personalization,foil_cards,foil pressed thank you cards,thecrossdesign.myshopify.com,The Cross Living,Pink Hydrangea Thank You Card Boxed Set,2000,2000,1,,,,https://www.thecrossliving.com/products/pink-hydrangea-thank-you-card-boxed-set?variant=45779044827193&_gsid=R84dDSn4eWQz&utm_source=shopify&utm_medium=catalog
personalization,foil_cards,foil pressed thank you cards,outer-layer.myshopify.com,Outer Layer,Native Botanicals Thank You Boxed Cards,1499,1499,1,,,,https://outerlayer.com/products/native-botanicals-thank-you-boxed-cards?variant=33449910698072&_gsid=R84dDSn4eWQz&utm_source=shopify&utm_medium=catalog
personalization,foil_cards,foil pressed thank you cards,juxtaposegifts.myshopify.com,Juxtapose Cards & Gifts,Floral Frame Thank You Boxed Cards,1595,1595,1,,,,https://juxtaposeannex.com/products/floral-frame-thank-you-boxed-cards?variant=39911139508378&_gsid=R84dDSn4eWQz&utm_source=shopify&utm_medium=catalog
personalization,foil_cards,foil pressed thank you cards,take-note-stationery-boutique.myshopify.com,Take Note Stationery Boutique,Boxed Premium Thank You - Wildflowers,2500,2500,1,,,,https://takenoteboutique.ca/products/boxed-premium-thank-you-wildflowers?variant=50564254105878&_gsid=R84dDSn4eWQz&utm_source=shopify&utm_medium=catalog
personalization,foil_cards,foil pressed thank you cards,oleander-floral-design.myshopify.com,Oleander Floral Design,Premium Boxed Thank You Card Set,3100,3100,1,,,,https://oleander.ca/products/premium-blank-greeting-cards-copy?variant=51619505602776&_gsid=R84dDSn4eWQz&utm_source=shopify&utm_medium=catalog
personalization,foil_cards,foil pressed thank you cards,d87ce2-43.myshopify.com,Indigo,"Thank You Cards, Seriously Gold Foil, Set Of 20",1080,1080,1,,,,https://www.indigo.ca/products/thank-you-cards-seriously-gold-foil-set-of-20?variant=46632795537618&_gsid=R84dDSn4eWQz&utm_source=shopify&utm_medium=catalog
personalization,foil_cards,foil pressed thank you cards,outer-layer.myshopify.com,Outer Layer,Vintage Parchment Boxed Thank You Cards,1399,1399,1,,,,https://outerlayer.com/products/vintage-parchment-boxed-thank-you-cards?variant=50335609520448&_gsid=R84dDSn4eWQz&utm_source=shopify&utm_medium=catalog
personalization,foil_cards,foil pressed thank you cards,makerhouse.myshopify.com,Maker House Co.,Fern Thank You Card,699,699,1,,,,https://makerhouse.com/products/fern-thank-you-card?variant=42674307891451&_gsid=R84dDSn4eWQz&utm_source=shopify&utm_medium=catalog
personalization,foil_cards,foil pressed thank you cards,mararamiro.myshopify.com,Mararamiro,Thank You No. 22 Letterpress Card,1095,1095,1,,personaliz,,https://www.mararamiro.com/products/thank-you-no-22-letterpress-card?variant=46684392521980&_gsid=R84dDSn4eWQz&utm_source=shopify&utm_medium=catalog
personalization,foil_cards,foil pressed thank you cards,juxtaposegifts.myshopify.com,Juxtapose Cards & Gifts,Lavender & Honey Thank You Boxed Cards,1595,1595,1,,,,https://juxtaposeannex.com/products/lavender-honey-thank-you-boxed-cards?variant=39911141965978&_gsid=R84dDSn4eWQz&utm_source=shopify&utm_medium=catalog
personalization,foil_cards,foil pressed thank you cards,phidon.myshopify.com,Phidon Pens,TUTTLE Thank You Cards Set - Cherry Blossoms,2095,2095,1,,personaliz,,https://phidonpens.com/products/tuttle-thank-you-cards-set-cherry-blossoms?variant=47287671292125&_gsid=R84dDSn4eWQz&utm_source=shopify&utm_medium=catalog
personalization,foil_cards,foil pressed thank you cards,duly-noted-stationery.myshopify.com,Duly Noted Stationery,Peter Pauper Boxed Notes - Gold and Cream Thank You,1495,1495,1,,,,https://www.dulynoted.ca/products/peter-pauper-thank-you-notes-gold-and-cream?variant=35124426887&_gsid=R84dDSn4eWQz&utm_source=shopify&utm_medium=catalog
personalization,foil_cards,foil pressed thank you cards,josephsinspirational.myshopify.com,Joseph's,Gold Foil Blank Thank You Cards (Box of 10),899,899,1,,,,https://www.josephsinspirational.ca/products/gold-foil-blank-thank-you-cards-box-of-10?variant=45608683372769&_gsid=R84dDSn4eWQz&utm_source=shopify&utm_medium=catalog
personalization,foil_cards,foil pressed thank you cards,good-nbr.myshopify.com,Good Neighbour,Marion Thank You Card Boxed Set (Set of 8),3600,3600,1,,,,https://www.goodnbr.com/products/marion-thank-you-card-boxed-set-set-of-8?variant=39384408817707&_gsid=R84dDSn4eWQz&utm_source=shopify&utm_medium=catalog
personalization,foil_cards,foil pressed thank you cards,juxtaposegifts.myshopify.com,Juxtapose Cards & Gifts,Watercolour Quill Thank You Boxed Cards,1595,1595,1,,,,https://juxtaposeannex.com/products/watercolour-quill-thank-you-boxed-cards?variant=39911137738906&_gsid=R84dDSn4eWQz&utm_source=shopify&utm_medium=catalog
personalization,foil_cards,foil pressed thank you cards,porchlight-press.myshopify.com,Porchlight Press Ltd.,Folder Set: West Coast Foraging Series Thank You Cards - Folder Set of 6,3200,3200,1,Style,,,https://porchlightpress.com/products/greeting-cards-folder-set-west-coast-foraging-series?variant=41049727598658&_gsid=R84dDSn4eWQz&utm_source=shopify&utm_medium=catalog
personalization,foil_cards,foil pressed thank you cards,outer-layer.myshopify.com,Outer Layer,Mustard Thank You Card,695,695,1,,,,https://outerlayer.com/products/mustard-thank-you-card?variant=49610676470080&_gsid=R84dDSn4eWQz&utm_source=shopify&utm_medium=catalog
personalization,foil_cards,foil pressed thank you cards,outer-layer.myshopify.com,Outer Layer,Gold Dots Thank You Note Cards,1499,1499,1,,,,https://outerlayer.com/products/gold-dots-thank-you-note-cards-by-peter-pauper-press?variant=375152214044&_gsid=R84dDSn4eWQz&utm_source=shopify&utm_medium=catalog
personalization,foil_cards,foil pressed thank you cards,good-nbr.myshopify.com,Good Neighbour,Moss Thank You Card,995,995,1,,,,https://www.goodnbr.com/products/moss-thank-you-card?variant=44291073605675&_gsid=R84dDSn4eWQz&utm_source=shopify&utm_medium=catalog
personalization,foil_cards,foil pressed thank you cards,thecrossdesign.myshopify.com,The Cross Living,Pink Hydrangea Thank You Card,1195,1195,1,,,,https://www.thecrossliving.com/products/pink-hydrangea-thank-you-card?variant=45737925148729&_gsid=R84dDSn4eWQz&utm_source=shopify&utm_medium=catalog
personalization,foil_cards,foil pressed thank you cards,duly-noted-stationery.myshopify.com,Duly Noted Stationery,Red Cap Cards Greeting Card - Thanks Fox,795,795,1,,,,https://www.dulynoted.ca/products/thanks-fox-thank-you-greeting-card?variant=46109274702072&_gsid=R84dDSn4eWQz&utm_source=shopify&utm_medium=catalog
personalization,foil_cards,foil pressed thank you cards,twentyseventoronto.myshopify.com,Twentyseven,Thanks Fox Thank You Greeting Card Box Set,3200,3200,1,,,,https://twentyseventoronto.com/products/thanks-fox-thank-you-greeting-card-boxed-sets?variant=50242059436279&_gsid=R84dDSn4eWQz&utm_source=shopify&utm_medium=catalog
personalization,foil_cards,foil pressed thank you cards,adiqyp-z0.myshopify.com,MarCoo Paperie,Refined Korean Foil Thank You Cards,499,499,1,Design,,,https://www.marcoopaperie.ca/products/refined-korean-foil-thank-you-celebration-greeting-card?variant=48126807179488&_gsid=R84dDSn4eWQz&utm_source=shopify&utm_medium=catalog
personalization,foil_cards,foil pressed thank you cards,porchlight-press.myshopify.com,Porchlight Press Ltd.,Card: Many Thanks Flora & Fauna,650,650,1,Single card or box set of 6,,,https://porchlightpress.com/products/flora-fauna-many-thanks?variant=48960532820&_gsid=R84dDSn4eWQz&utm_source=shopify&utm_medium=catalog
personalization,foil_cards,foil pressed thank you cards,presents-presents-presents.myshopify.com,Presents Presents Presents,Note Cards- Floral Sympathy Thank You,1695,1695,1,,,,https://www.presentspresentspresents.ca/products/note-cards-floral-sympathy?variant=41916100477022&_gsid=R84dDSn4eWQz&utm_source=shopify&utm_medium=catalog
personalization,foil_cards,foil pressed thank you cards,front-and-co-gifts.myshopify.com,Front and Company: Gifts,Pink Tulip Thank You Cards,3895,3895,1,Packaging type,,,https://gifts.frontandcompany.ca/products/pink-tulip-thank-you-cards-boxed-set-of-6-notes?variant=46288685334772&_gsid=R84dDSn4eWQz&utm_source=shopify&utm_medium=catalog
personalization,foil_cards,foil pressed thank you cards,thecrossdesign.myshopify.com,The Cross Living,Gold Stripes Thank You Card,995,995,1,,,,https://www.thecrossliving.com/products/gold-stripes-thank-you-card?variant=42333412982841&_gsid=R84dDSn4eWQz&utm_source=shopify&utm_medium=catalog
personalization,foil_cards,foil pressed thank you cards,good-nbr.myshopify.com,Good Neighbour,Seaside Thank You Card,1095,1095,1,,,,https://www.goodnbr.com/products/seaside-thank-you-card?variant=44174291763243&_gsid=R84dDSn4eWQz&utm_source=shopify&utm_medium=catalog
personalization,foil_cards,foil pressed thank you cards,take-note-stationery-boutique.myshopify.com,Take Note Stationery Boutique,Boxed Premium Thank You - Eucalyptus,2500,2500,1,,,,https://takenoteboutique.ca/products/boxed-premium-thank-you-eucalyptus?variant=50564262887702&_gsid=R84dDSn4eWQz&utm_source=shopify&utm_medium=catalog
personalization,foil_cards,foil pressed thank you cards,midoco-art-office-supplies.myshopify.com,Midoco Art & Office Supplies,Peter Pauper Press Thank You Notecards 20pk Wildflowers Assortment,2499,2499,1,,,,https://midoco.ca/products/ppp-thank-you-cards-20pkfloral-66467?variant=51151088910372&_gsid=R84dDSn4eWQz&utm_source=shopify&utm_medium=catalog
personalization,foil_cards,foil pressed thank you cards,thistleandwren.myshopify.com,Thistle & Wren,Strawberry Fields Thank You Card,915,915,1,,,,https://www.thistleandwren.com/products/strawberry-fields-thank-you-card?variant=44806726353094&_gsid=R84dDSn4eWQz&utm_source=shopify&utm_medium=catalog
bulk,thank_you_bulk,thank you cards bulk 50,collected-joy.myshopify.com,Collected Joy,Rifle Thank You Bouquet,750,750,1,,personaliz,,https://collected-joy.com/products/rifle-thank-you-bouquet?variant=40360393736271&_gsid=vQrwrZABRX7B&utm_source=shopify&utm_medium=catalog
bulk,thank_you_bulk,thank you cards bulk 50,thecrossdesign.myshopify.com,The Cross Living,Hydrangea Thank You Card Boxed Set,4500,4500,1,,,,https://www.thecrossliving.com/products/hydrangea-thank-you-card-boxed-set?variant=44686546862137&_gsid=vQrwrZABRX7B&utm_source=shopify&utm_medium=catalog
bulk,thank_you_bulk,thank you cards bulk 50,universal-church-supplies.myshopify.com,Universal Church Supplies Inc,Boxed cards - THANK YOU - Box Of 12,1299,1299,1,,,,https://universalchurchsupplies.ca/products/boxed-cards-thank-you-box-of-13?variant=48560565321933&_gsid=vQrwrZABRX7B&utm_source=shopify&utm_medium=catalog
bulk,thank_you_bulk,thank you cards bulk 50,thecrossdesign.myshopify.com,The Cross Living,Pink Hydrangea Thank You Card Boxed Set,2000,2000,1,,,,https://www.thecrossliving.com/products/pink-hydrangea-thank-you-card-boxed-set?variant=45779044827193&_gsid=vQrwrZABRX7B&utm_source=shopify&utm_medium=catalog
bulk,thank_you_bulk,thank you cards bulk 50,good-nbr.myshopify.com,Good Neighbour,Peacock Thank You Card (Boxed Set of 8),3600,3600,1,,personaliz,,https://www.goodnbr.com/products/peacock-thank-you-card-boxed-set-of-8?variant=40889176457259&_gsid=vQrwrZABRX7B&utm_source=shopify&utm_medium=catalog
bulk,thank_you_bulk,thank you cards bulk 50,josephsinspirational.myshopify.com,Joseph's,Thank You Cards (Package of 50),4800,4800,1,,,,https://www.josephsinspirational.ca/products/thank-you-cards-package?variant=37176693719237&_gsid=vQrwrZABRX7B&utm_source=shopify&utm_medium=catalog
bulk,thank_you_bulk,thank you cards bulk 50,thecrossdesign.myshopify.com,The Cross Living,Delft Thank You Card Boxed Set,5000,5000,1,,,,https://www.thecrossliving.com/products/delft-thank-you-card-boxed-set?variant=44725963325497&_gsid=vQrwrZABRX7B&utm_source=shopify&utm_medium=catalog
bulk,thank_you_bulk,thank you cards bulk 50,collected-joy.myshopify.com,Collected Joy,Japanese Design Thank you Card box of 16,2400,2400,1,,personaliz,,https://collected-joy.com/products/japanese-design-thank-you-card-box-of-40?variant=42051323592783&_gsid=vQrwrZABRX7B&utm_source=shopify&utm_medium=catalog
bulk,thank_you_bulk,thank you cards bulk 50,1dw1hu-cc.myshopify.com,"St. Andrew’s Book, Gift, & Church Supply",Embossed Thank You Card - 50/box,5355,5355,1,,,,https://standrewschurchsupply.biz/products/embossed-thank-you-card-50-box?variant=49278043586803&_gsid=vQrwrZABRX7B&utm_source=shopify&utm_medium=catalog
bulk,thank_you_bulk,thank you cards bulk 50,staples-canada.myshopify.com,Staples,"Gartner Studios Peach, Rose, Gold, Silver and Black Thank You Card Assortment, 50 Pack",1999,1999,1,Variesby,,,https://www.staples.ca/products/2720189-en-gartner-studios-peach-rose-gold-silver-and-black-thank-you-card-assortment-50-pack?variant=19667342262341&_gsid=vQrwrZABRX7B&utm_source=shopify&utm_medium=catalog
bulk,thank_you_bulk,thank you cards bulk 50,thecrossdesign.myshopify.com,The Cross Living,English Rose Thank You Card Boxed Set,5000,5000,1,,personaliz,,https://www.thecrossliving.com/products/english-rose-thank-you-card-boxed-set?variant=43839386681401&_gsid=vQrwrZABRX7B&utm_source=shopify&utm_medium=catalog
bulk,thank_you_bulk,thank you cards bulk 50,phidon.myshopify.com,Phidon Pens,TUTTLE Thank You Cards Set - Cherry Blossoms,2095,2095,1,,personaliz,,https://phidonpens.com/products/tuttle-thank-you-cards-set-cherry-blossoms?variant=47287671292125&_gsid=vQrwrZABRX7B&utm_source=shopify&utm_medium=catalog
bulk,thank_you_bulk,thank you cards bulk 50,redpegasusstore.myshopify.com,Red Pegasus,Thank You So Very Much Cards (Box Set),3600,3600,1,,personaliz,,https://redpegasus.ca/products/thank-you-so-very-much-cards-box-set?variant=40243547504727&_gsid=vQrwrZABRX7B&utm_source=shopify&utm_medium=catalog
bulk,thank_you_bulk,thank you cards bulk 50,thistleandwren.myshopify.com,Thistle & Wren,Strawberry Fields Thank You Card,915,915,1,,,,https://www.thistleandwren.com/products/strawberry-fields-thank-you-card?variant=44806726353094&_gsid=vQrwrZABRX7B&utm_source=shopify&utm_medium=catalog
bulk,thank_you_bulk,thank you cards bulk 50,redpegasusstore.myshopify.com,Red Pegasus,Delphine Thank You Cards (Set of 8),3600,3600,1,,personaliz,,https://redpegasus.ca/products/cardinals-holiday-cards-box-set?variant=42067601358935&_gsid=vQrwrZABRX7B&utm_source=shopify&utm_medium=catalog
bulk,thank_you_bulk,thank you cards bulk 50,juxtaposegifts.myshopify.com,Juxtapose Cards & Gifts,Garden Party Thank You Keepsake Boxed Cards,4695,4695,1,,,,https://juxtaposeannex.com/products/garden-party-thank-you-keepsake-boxed-cards?variant=48494468366490&_gsid=vQrwrZABRX7B&utm_source=shopify&utm_medium=catalog
bulk,thank_you_bulk,thank you cards bulk 50,scout-ltd.myshopify.com,Scout,Rosette Thank You Card,895,895,1,Option,,,https://www.iheartscout.com/products/rosette-thank-you-card?variant=46599218921716&_gsid=vQrwrZABRX7B&utm_source=shopify&utm_medium=catalog
bulk,thank_you_bulk,thank you cards bulk 50,universal-church-supplies.myshopify.com,Universal Church Supplies Inc,Boxed cards - THANK YOU - Box Of 12,1299,1299,1,,,,https://universalchurchsupplies.ca/products/boxed-cards-thank-you-box-of-12?variant=48560087040205&_gsid=vQrwrZABRX7B&utm_source=shopify&utm_medium=catalog
bulk,thank_you_bulk,thank you cards bulk 50,ilovecrystalsandgems.myshopify.com,ilovecrystalsandgems,PK/50 - Flora Cards - Thank You - Butterflies & Flowers,200,200,1,,,,https://ilovecrystalsandgems.com/products/pk-50-flora-cards-thank-you-butterflies-flowers?variant=41302810329135&_gsid=vQrwrZABRX7B&utm_source=shopify&utm_medium=catalog
bulk,thank_you_bulk,thank you cards bulk 50,exclusive-invites-co.myshopify.com,Exclusive Invites,Thank you Box Sets 50Pk,1999,1999,1,Style,,,https://exclusiveinvites.ca/products/thank-you-box-sets-50pk?variant=41081499943109&_gsid=vQrwrZABRX7B&utm_source=shopify&utm_medium=catalog
bulk,thank_you_bulk,thank you cards bulk 50,thecrdroom2.myshopify.com,The Card Room at KRICKET’S ,Rifle Paper Co - Rose Garden Thank You Cards Boxed Set of 8,3295,3295,1,,personaliz,,https://thecardroom.ca/products/rifle-paper-co-rose-garden-thank-you-card-box-of-8?variant=42339571335306&_gsid=vQrwrZABRX7B&utm_source=shopify&utm_medium=catalog
bulk,thank_you_bulk,thank you cards bulk 50,d87ce2-43.myshopify.com,Indigo,"Blank Thank You Cards with Envelopes, Vibrant Florals, Set of 20",1297,1297,1,,,,https://www.indigo.ca/products/blank-thank-you-cards-with-envelopes-vibrant-florals-set-of-20?variant=46223518892242&_gsid=vQrwrZABRX7B&utm_source=shopify&utm_medium=catalog
bulk,thank_you_bulk,thank you cards bulk 50,juxtaposegifts.myshopify.com,Juxtapose Cards & Gifts,Blossom Thank You Boxed Cards,3995,3995,1,,personaliz,,https://juxtaposeannex.com/products/blossom-thank-you-boxed-cards?variant=48494471348378&_gsid=vQrwrZABRX7B&utm_source=shopify&utm_medium=catalog
bulk,thank_you_bulk,thank you cards bulk 50,twentyseventoronto.myshopify.com,Twentyseven,Thanks Fox Thank You Greeting Card Box Set,3200,3200,1,,,,https://twentyseventoronto.com/products/thanks-fox-thank-you-greeting-card-boxed-sets?variant=50242059436279&_gsid=vQrwrZABRX7B&utm_source=shopify&utm_medium=catalog
bulk,thank_you_bulk,thank you cards bulk 50,iydxb3-yb.myshopify.com,Whiskey2Water,Thank You Cards,2500,2500,1,Quantity,custom,,https://whiskey2water.com/products/thank-you-cards?variant=45388315754667&_gsid=vQrwrZABRX7B&utm_source=shopify&utm_medium=catalog
bulk,thank_you_bulk,thank you cards bulk 50,kgxduq-bs.myshopify.com,Cards for Causes,Thank You Gratitude Sprint,76000,76000,1,Choose number of recipients,custom,,https://cardsforcauses.com/products/thank-you-gratitude-sprint?variant=42791992426593&_gsid=vQrwrZABRX7B&utm_source=shopify&utm_medium=catalog
bulk,thank_you_bulk,thank you cards bulk 50,blindsbamboo-com.myshopify.com,BambooBlinds.ca,PK/50 - Flora Cards - Thank You - Bird & Flowers,200,200,1,,,,https://bambooblinds.ca/products/pk-50-flora-cards-thank-you-bird-flowers?variant=44303177154711&_gsid=vQrwrZABRX7B&utm_source=shopify&utm_medium=catalog
bulk,thank_you_bulk,thank you cards bulk 50,d87ce2-43.myshopify.com,Indigo,"Blue & White, 40 Thank You Cards with Envelopes: (4 1/2 x 3 inch blank cards in 8 unique designs)",1438,1438,1,Format,,,https://www.indigo.ca/products/blue-white-40-thank-you-cards-with-envelopes?variant=46568790950098&_gsid=vQrwrZABRX7B&utm_source=shopify&utm_medium=catalog
bulk,thank_you_bulk,thank you cards bulk 50,collected-joy.myshopify.com,Collected Joy,Blue & White Thank you Card box of 40,2400,2400,1,,,,https://collected-joy.com/products/blue-white-thank-you-card-box-of-408?variant=40078012547151&_gsid=vQrwrZABRX7B&utm_source=shopify&utm_medium=catalog
bulk,thank_you_bulk,thank you cards bulk 50,d87ce2-43.myshopify.com,Indigo,"Thank You Cards, Seriously Gold Foil, Set Of 20",1080,1080,1,,,,https://www.indigo.ca/products/thank-you-cards-seriously-gold-foil-set-of-20?variant=46632795537618&_gsid=vQrwrZABRX7B&utm_source=shopify&utm_medium=catalog
bulk,thank_you_bulk,thank you cards bulk 50,collected-joy.myshopify.com,Collected Joy,CHERRY BLOSSOMS Thank you Card box of 40,2700,2700,1,,,,https://collected-joy.com/products/cherry-blossoms-thank-you-card-box-of-40?variant=40589263798351&_gsid=vQrwrZABRX7B&utm_source=shopify&utm_medium=catalog
bulk,thank_you_bulk,thank you cards bulk 50,k00haq-nq.myshopify.com,The Art of Home,Bunch of Roses Thank You Card,695,695,1,,,,https://www.theartofhome.ca/products/bunch-of-roses-thank-you-card?variant=49391320465635&_gsid=vQrwrZABRX7B&utm_source=shopify&utm_medium=catalog
bulk,thank_you_bulk,thank you cards bulk 50,collected-joy.myshopify.com,Collected Joy,"Nature Watercolors, 40 Thank You Cards with Envelopes",2400,2400,1,,personaliz,,https://collected-joy.com/products/nature-watercolors-40-thank-you-cards-with-envelopes?variant=40680949743695&_gsid=vQrwrZABRX7B&utm_source=shopify&utm_medium=catalog
bulk,thank_you_bulk,thank you cards bulk 50,halfpennypostage.myshopify.com,Halfpenny Postage,Classic Thank You,700,700,1,,,,https://halfpennypostage.com/products/classicthankyou-madelinekloepper?variant=48114905481458&_gsid=vQrwrZABRX7B&utm_source=shopify&utm_medium=catalog
bulk,thank_you_bulk,thank you cards bulk 50,8175d4.myshopify.com,Lumen Christi Books & Gifts,Thank You Cards - One Design - Box of 50,3395,3395,1,,,,https://lumenchristibooks.ca/products/thank-you-cards-one-design-box-of-50?variant=41316195991619&_gsid=vQrwrZABRX7B&utm_source=shopify&utm_medium=catalog
bulk,thank_you_bulk,thank you cards bulk 50,collected-joy.myshopify.com,Collected Joy,E.Frances SUPER SUNNY THANK YOU,800,800,1,,,,https://collected-joy.com/products/e-frances-super-sunny-thank-you?variant=42383972008015&_gsid=vQrwrZABRX7B&utm_source=shopify&utm_medium=catalog
bulk,thank_you_bulk,thank you cards bulk 50,loveteesnthings.myshopify.com,Loveteesnthings,Postcards,7814,7814,1,Quantity,custom,,https://theprintperfect.com/products/thank-you-cards?variant=44357407342815&_gsid=vQrwrZABRX7B&utm_source=shopify&utm_medium=catalog
bulk,thank_you_bulk,thank you cards bulk 50,thecrdroom2.myshopify.com,The Card Room at KRICKET’S ,Flower Patch Thank You Card,895,895,1,,,,https://thecardroom.ca/products/flower-patch-thank-you-card?variant=46124062572682&_gsid=vQrwrZABRX7B&utm_source=shopify&utm_medium=catalog
bulk,thank_you_bulk,thank you cards bulk 50,propertyguys-com-pro-shop.myshopify.com,PropertyGuys.com Pro Shop,"PG ""Thank You"" Cards",4999,4999,1,,personaliz,,https://proshop.propertyguys.com/products/pg-thank-you-cards?variant=37069274059&_gsid=vQrwrZABRX7B&utm_source=shopify&utm_medium=catalog
bulk,thank_you_bulk,thank you cards bulk 50,collected-joy.myshopify.com,Collected Joy,"Chiyogami Designs, 40 Thank You Cards with Envelopes",2400,2400,1,,,,https://collected-joy.com/products/chiyogami-designs-40-thank-you-cards-with-envelopes?variant=40680941649999&_gsid=vQrwrZABRX7B&utm_source=shopify&utm_medium=catalog
bulk,thank_you_bulk,thank you cards bulk 50,front-and-co-gifts.myshopify.com,Front and Company: Gifts,Navy Stripes Thank You Greeting Card,3895,3895,1,Packaging type,,,https://gifts.frontandcompany.ca/products/navy-stripes-thank-you-greeting-card-boxed-set-of-6?variant=46288683139316&_gsid=vQrwrZABRX7B&utm_source=shopify&utm_medium=catalog
bulk,thank_you_bulk,thank you cards bulk 50,316-publishing.myshopify.com,316 Publishing,Cultivate Gratitude Assorted Thank You Note Card Set - Set of 12 Series 1,1039,1039,1,,,,https://316publishing.com/products/cultivate-gratitude-assorted-thank-you-note-card-set-set-of-12-series-1?variant=43799113367788&_gsid=vQrwrZABRX7B&utm_source=shopify&utm_medium=catalog
bulk,thank_you_bulk,thank you cards bulk 50,nikkei-national-museum.myshopify.com,Nikkei National Museum Shop,Cherry Blossoms Thank You Cards - 40 cards with envelopes,2495,2495,1,,,,https://shop.nikkeiplace.org/products/cherry-blossoms-thank-you-cards-40-cards-with-envelopes?variant=44237537181872&_gsid=vQrwrZABRX7B&utm_source=shopify&utm_medium=catalog
bulk,thank_you_bulk,thank you cards bulk 50,tropitek-wholesale.myshopify.com,Tropitek-Wholesale,PK/50 - THANK YOU ENCLOSURE CARDS,250,250,1,,,,https://tropitek.net/products/pk-50-thank-you-enclosure-cards?variant=48746121691423&_gsid=vQrwrZABRX7B&utm_source=shopify&utm_medium=catalog
bulk,thank_you_bulk,thank you cards bulk 50,sfgd9w-x0.myshopify.com,Flowerhint,Personalized Paper Thank You Cards: Eco-Friendly Favors seeds bulk,1754,1754,1,,personaliz,,https://www.flowerhint.com/products/personalized-paper-thank-you-cards-eco-friendly-favors-seeds-bulk?variant=42693747408983&_gsid=vQrwrZABRX7B&utm_source=shopify&utm_medium=catalog
bulk,thank_you_bulk,thank you cards bulk 50,front-and-co-gifts.myshopify.com,Front and Company: Gifts,Many Hearts Thank You Greeting Cards,3895,3895,1,Packaging type,,,https://gifts.frontandcompany.ca/products/many-hearts-boxed-set-of-6-thank-you-greeting-cards?variant=46985785868532&_gsid=vQrwrZABRX7B&utm_source=shopify&utm_medium=catalog
bulk,thank_you_bulk,thank you cards bulk 50,d87ce2-43.myshopify.com,Indigo,"Nature Watercolors, 40 Thank You Cards with Envelopes: (4 1/2 x 3 inch blank cards in 8 unique designs)",1514,1514,1,Format,personaliz,,https://www.indigo.ca/products/nature-watercolors-40-thank-you-cards-with-envelopes?variant=46579393167570&_gsid=vQrwrZABRX7B&utm_source=shopify&utm_medium=catalog
bulk,thank_you_bulk,thank you cards bulk 50,the-gifted-type.myshopify.com,The Gifted Type,Thanks A Bunch Thank You Card,695,695,1,,,,https://www.thegiftedtype.com/products/thanks-a-bunch-thank-you-card-4?variant=48067775365352&_gsid=vQrwrZABRX7B&utm_source=shopify&utm_medium=catalog
bulk,thank_you_bulk,thank you cards bulk 50,seekandbloomco.myshopify.com,Seek and Bloom Creative Co.,"Thank You, Pressed Flower Cosmos",2500,2500,1,,,,https://seekandbloom.ca/products/thank-you-pressed-flower-cosmos?variant=43976379498725&_gsid=vQrwrZABRX7B&utm_source=shopify&utm_medium=catalog
bulk,thank_you_bulk,thank you cards bulk 50,josephsinspirational.myshopify.com,Joseph's,Gold Foil Blank Thank You Cards (Box of 10),899,899,1,,,,https://www.josephsinspirational.ca/products/gold-foil-blank-thank-you-cards-box-of-10?variant=45608683372769&_gsid=vQrwrZABRX7B&utm_source=shopify&utm_medium=catalog
occasion,corporate_thank_you,corporate thank you cards,thecrossdesign.myshopify.com,The Cross Living,Delft Thank You Card Boxed Set,5000,5000,1,,,,https://www.thecrossliving.com/products/delft-thank-you-card-boxed-set?variant=44725963325497&_gsid=Q5hL6S2nRrqG&utm_source=shopify&utm_medium=catalog
occasion,corporate_thank_you,corporate thank you cards,scout-ltd.myshopify.com,Scout,Rosette Thank You Card,895,895,1,Option,,,https://www.iheartscout.com/products/rosette-thank-you-card?variant=46599218921716&_gsid=Q5hL6S2nRrqG&utm_source=shopify&utm_medium=catalog
occasion,corporate_thank_you,corporate thank you cards,thistleandwren.myshopify.com,Thistle & Wren,Strawberry Fields Thank You Card,915,915,1,,,,https://www.thistleandwren.com/products/strawberry-fields-thank-you-card?variant=44806726353094&_gsid=Q5hL6S2nRrqG&utm_source=shopify&utm_medium=catalog
occasion,corporate_thank_you,corporate thank you cards,good-nbr.myshopify.com,Good Neighbour,Peacock Thank You Card (Boxed Set of 8),3600,3600,1,,personaliz,,https://www.goodnbr.com/products/peacock-thank-you-card-boxed-set-of-8?variant=40889176457259&_gsid=Q5hL6S2nRrqG&utm_source=shopify&utm_medium=catalog
occasion,corporate_thank_you,corporate thank you cards,collected-joy.myshopify.com,Collected Joy,Rifle Thank You Bouquet,750,750,1,,personaliz,,https://collected-joy.com/products/rifle-thank-you-bouquet?variant=40360393736271&_gsid=Q5hL6S2nRrqG&utm_source=shopify&utm_medium=catalog
occasion,corporate_thank_you,corporate thank you cards,thecrossdesign.myshopify.com,The Cross Living,Margaux Thank You Card,995,995,1,,,,https://www.thecrossliving.com/products/margaux-thank-you-card?variant=43683290513465&_gsid=Q5hL6S2nRrqG&utm_source=shopify&utm_medium=catalog
occasion,corporate_thank_you,corporate thank you cards,thecrossdesign.myshopify.com,The Cross Living,Hydrangea Thank You Card Boxed Set,4500,4500,1,,,,https://www.thecrossliving.com/products/hydrangea-thank-you-card-boxed-set?variant=44686546862137&_gsid=Q5hL6S2nRrqG&utm_source=shopify&utm_medium=catalog
occasion,corporate_thank_you,corporate thank you cards,good-nbr.myshopify.com,Good Neighbour,Seaside Thank You Card,1095,1095,1,,,,https://www.goodnbr.com/products/seaside-thank-you-card?variant=44174291763243&_gsid=Q5hL6S2nRrqG&utm_source=shopify&utm_medium=catalog
occasion,corporate_thank_you,corporate thank you cards,thecrossdesign.myshopify.com,The Cross Living,Pink Hydrangea Thank You Card Boxed Set,2000,2000,1,,,,https://www.thecrossliving.com/products/pink-hydrangea-thank-you-card-boxed-set?variant=45779044827193&_gsid=Q5hL6S2nRrqG&utm_source=shopify&utm_medium=catalog
occasion,corporate_thank_you,corporate thank you cards,good-nbr.myshopify.com,Good Neighbour,Rosé Thank You Card,995,995,1,,,,https://www.goodnbr.com/products/rose-thank-you-card?variant=40842075996203&_gsid=Q5hL6S2nRrqG&utm_source=shopify&utm_medium=catalog
occasion,corporate_thank_you,corporate thank you cards,silla-designs.myshopify.com,Silla Designs,Hydrangea Thank You Card,899,899,1,,,,https://silladesigns.com/products/hydrangea-thank-you-card?variant=50769381294380&_gsid=Q5hL6S2nRrqG&utm_source=shopify&utm_medium=catalog
occasion,corporate_thank_you,corporate thank you cards,thecrdroom2.myshopify.com,The Card Room at KRICKET’S ,Rifle Paper Co - Thank You Roses Card,895,895,1,,,,https://thecardroom.ca/products/rifle-paper-co-thank-you-roses-card?variant=45076228636810&_gsid=Q5hL6S2nRrqG&utm_source=shopify&utm_medium=catalog
occasion,corporate_thank_you,corporate thank you cards,k00haq-nq.myshopify.com,The Art of Home,Prairie Garden Thank You Card by Rifle Paper Co.,795,795,1,,,,https://www.theartofhome.ca/products/prairie-garden-thank-you-card?variant=47297206517987&_gsid=Q5hL6S2nRrqG&utm_source=shopify&utm_medium=catalog
occasion,corporate_thank_you,corporate thank you cards,inspired-content-co.myshopify.com,Inspired Content Co,"Thank you Thank you Card, Thank you business insert cards, Appreciation card packaging inserts, printable thank you note, Thanks for orders",523,523,1,,custom,,https://inspiredcontent.co/products/thank-you-thank-you-card-thank-you-business?variant=40920956928093&_gsid=Q5hL6S2nRrqG&utm_source=shopify&utm_medium=catalog
occasion,corporate_thank_you,corporate thank you cards,liftow-marketing.myshopify.com,Liftow Marketing,Thank You Cards - French (pack of 25),1200,1200,1,,,,https://marketing.liftow.com/products/thank-you-cards-french?variant=41596055322815&_gsid=Q5hL6S2nRrqG&utm_source=shopify&utm_medium=catalog
occasion,corporate_thank_you,corporate thank you cards,91cb25-c5.myshopify.com,Fort + Company ,With Gratitude Card,1000,1000,1,,personaliz,,https://fortandcompany.ca/products/with-gratitude-card?variant=51417346867431&_gsid=Q5hL6S2nRrqG&utm_source=shopify&utm_medium=catalog
occasion,corporate_thank_you,corporate thank you cards,good-nbr.myshopify.com,Good Neighbour,Moss Thank You Card,995,995,1,,,,https://www.goodnbr.com/products/moss-thank-you-card?variant=44291073605675&_gsid=Q5hL6S2nRrqG&utm_source=shopify&utm_medium=catalog
occasion,corporate_thank_you,corporate thank you cards,ayoubs-corporate-gifting.myshopify.com,Ayoub's Corporate Gifting,Green Thank you card,300,300,1,,,,https://ayoubsgifting.com/products/green-thank-you-card?variant=50917123653924&_gsid=Q5hL6S2nRrqG&utm_source=shopify&utm_medium=catalog
occasion,corporate_thank_you,corporate thank you cards,ayoubs-corporate-gifting.myshopify.com,Ayoub's Corporate Gifting,Brown Thank you card,300,300,1,,,,https://ayoubsgifting.com/products/brown-thank-you-card?variant=50917124866340&_gsid=Q5hL6S2nRrqG&utm_source=shopify&utm_medium=catalog
occasion,corporate_thank_you,corporate thank you cards,seekandbloomco.myshopify.com,Seek and Bloom Creative Co.,"Thank You, Pressed Flower Cosmos",2500,2500,1,,,,https://seekandbloom.ca/products/thank-you-pressed-flower-cosmos?variant=43976379498725&_gsid=Q5hL6S2nRrqG&utm_source=shopify&utm_medium=catalog
occasion,corporate_thank_you,corporate thank you cards,fi-westernfinancial.myshopify.com,The General Store - Western Financial Group,WESTERN COAST - THANK YOU CARDS (PACK OF 10),790,790,1,,,,https://westernfinancial.fipromo.ca/products/western-coast-thank-you-cards-pack-of-10?variant=37847149183131&_gsid=Q5hL6S2nRrqG&utm_source=shopify&utm_medium=catalog
occasion,corporate_thank_you,corporate thank you cards,wild-bloom-design-studio.myshopify.com,Wild Bloom Design Studio,Boho Small Business Thank You Card | Thank You Card Template,600,600,1,,custom,,https://wildbloomdesignstudio.com/products/boho-small-business-thank-you-card-03183?variant=40650587603129&_gsid=Q5hL6S2nRrqG&utm_source=shopify&utm_medium=catalog
occasion,corporate_thank_you,corporate thank you cards,k00haq-nq.myshopify.com,The Art of Home,Cherries Thank You Card by Rifle Paper Co.,795,795,1,,,,https://www.theartofhome.ca/products/cherries-thank-you-card?variant=47296305299683&_gsid=Q5hL6S2nRrqG&utm_source=shopify&utm_medium=catalog
occasion,corporate_thank_you,corporate thank you cards,staples-canada.myshopify.com,Staples,"Thank You Cards, Your Gift For Baby, 48 Notelet Cards",1999,1999,1,Variesby,,,https://www.staples.ca/products/1026759-en-thank-you-cards-your-gift-for-baby-48-notelet-cards?variant=19667080904773&_gsid=Q5hL6S2nRrqG&utm_source=shopify&utm_medium=catalog
occasion,corporate_thank_you,corporate thank you cards,silla-designs.myshopify.com,Silla Designs,Gracie Thank You | Greeting Card,899,899,1,,,,https://silladesigns.com/products/gracie-thank-you-greeting-card?variant=51911285047596&_gsid=Q5hL6S2nRrqG&utm_source=shopify&utm_medium=catalog
occasion,corporate_thank_you,corporate thank you cards,baby-charlotte-canada.myshopify.com,Baby Charlotte Canada,modern wit - thank you card - employee,599,599,1,,,,https://www.babycharlotte.com/products/modern-wit-thank-you-card-employee?variant=40657886576791&_gsid=Q5hL6S2nRrqG&utm_source=shopify&utm_medium=catalog
occasion,corporate_thank_you,corporate thank you cards,scout-ltd.myshopify.com,Scout,Navy Stripes Thank You Card,895,895,1,,,,https://www.iheartscout.com/products/navy-stripes-thank-you-card?variant=46166960636148&_gsid=Q5hL6S2nRrqG&utm_source=shopify&utm_medium=catalog
occasion,corporate_thank_you,corporate thank you cards,poshparkmerch.myshopify.com,Posh Park,"Set of 2 EDITABLE Purple Minimalist Small Business Thank You Card and Gift Certificate Bundle, Printable Thank You for Supporting My Small Business Card",2100,2100,1,,,,https://poshpark.net/products/set-of-2-purple-minimalist-small-business-thank-you-card-and-gift-certificate-bundle-thank-you-for-supporting-my-small-business-card?variant=42569631891706&_gsid=Q5hL6S2nRrqG&utm_source=shopify&utm_medium=catalog
occasion,corporate_thank_you,corporate thank you cards,good-nbr.myshopify.com,Good Neighbour,Blossom Thank You Card,950,950,1,,,,https://www.goodnbr.com/products/blossom-thank-you-card?variant=40842074783787&_gsid=Q5hL6S2nRrqG&utm_source=shopify&utm_medium=catalog
occasion,corporate_thank_you,corporate thank you cards,front-and-co-gifts.myshopify.com,Front and Company: Gifts,Blue Flora 'Thank You' Card,895,895,1,,,,https://gifts.frontandcompany.ca/products/blue-flora-thank-you-card?variant=48433138794740&_gsid=Q5hL6S2nRrqG&utm_source=shopify&utm_medium=catalog
occasion,corporate_thank_you,corporate thank you cards,juxtaposegifts.myshopify.com,Juxtapose Cards & Gifts,Garden Party Thank You Keepsake Boxed Cards,4695,4695,1,,,,https://juxtaposeannex.com/products/garden-party-thank-you-keepsake-boxed-cards?variant=48494468366490&_gsid=Q5hL6S2nRrqG&utm_source=shopify&utm_medium=catalog
occasion,corporate_thank_you,corporate thank you cards,thecrdroom2.myshopify.com,The Card Room at KRICKET’S ,Rifle Paper Co - Rose Garden Thank You Cards Boxed Set of 8,3295,3295,1,,personaliz,,https://thecardroom.ca/products/rifle-paper-co-rose-garden-thank-you-card-box-of-8?variant=42339571335306&_gsid=Q5hL6S2nRrqG&utm_source=shopify&utm_medium=catalog
occasion,corporate_thank_you,corporate thank you cards,goprintplus.myshopify.com,Go Print Plus,Pink Cross Thank You Card,6200,6200,1,Flat or folded - by size; Paper type; Quantity,,,https://goprintplus.com/products/pink-cross-thank-you-card?variant=45716043071674&_gsid=Q5hL6S2nRrqG&utm_source=shopify&utm_medium=catalog
occasion,corporate_thank_you,corporate thank you cards,91cb25-c5.myshopify.com,Fort + Company ,Garden Party Blue Thank You Card,1000,1000,1,,,,https://fortandcompany.ca/products/garden-party-blue-thank-you-card?variant=51417349062887&_gsid=Q5hL6S2nRrqG&utm_source=shopify&utm_medium=catalog
occasion,corporate_thank_you,corporate thank you cards,goprintplus.myshopify.com,Go Print Plus,Hand Drawn Wreath Thank You Card,6200,6200,1,Flat or folded - by size; Paper type; Quantity,,,https://goprintplus.com/products/hand-drawn-wreath-thank-you-card?variant=45715504398522&_gsid=Q5hL6S2nRrqG&utm_source=shopify&utm_medium=catalog
occasion,corporate_thank_you,corporate thank you cards,silla-designs.myshopify.com,Silla Designs,Flower Shop Thank You Card,899,899,1,,,,https://silladesigns.com/products/flower-shop-thank-you-card?variant=50769377132844&_gsid=Q5hL6S2nRrqG&utm_source=shopify&utm_medium=catalog
occasion,corporate_thank_you,corporate thank you cards,beestung-lingerie.myshopify.com,Beestung Lingerie,Curio Thank You Card,796,796,1,,personaliz,,https://beestunglingerie.com/products/curio-thank-you-card?variant=44763050934404&_gsid=Q5hL6S2nRrqG&utm_source=shopify&utm_medium=catalog
occasion,corporate_thank_you,corporate thank you cards,fhg-dynamex.myshopify.com,TForce Logistics,Canada: Note/Thank You Cards,13800,13800,1,Quantity,,,https://tforce.fhgraphics.com/products/note-thank-you-cards-canada?variant=46224215701&_gsid=Q5hL6S2nRrqG&utm_source=shopify&utm_medium=catalog
occasion,corporate_thank_you,corporate thank you cards,shop-cartolina.myshopify.com,Shop Cartolina,B107 Boxed cards - Thank You - Blossoms,1200,1200,1,,,,https://shopcartolina.com/products/copy-of-b106-boxed-cards-thank-you-paisley?variant=1508596252720&_gsid=Q5hL6S2nRrqG&utm_source=shopify&utm_medium=catalog
occasion,corporate_thank_you,corporate thank you cards,thecrossdesign.myshopify.com,The Cross Living,Ditsy Dahlia Thank You Card | 2 Options,1195,1195,1,Quantity,,,https://www.thecrossliving.com/products/ditsy-dahlia-thank-you-card?variant=46042559184953&_gsid=Q5hL6S2nRrqG&utm_source=shopify&utm_medium=catalog
occasion,corporate_thank_you,corporate thank you cards,cheerfetti-gift-co.myshopify.com,Cheerfetti Gift Co.,Card - Thank you,600,600,1,,custom,,https://www.cheerfetti.ca/products/card-thank-you?variant=37775672606885&_gsid=Q5hL6S2nRrqG&utm_source=shopify&utm_medium=catalog
occasion,corporate_thank_you,corporate thank you cards,good-nbr.myshopify.com,Good Neighbour,Thank You With Flowers Die Cut Card,1000,1000,1,,,,https://www.goodnbr.com/products/thank-you-with-flowers-die-cut-card?variant=43120852795435&_gsid=Q5hL6S2nRrqG&utm_source=shopify&utm_medium=catalog
occasion,corporate_thank_you,corporate thank you cards,wild-bloom-design-studio.myshopify.com,Wild Bloom Design Studio,Small Business Thank You Card | Editable Thank You Card Template,600,600,1,,custom,,https://wildbloomdesignstudio.com/products/small-business-thank-you-card-editable-34287?variant=40650629873849&_gsid=Q5hL6S2nRrqG&utm_source=shopify&utm_medium=catalog
occasion,corporate_thank_you,corporate thank you cards,staples-canada.myshopify.com,Staples,"Thank You Cards, Thanks So Much..., 48 Notelet Cards",1899,1899,1,Variesby,,,https://www.staples.ca/products/1026756-en-thank-you-cards-thanks-so-much-48-notelet-cards?variant=19667080216645&_gsid=Q5hL6S2nRrqG&utm_source=shopify&utm_medium=catalog
occasion,corporate_thank_you,corporate thank you cards,mararamiro.myshopify.com,Mararamiro,Thank You No. 01 Letterpress Card,1095,1095,1,,,,https://www.mararamiro.com/products/thank-you-no-01-letterpress-card?variant=46684403564796&_gsid=Q5hL6S2nRrqG&utm_source=shopify&utm_medium=catalog
occasion,corporate_thank_you,corporate thank you cards,goprintplus.myshopify.com,Go Print Plus,Gold Fringe Thank You Card,6200,6200,1,Flat or folded - by size; Paper type; Quantity,,,https://goprintplus.com/products/gold-fringe-thank-you-card?variant=45716479115450&_gsid=Q5hL6S2nRrqG&utm_source=shopify&utm_medium=catalog
occasion,corporate_thank_you,corporate thank you cards,poshparkmerch.myshopify.com,Posh Park,"Editable Minimalist Small Business Thank You Cards, DIY Thank You Card for Small Businesses, Printable Thank You Card Digital | PDF Thank You Cards",1200,1200,1,,custom,,https://poshpark.net/products/minimalist-small-business-thank-you-cards-diy-thank-you-card-for-small-business-printable-thank-you-card-digital-pdf-thank-you-cards?variant=42569632973050&_gsid=Q5hL6S2nRrqG&utm_source=shopify&utm_medium=catalog
occasion,corporate_thank_you,corporate thank you cards,claudiaowen.myshopify.com,Claudia Owen,"Custom Professional Thank You Notes,  Personalized Business Thank You Cards Template, Black and Gold Thank you Printable Cards, Corporate Appreciation Card Digital File",1500,1500,1,,custom; personaliz,,https://claudiaowen.com/products/custom-professional-thank-you-notes-personalized-business-thank-you-cards-template-black-and-gold-thank-you-printable-cards-corporate-appreciation-card-digital-file?variant=40277073199209&_gsid=Q5hL6S2nRrqG&utm_source=shopify&utm_medium=catalog
occasion,corporate_thank_you,corporate thank you cards,thecrdroom2.myshopify.com,The Card Room at KRICKET’S ,Rifle Paper Co - Thank You Card,895,895,1,,,,https://thecardroom.ca/products/rifle-paper-co-thank-you-card?variant=44249624576138&_gsid=Q5hL6S2nRrqG&utm_source=shopify&utm_medium=catalog
occasion,corporate_thank_you,corporate thank you cards,wild-bloom-design-studio.myshopify.com,Wild Bloom Design Studio,Boho Small Business Thank You Card | Editable Thank You Card Template,600,600,1,,custom,,https://wildbloomdesignstudio.com/products/boho-small-business-thank-you-card-91970?variant=40650606674105&_gsid=Q5hL6S2nRrqG&utm_source=shopify&utm_medium=catalog
occasion,event_thank_you,event thank you notes for attendees,exclusive-invites-co.myshopify.com,Exclusive Invites,Thank You Box Sets 14 Card Set,1099,1099,1,Style,,,https://exclusiveinvites.ca/products/thank-you-box-set?variant=41081478512837&_gsid=ac19LindThfv&utm_source=shopify&utm_medium=catalog
occasion,event_thank_you,event thank you notes for attendees,juxtaposegifts.myshopify.com,Juxtapose Cards & Gifts,Garden Party Thank You Keepsake Boxed Cards,4695,4695,1,,,,https://juxtaposeannex.com/products/garden-party-thank-you-keepsake-boxed-cards?variant=48494468366490&_gsid=ac19LindThfv&utm_source=shopify&utm_medium=catalog
occasion,event_thank_you,event thank you notes for attendees,redpegasusstore.myshopify.com,Red Pegasus,Delphine Thank You Cards (Set of 8),3600,3600,1,,personaliz,,https://redpegasus.ca/products/cardinals-holiday-cards-box-set?variant=42067601358935&_gsid=ac19LindThfv&utm_source=shopify&utm_medium=catalog
occasion,event_thank_you,event thank you notes for attendees,goprintplus.myshopify.com,Go Print Plus,Formal Wreath Thank You Card,6200,6200,1,Flat or folded - by size; Paper type; Quantity,,,https://goprintplus.com/products/formal-wreath-thank-you-card?variant=45717127594170&_gsid=ac19LindThfv&utm_source=shopify&utm_medium=catalog
occasion,event_thank_you,event thank you notes for attendees,canadian-banquet-workshop.myshopify.com,Banquet Atelier & Workshop LTD.,Thank You Nasturtiums Note Card,600,600,1,,,,https://banquetworkshop.com/products/thank-you-nasturtiums-note-card?variant=39420763340903&_gsid=ac19LindThfv&utm_source=shopify&utm_medium=catalog
occasion,event_thank_you,event thank you notes for attendees,d87ce2-43.myshopify.com,Indigo,"Watercolor Sunset Thank You Notes, Set Of 14",1081,1081,1,,,,https://www.indigo.ca/products/watercolor-sunset-thank-you-notes-set-of-14?variant=46632741994706&_gsid=ac19LindThfv&utm_source=shopify&utm_medium=catalog
occasion,event_thank_you,event thank you notes for attendees,the-party-place-sarnia.myshopify.com,The Party Place,Country Blossom Thank You Notes,2998,2998,1,,,,https://thepartyplace.ca/products/country-blossom-thank-you-notes?variant=40611901898797&_gsid=ac19LindThfv&utm_source=shopify&utm_medium=catalog
occasion,event_thank_you,event thank you notes for attendees,d87ce2-43.myshopify.com,Indigo,"Thank You Notes, Set Of 14",1083,1083,1,Colour,,,https://www.indigo.ca/products/thank-you-notes-set-of-14?variant=46641544560850&_gsid=ac19LindThfv&utm_source=shopify&utm_medium=catalog
occasion,event_thank_you,event thank you notes for attendees,alvina-grace-designs.myshopify.com,Cotton Willow Design Co.,Elegant Floral,300,300,1,Envelope addressing,custom,,https://www.cottonwillowdesign.com/products/elegant-floral?variant=26098536144&_gsid=ac19LindThfv&utm_source=shopify&utm_medium=catalog
occasion,event_thank_you,event thank you notes for attendees,outer-layer.myshopify.com,Outer Layer,Wildflowers Premium Thank You Note Cards,2499,2499,1,,,,https://outerlayer.com/products/wildflowers-premium-thank-you-note-cards?variant=51199090164032&_gsid=ac19LindThfv&utm_source=shopify&utm_medium=catalog
occasion,event_thank_you,event thank you notes for attendees,goprintplus.myshopify.com,Go Print Plus,Lone Feather Thank You Card,6200,6200,1,Flat or folded - by size; Paper type; Quantity,,,https://goprintplus.com/products/lone-feather-thank-you-card?variant=45717144142010&_gsid=ac19LindThfv&utm_source=shopify&utm_medium=catalog
occasion,event_thank_you,event thank you notes for attendees,jacaranda-tree-co.myshopify.com,Jacaranda Tree & Co,Hummingbird Trellis Thank You Boxed Cards s/8,1800,1800,1,,,,https://www.jacarandatree.ca/products/thank-you-notes-hummingbird-trellis?variant=50529930248439&_gsid=ac19LindThfv&utm_source=shopify&utm_medium=catalog
occasion,event_thank_you,event thank you notes for attendees,oneearthcollection.myshopify.com,Charles Orwin,Handwritten note,900,900,1,,personaliz,,https://fr.charlesorwin.com/products/handwritten-note?variant=41182970740910&_gsid=ac19LindThfv&utm_source=shopify&utm_medium=catalog
occasion,event_thank_you,event thank you notes for attendees,duly-noted-stationery.myshopify.com,Duly Noted Stationery,Peter Pauper Boxed Notes - Gold and Cream Thank You,1495,1495,1,,,,https://www.dulynoted.ca/products/peter-pauper-thank-you-notes-gold-and-cream?variant=35124426887&_gsid=ac19LindThfv&utm_source=shopify&utm_medium=catalog
occasion,event_thank_you,event thank you notes for attendees,jacaranda-tree-co.myshopify.com,Jacaranda Tree & Co,Thank You Notes - Gold Calligraphy,1800,1800,1,,personaliz,,https://www.jacarandatree.ca/products/thank-you-notes-gold-calligraphy?variant=49877221245175&_gsid=ac19LindThfv&utm_source=shopify&utm_medium=catalog
occasion,event_thank_you,event thank you notes for attendees,seekandbloomco.myshopify.com,Seek and Bloom Creative Co.,"Thank You, Pressed Flower Cosmos",2500,2500,1,,,,https://seekandbloom.ca/products/thank-you-pressed-flower-cosmos?variant=43976379498725&_gsid=ac19LindThfv&utm_source=shopify&utm_medium=catalog
occasion,event_thank_you,event thank you notes for attendees,collected-joy.myshopify.com,Collected Joy,Rifle Thank You Bouquet,750,750,1,,personaliz,,https://collected-joy.com/products/rifle-thank-you-bouquet?variant=40360393736271&_gsid=ac19LindThfv&utm_source=shopify&utm_medium=catalog
occasion,event_thank_you,event thank you notes for attendees,thecrdroom2.myshopify.com,The Card Room at KRICKET’S ,Thank You Appreciation Note Card,895,895,1,,,,https://thecardroom.ca/products/thank-you-appreciation-note-card?variant=49872656760970&_gsid=ac19LindThfv&utm_source=shopify&utm_medium=catalog
occasion,event_thank_you,event thank you notes for attendees,goprintplus.myshopify.com,Go Print Plus,Cocktail Brunch Thank You Card,6200,6200,1,Flat or folded - by size; Paper type; Quantity,personaliz,,https://goprintplus.com/products/cocktail-brunch-thank-you-card?variant=45716357578938&_gsid=ac19LindThfv&utm_source=shopify&utm_medium=catalog
occasion,event_thank_you,event thank you notes for attendees,buchans-kerrisdale-stationery-3461.myshopify.com,Buchan's Kerrisdale Stationery,Peter Pauper Press - Asian Botanical Thank You Notes,1695,1695,1,,,,https://www.buchanst.com/products/peter-pauper-press-asian-botanical-thank-you-notes?variant=45292401918231&_gsid=ac19LindThfv&utm_source=shopify&utm_medium=catalog
occasion,event_thank_you,event thank you notes for attendees,thecrossdesign.myshopify.com,The Cross Living,Hydrangea Thank You Card Boxed Set,4500,4500,1,,,,https://www.thecrossliving.com/products/hydrangea-thank-you-card-boxed-set?variant=44686546862137&_gsid=ac19LindThfv&utm_source=shopify&utm_medium=catalog
occasion,event_thank_you,event thank you notes for attendees,silla-designs.myshopify.com,Silla Designs,Hydrangea Embroidered Fabric Guest Book,7999,7999,1,,,,https://silladesigns.com/products/embroidered-guest-book?variant=52703214272812&_gsid=ac19LindThfv&utm_source=shopify&utm_medium=catalog
occasion,event_thank_you,event thank you notes for attendees,thistleandwren.myshopify.com,Thistle & Wren,Strawberry Fields Thank You Card,915,915,1,,,,https://www.thistleandwren.com/products/strawberry-fields-thank-you-card?variant=44806726353094&_gsid=ac19LindThfv&utm_source=shopify&utm_medium=catalog
occasion,event_thank_you,event thank you notes for attendees,91cb25-c5.myshopify.com,Fort + Company ,Garden Party Blue Thank You Card,1000,1000,1,,,,https://fortandcompany.ca/products/garden-party-blue-thank-you-card?variant=51417349062887&_gsid=ac19LindThfv&utm_source=shopify&utm_medium=catalog
occasion,event_thank_you,event thank you notes for attendees,duly-noted-stationery.myshopify.com,Duly Noted Stationery,Peter Pauper Boxed Notes - Black and Cream Thank You,1495,1495,1,,,,https://www.dulynoted.ca/products/peter-pauper-black-and-cream-thank-you-note-cards?variant=41438868615&_gsid=ac19LindThfv&utm_source=shopify&utm_medium=catalog
occasion,event_thank_you,event thank you notes for attendees,good-nbr.myshopify.com,Good Neighbour,Peacock Thank You Card (Boxed Set of 8),3600,3600,1,,personaliz,,https://www.goodnbr.com/products/peacock-thank-you-card-boxed-set-of-8?variant=40889176457259&_gsid=ac19LindThfv&utm_source=shopify&utm_medium=catalog
occasion,event_thank_you,event thank you notes for attendees,good-nbr.myshopify.com,Good Neighbour,Rosette Thank You Card,950,950,1,,,,https://www.goodnbr.com/products/rosette-thank-you-card?variant=41892337254443&_gsid=ac19LindThfv&utm_source=shopify&utm_medium=catalog
occasion,event_thank_you,event thank you notes for attendees,thecrossdesign.myshopify.com,The Cross Living,Pink Hydrangea Thank You Card Boxed Set,2000,2000,1,,,,https://www.thecrossliving.com/products/pink-hydrangea-thank-you-card-boxed-set?variant=45779044827193&_gsid=ac19LindThfv&utm_source=shopify&utm_medium=catalog
occasion,event_thank_you,event thank you notes for attendees,canadian-banquet-workshop.myshopify.com,Banquet Atelier & Workshop LTD.,Ribbons Thank You  Note Card,600,600,1,,,,https://banquetworkshop.com/products/ribbons-thank-you-card?variant=51604253245734&_gsid=ac19LindThfv&utm_source=shopify&utm_medium=catalog
occasion,event_thank_you,event thank you notes for attendees,take-note-stationery-boutique.myshopify.com,Take Note Stationery Boutique,Boxed Premium Thank You - Wildflowers,2500,2500,1,,,,https://takenoteboutique.ca/products/boxed-premium-thank-you-wildflowers?variant=50564254105878&_gsid=ac19LindThfv&utm_source=shopify&utm_medium=catalog
occasion,event_thank_you,event thank you notes for attendees,entershine-bookshop.myshopify.com,Entershine Bookshop,Blue Elegance Thank You Notes,1399,1399,1,,,,https://www.entershinebookshop.ca/products/9781593590888?variant=46618981925103&_gsid=ac19LindThfv&utm_source=shopify&utm_medium=catalog
occasion,event_thank_you,event thank you notes for attendees,partywarehousecanada.myshopify.com,Party Warehouse,Wedding Bells Thank You Notes 8Pk,199,199,1,,,,https://partywarehousecanada.myshopify.com/products/wedding-bells-thank-you-notes-8pk?variant=44133508382870&_gsid=ac19LindThfv&utm_source=shopify&utm_medium=catalog
occasion,event_thank_you,event thank you notes for attendees,juxtaposegifts.myshopify.com,Juxtapose Cards & Gifts,Curio Thank You Keepsake Boxed Cards,4695,4695,1,,,,https://juxtaposeannex.com/products/curio-thank-you-keepsake-boxed-cards?variant=48494468432026&_gsid=ac19LindThfv&utm_source=shopify&utm_medium=catalog
occasion,event_thank_you,event thank you notes for attendees,bigwasp.myshopify.com,BRONC TATTOO SUPPLY,Handwritten note,499,499,1,,personaliz,,https://www.bronctattoo.com/products/handwritten-note?variant=43812498309296&_gsid=ac19LindThfv&utm_source=shopify&utm_medium=catalog
occasion,event_thank_you,event thank you notes for attendees,goprintplus.myshopify.com,Go Print Plus,Gift Card Thank You Card,6200,6200,1,Flat or folded - by size; Paper type; Quantity,,,https://goprintplus.com/products/gift-card-thank-you-card?variant=45716331528378&_gsid=ac19LindThfv&utm_source=shopify&utm_medium=catalog
occasion,event_thank_you,event thank you notes for attendees,ac1f6b-2.myshopify.com,sangboxs,Handwritten note,499,499,1,,custom,,https://sangboxs.com/products/handwritten-note?variant=48343554982182&_gsid=ac19LindThfv&utm_source=shopify&utm_medium=catalog
occasion,event_thank_you,event thank you notes for attendees,buchans-kerrisdale-stationery-3461.myshopify.com,Buchan's Kerrisdale Stationery,Peter Pauper Press - Thank You Notes - Ladybug,1695,1695,1,,,,https://www.buchanst.com/products/peter-pauper-press-ladybug-thank-you-notes?variant=45292401656087&_gsid=ac19LindThfv&utm_source=shopify&utm_medium=catalog
occasion,event_thank_you,event thank you notes for attendees,03a8bf-2.myshopify.com,Avenue de la personnalisation,CARTE DE REMERCIEMENT INVITÉ,1700,1700,1,Carte,custom,,https://avenuedelapersonnalisation.com/products/carte-de-remerciement-invite?variant=48078538375496&_gsid=ac19LindThfv&utm_source=shopify&utm_medium=catalog
occasion,event_thank_you,event thank you notes for attendees,dep-de-vie.myshopify.com,Dep de Vie,Song Bird Thank You Note Card,600,600,1,,,,https://depdevie.ca/products/song-bird-thank-you-note-car?variant=47149461930239&_gsid=ac19LindThfv&utm_source=shopify&utm_medium=catalog
occasion,event_thank_you,event thank you notes for attendees,the-party-place-sarnia.myshopify.com,The Party Place,Floral Thank You Notes,1998,1998,1,,,,https://thepartyplace.ca/products/floral-thank-you-notes?variant=40611902128173&_gsid=ac19LindThfv&utm_source=shopify&utm_medium=catalog
occasion,event_thank_you,event thank you notes for attendees,duly-noted-stationery.myshopify.com,Duly Noted Stationery,Boxed Notes - Pink Floral Thank You,2195,2195,1,,,,https://www.dulynoted.ca/products/boxed-notes-pink-floral-thank-you?variant=48044541640952&_gsid=ac19LindThfv&utm_source=shopify&utm_medium=catalog
occasion,event_thank_you,event thank you notes for attendees,the-party-place-sarnia.myshopify.com,The Party Place,Flourish Frame Thank You Notes,2498,2498,1,,,,https://thepartyplace.ca/products/flourish-frame-thank-you-notes?variant=40611902193709&_gsid=ac19LindThfv&utm_source=shopify&utm_medium=catalog
occasion,event_thank_you,event thank you notes for attendees,juxtaposegifts.myshopify.com,Juxtapose Cards & Gifts,Eucalyptus Thank You Boxed Note Cards,1595,1595,1,,,,https://juxtaposeannex.com/products/eucalyptus-thank-you-boxed-note-cards?variant=44463336718490&_gsid=ac19LindThfv&utm_source=shopify&utm_medium=catalog
occasion,event_thank_you,event thank you notes for attendees,goodhabit-dev.myshopify.com,Goodhabit,Handwritten note,634,634,1,,personaliz,,https://goodhabitskin.com/products/handwritten-note?variant=42814476845215&_gsid=ac19LindThfv&utm_source=shopify&utm_medium=catalog
occasion,event_thank_you,event thank you notes for attendees,claudiaowen.myshopify.com,Claudia Owen,"Business Party Invitation Set Editable Template, Save the Date Card, Thank You Note Digital Download, Welcome Sign for Corporate Event, Company Office Party Printable",3600,3600,1,,custom,,https://claudiaowen.com/products/business-party-invitation-editable-template-save-the-date-thank-you-note-digital-download-corporate-event-company-office-party-printable-64955552?variant=44027768275222&_gsid=ac19LindThfv&utm_source=shopify&utm_medium=catalog
occasion,event_thank_you,event thank you notes for attendees,interior-couture-toronto.myshopify.com,Interior Couture,Pink Dot Thank You Note Set,5500,5500,1,,,,https://interiorcouture.ca/products/pink-dot-thank-you-note-set?variant=52320310886703&_gsid=ac19LindThfv&utm_source=shopify&utm_medium=catalog
occasion,event_thank_you,event thank you notes for attendees,collected-joy.myshopify.com,Collected Joy,Japanese Design Thank you Card box of 16,2400,2400,1,,personaliz,,https://collected-joy.com/products/japanese-design-thank-you-card-box-of-40?variant=42051323592783&_gsid=ac19LindThfv&utm_source=shopify&utm_medium=catalog
occasion,event_thank_you,event thank you notes for attendees,outer-layer.myshopify.com,Outer Layer,Gold Dots Thank You Note Cards,1499,1499,1,,,,https://outerlayer.com/products/gold-dots-thank-you-note-cards-by-peter-pauper-press?variant=375152214044&_gsid=ac19LindThfv&utm_source=shopify&utm_medium=catalog
occasion,event_thank_you,event thank you notes for attendees,midoco-art-office-supplies.myshopify.com,Midoco Art & Office Supplies,Peter Pauper Press Notecards 14pk - Garden Blooms Thank You Notes,1499,1499,1,,,,https://midoco.ca/products/ppp-thank-you-cards-14pk-64282?variant=51232131350564&_gsid=ac19LindThfv&utm_source=shopify&utm_medium=catalog
occasion,event_thank_you,event thank you notes for attendees,d9c260-3.myshopify.com,Wordkind ,Chalkboard Thank You Notes,1299,1299,1,,,,https://wordkind.ca/products/chalkboard-thank-you-notes?variant=44704084263102&_gsid=ac19LindThfv&utm_source=shopify&utm_medium=catalog
sentence,sentence_cards,a personalized thank you card for each guest after the event,ab5530-e6.myshopify.com,"The Fringed Saddle, LLC",Guest check thank you card template,500,500,1,,custom; personaliz,,https://thefringedsaddlellc.com/products/guest-check-thank-you-card-template?variant=50677068300583&_gsid=KYfFBJ6Y4Enm&utm_source=shopify&utm_medium=catalog
sentence,sentence_cards,a personalized thank you card for each guest after the event,awdpzq-25.myshopify.com,Little Treasure Box,"Wedding Thank You Photo Card with Magnet, Save the Date, Guest Gift ,Flat, Maget with Glossy Card, custom couple card, meaningful unique",620,620,1,Set size; Choose your version,custom; personaliz,,https://littletreasurebox.ca/products/wedding-thank-you-photo-card-with-magnet-save-the-date-guest-gift-flat-maget-with-glossy-card-custom-couple-card-meaningful-unique?variant=47318662742242&_gsid=KYfFBJ6Y4Enm&utm_source=shopify&utm_medium=catalog
sentence,sentence_cards,a personalized thank you card for each guest after the event,goprintplus.myshopify.com,Go Print Plus,Cocktail Brunch Thank You Card,6200,6200,1,Flat or folded - by size; Paper type; Quantity,personaliz,,https://goprintplus.com/products/cocktail-brunch-thank-you-card?variant=45716357578938&_gsid=KYfFBJ6Y4Enm&utm_source=shopify&utm_medium=catalog
sentence,sentence_cards,a personalized thank you card for each guest after the event,03a8bf-2.myshopify.com,Avenue de la personnalisation,CARTE DE REMERCIEMENT INVITÉ,1700,1700,1,Carte,custom,,https://avenuedelapersonnalisation.com/products/carte-de-remerciement-invite?variant=48078538375496&_gsid=KYfFBJ6Y4Enm&utm_source=shopify&utm_medium=catalog
sentence,sentence_cards,a personalized thank you card for each guest after the event,goprintplus.myshopify.com,Go Print Plus,Lone Feather Thank You Card,6200,6200,1,Flat or folded - by size; Paper type; Quantity,,,https://goprintplus.com/products/lone-feather-thank-you-card?variant=45717144142010&_gsid=KYfFBJ6Y4Enm&utm_source=shopify&utm_medium=catalog
sentence,sentence_cards,a personalized thank you card for each guest after the event,artisaire.myshopify.com,Artisaire,Scribble Thank You Card,310,310,1,Paper; Color,personaliz,,https://artisaire.com/products/scribble-thank-you-cards?variant=44879047196828&_gsid=KYfFBJ6Y4Enm&utm_source=shopify&utm_medium=catalog
sentence,sentence_cards,a personalized thank you card for each guest after the event,goprintplus.myshopify.com,Go Print Plus,Golden Mandala Wedding Thank You Card,6200,6200,1,Flat or folded - by size; Paper type; Quantity,,,https://goprintplus.com/products/golden-mandala-wedding-thank-you-card?variant=45716594491578&_gsid=KYfFBJ6Y4Enm&utm_source=shopify&utm_medium=catalog
sentence,sentence_cards,a personalized thank you card for each guest after the event,alvina-grace-designs.myshopify.com,Cotton Willow Design Co.,Elegant Floral,400,400,1,Envelope addressing,custom,,https://www.cottonwillowdesign.com/products/elegant-floral?variant=26098536208&_gsid=KYfFBJ6Y4Enm&utm_source=shopify&utm_medium=catalog
sentence,sentence_cards,a personalized thank you card for each guest after the event,juxtaposegifts.myshopify.com,Juxtapose Cards & Gifts,Garden Party Thank You Keepsake Boxed Cards,4695,4695,1,,,,https://juxtaposeannex.com/products/garden-party-thank-you-keepsake-boxed-cards?variant=48494468366490&_gsid=KYfFBJ6Y4Enm&utm_source=shopify&utm_medium=catalog
sentence,sentence_cards,a personalized thank you card for each guest after the event,goprintplus.myshopify.com,Go Print Plus,Soft Touch Thank You Card,6200,6200,1,Flat or folded - by size; Paper type; Quantity,,,https://goprintplus.com/products/soft-touch-thank-you-card?variant=45716960739514&_gsid=KYfFBJ6Y4Enm&utm_source=shopify&utm_medium=catalog
sentence,sentence_cards,a personalized thank you card for each guest after the event,goprintplus.myshopify.com,Go Print Plus,Formal Wreath Thank You Card,6200,6200,1,Flat or folded - by size; Paper type; Quantity,,,https://goprintplus.com/products/formal-wreath-thank-you-card?variant=45717127594170&_gsid=KYfFBJ6Y4Enm&utm_source=shopify&utm_medium=catalog
sentence,sentence_cards,a personalized thank you card for each guest after the event,goprintplus.myshopify.com,Go Print Plus,Botanical Garden Thank You Card,6200,6200,1,Flat or folded - by size; Paper type; Quantity,,,https://goprintplus.com/products/botanical-garden-thank-you-card?variant=45715168067770&_gsid=KYfFBJ6Y4Enm&utm_source=shopify&utm_medium=catalog
sentence,sentence_cards,a personalized thank you card for each guest after the event,artisaire.myshopify.com,Artisaire,Design Your Own Thank You Card,310,310,1,Paper,personaliz,,https://artisaire.com/products/design-your-own-thank-you-card?variant=44941391790236&_gsid=KYfFBJ6Y4Enm&utm_source=shopify&utm_medium=catalog
sentence,sentence_cards,a personalized thank you card for each guest after the event,collected-joy.myshopify.com,Collected Joy,Rifle Thank You Bouquet,750,750,1,,personaliz,,https://collected-joy.com/products/rifle-thank-you-bouquet?variant=40360393736271&_gsid=KYfFBJ6Y4Enm&utm_source=shopify&utm_medium=catalog
sentence,sentence_cards,a personalized thank you card for each guest after the event,exclusive-invites-co.myshopify.com,Exclusive Invites,Thank You Box Sets 14 Card Set,1099,1099,1,Style,,,https://exclusiveinvites.ca/products/thank-you-box-set?variant=41081478512837&_gsid=KYfFBJ6Y4Enm&utm_source=shopify&utm_medium=catalog
sentence,sentence_cards,a personalized thank you card for each guest after the event,goprintplus.myshopify.com,Go Print Plus,Eucalyptus Splash Thank You Card,6200,6200,1,Flat or folded - by size; Paper type; Quantity,,,https://goprintplus.com/products/eucalyptus-splash-thank-you-card?variant=45717284847802&_gsid=KYfFBJ6Y4Enm&utm_source=shopify&utm_medium=catalog
sentence,sentence_cards,a personalized thank you card for each guest after the event,goprintplus.myshopify.com,Go Print Plus,Gift Card Thank You Card,6200,6200,1,Flat or folded - by size; Paper type; Quantity,,,https://goprintplus.com/products/gift-card-thank-you-card?variant=45716331528378&_gsid=KYfFBJ6Y4Enm&utm_source=shopify&utm_medium=catalog
sentence,sentence_cards,a personalized thank you card for each guest after the event,9522c1-fd.myshopify.com,PRETTY PEONIES SHOP,Blue Wedding Crest Thank You Card Template,800,800,1,,custom,,https://prettypeoniesshop.com/products/blue-wedding-crest-thank-you-card-template?variant=49978630832424&_gsid=KYfFBJ6Y4Enm&utm_source=shopify&utm_medium=catalog
sentence,sentence_cards,a personalized thank you card for each guest after the event,sfgd9w-x0.myshopify.com,Flowerhint,"Boho Arch and Pampas Grass Personalized Wedding Thank You Cards with Message,... Pampas Grass",6151,6151,1,,personaliz; custom,,https://www.flowerhint.com/products/boho-arch-and-pampas-grass-personalized-wedding-thank-you-cards-with-message-pampas-grass?variant=42691429040215&_gsid=KYfFBJ6Y4Enm&utm_source=shopify&utm_medium=catalog
sentence,sentence_cards,a personalized thank you card for each guest after the event,goprintplus.myshopify.com,Go Print Plus,Painted Sage Thank You Card,6200,6200,1,Flat or folded - by size; Paper type; Quantity,,,https://goprintplus.com/products/painted-sage-thank-you-card?variant=45717067464890&_gsid=KYfFBJ6Y4Enm&utm_source=shopify&utm_medium=catalog
sentence,sentence_cards,a personalized thank you card for each guest after the event,goprintplus.myshopify.com,Go Print Plus,Dreamy Floral Thank You Card,6200,6200,1,Flat or folded - by size; Paper type; Quantity,,,https://goprintplus.com/products/dreamy-floral-thank-you-card?variant=45717301395642&_gsid=KYfFBJ6Y4Enm&utm_source=shopify&utm_medium=catalog
sentence,sentence_cards,a personalized thank you card for each guest after the event,goprintplus.myshopify.com,Go Print Plus,Sweeping Greenery Thank You Card,6200,6200,1,Flat or folded - by size; Paper type; Quantity,,,https://goprintplus.com/products/sweeping-greenery-thank-you-card?variant=45716918042810&_gsid=KYfFBJ6Y4Enm&utm_source=shopify&utm_medium=catalog
sentence,sentence_cards,a personalized thank you card for each guest after the event,goprintplus.myshopify.com,Go Print Plus,Rustic Botanical Thank You Card,6200,6200,1,Flat or folded - by size; Paper type; Quantity,,,https://goprintplus.com/products/rustic-botanical-thank-you-card?variant=45716680769722&_gsid=KYfFBJ6Y4Enm&utm_source=shopify&utm_medium=catalog
sentence,sentence_cards,a personalized thank you card for each guest after the event,good-nbr.myshopify.com,Good Neighbour,Peacock Thank You Card (Boxed Set of 8),3600,3600,1,,personaliz,,https://www.goodnbr.com/products/peacock-thank-you-card-boxed-set-of-8?variant=40889176457259&_gsid=KYfFBJ6Y4Enm&utm_source=shopify&utm_medium=catalog
sentence,sentence_cards,a personalized thank you card for each guest after the event,redpegasusstore.myshopify.com,Red Pegasus,Delphine Thank You Cards (Set of 8),3600,3600,1,,personaliz,,https://redpegasus.ca/products/cardinals-holiday-cards-box-set?variant=42067601358935&_gsid=KYfFBJ6Y4Enm&utm_source=shopify&utm_medium=catalog
sentence,sentence_cards,a personalized thank you card for each guest after the event,creativejamco.myshopify.com,Templatables,VRBO Thank You Card for Hosts | Editable Welcome Card | Mono,600,600,1,,custom,,https://www.templatables.com/products/airbnb-welcome-card-template-mono?variant=42585312067745&_gsid=KYfFBJ6Y4Enm&utm_source=shopify&utm_medium=catalog
sentence,sentence_cards,a personalized thank you card for each guest after the event,goprintplus.myshopify.com,Go Print Plus,Twisted Tree Thank You Card,6200,6200,1,Flat or folded - by size; Paper type; Quantity,,,https://goprintplus.com/products/twisted-tree-thank-you-card?variant=45716906213562&_gsid=KYfFBJ6Y4Enm&utm_source=shopify&utm_medium=catalog
sentence,sentence_cards,a personalized thank you card for each guest after the event,37d627-7f.myshopify.com,Amber & Rose Creative Studios,Wedding Photo Thank You Card Template,800,800,1,,custom,,https://www.amberrosecreativestudios.com/products/wedding-photo-thank-you-card-template?variant=48630561374392&_gsid=KYfFBJ6Y4Enm&utm_source=shopify&utm_medium=catalog
sentence,sentence_cards,a personalized thank you card for each guest after the event,goprintplus.myshopify.com,Go Print Plus,Ivory Peonies Thank You Card,6200,6200,1,Flat or folded - by size; Paper type; Quantity,,,https://goprintplus.com/products/ivory-peonies-thank-you-card?variant=45716306493626&_gsid=KYfFBJ6Y4Enm&utm_source=shopify&utm_medium=catalog
sentence,sentence_cards,a personalized thank you card for each guest after the event,creativejamco.myshopify.com,Templatables,Airbnb Thank You Card for Hosts | Editable Comment Card | Blue,600,600,1,,custom,,https://www.templatables.com/products/airbnb-welcome-card-template-blue?variant=42585326125217&_gsid=KYfFBJ6Y4Enm&utm_source=shopify&utm_medium=catalog
sentence,sentence_cards,a personalized thank you card for each guest after the event,8175d4.myshopify.com,Lumen Christi Books & Gifts,Thank You for Your Hospitality  Greeting Card by Legacy with Deluxe Envelope,300,300,1,,,,https://lumenchristibooks.ca/products/thank-you-for-your-hospitality-greeting-card-by-legacy-with-deluxe-envelope?variant=41121563279427&_gsid=KYfFBJ6Y4Enm&utm_source=shopify&utm_medium=catalog
sentence,sentence_cards,a personalized thank you card for each guest after the event,goprintplus.myshopify.com,Go Print Plus,Warm Red Bouquet Thank You Card,6200,6200,1,Flat or folded - by size; Paper type; Quantity,,,https://goprintplus.com/products/warm-red-bouquet-thank-you-card?variant=45716818428090&_gsid=KYfFBJ6Y4Enm&utm_source=shopify&utm_medium=catalog
sentence,sentence_cards,a personalized thank you card for each guest after the event,lilac-white-2022.myshopify.com,Lilac & White,Bethany Wedding Photo Thank You Cards,20800,20800,1,Quantity & pricing,custom,,https://lilacandwhite.com/products/bethany-wedding-photo-thank-you-cards?variant=42210899951716&_gsid=KYfFBJ6Y4Enm&utm_source=shopify&utm_medium=catalog
sentence,sentence_cards,a personalized thank you card for each guest after the event,thecrossdesign.myshopify.com,The Cross Living,English Rose Thank You Card Boxed Set,5000,5000,1,,personaliz,,https://www.thecrossliving.com/products/english-rose-thank-you-card-boxed-set?variant=43839386681401&_gsid=KYfFBJ6Y4Enm&utm_source=shopify&utm_medium=catalog
sentence,sentence_cards,a personalized thank you card for each guest after the event,goprintplus.myshopify.com,Go Print Plus,Floral Suede Thank You Card,6200,6200,1,Flat or folded - by size; Paper type; Quantity,,,https://goprintplus.com/products/floral-suede-thank-you-card?variant=45717031944378&_gsid=KYfFBJ6Y4Enm&utm_source=shopify&utm_medium=catalog
sentence,sentence_cards,a personalized thank you card for each guest after the event,goprintplus.myshopify.com,Go Print Plus,Exquisite Border Thank You Card,6200,6200,1,Flat or folded - by size; Paper type; Quantity,,,https://goprintplus.com/products/exquisite-border-thank-you-card?variant=45717282488506&_gsid=KYfFBJ6Y4Enm&utm_source=shopify&utm_medium=catalog
sentence,sentence_cards,a personalized thank you card for each guest after the event,realtors-printing.myshopify.com,Lauprint,Thank you Cards For Wedding,5562,5562,1,Envelope color; Quantity,custom,,https://lauprint.com/products/thank-you-cards-for-wedding-copy-4?variant=44957073834145&_gsid=KYfFBJ6Y4Enm&utm_source=shopify&utm_medium=catalog
sentence,sentence_cards,a personalized thank you card for each guest after the event,goprintplus.myshopify.com,Go Print Plus,You're Invited Wedding Thank You Card - Modern Black & White Design,6200,6200,1,Flat or folded - by size; Paper type; Quantity,,,https://goprintplus.com/products/youre-invited-wedding-thank-you-card?variant=45715322044602&_gsid=KYfFBJ6Y4Enm&utm_source=shopify&utm_medium=catalog
sentence,sentence_cards,a personalized thank you card for each guest after the event,realtors-printing.myshopify.com,Lauprint,Thank you Cards For Wedding,5562,5562,1,Envelope color; Quantity,custom,,https://lauprint.com/products/thank-you-cards-for-wedding-copy-18?variant=44957343219873&_gsid=KYfFBJ6Y4Enm&utm_source=shopify&utm_medium=catalog
sentence,sentence_cards,a personalized thank you card for each guest after the event,goprintplus.myshopify.com,Go Print Plus,Mandala Border Thank You Card,6200,6200,1,Flat or folded - by size; Paper type; Quantity,,,https://goprintplus.com/products/mandala-border-thank-you-card?variant=45717132312762&_gsid=KYfFBJ6Y4Enm&utm_source=shopify&utm_medium=catalog
sentence,sentence_cards,a personalized thank you card for each guest after the event,goprintplus.myshopify.com,Go Print Plus,Serene Wildflower Thank You Card - Watercolor Meadow Border Design,6200,6200,1,Flat or folded - by size; Paper type; Quantity,personaliz,,https://goprintplus.com/products/serene-wildflower-thank-you-card?variant=45715080544442&_gsid=KYfFBJ6Y4Enm&utm_source=shopify&utm_medium=catalog
sentence,sentence_cards,a personalized thank you card for each guest after the event,thecrdroom2.myshopify.com,The Card Room at KRICKET’S ,Rifle Paper Co - Rose Garden Thank You Cards Boxed Set of 8,3295,3295,1,,personaliz,,https://thecardroom.ca/products/rifle-paper-co-rose-garden-thank-you-card-box-of-8?variant=42339571335306&_gsid=KYfFBJ6Y4Enm&utm_source=shopify&utm_medium=catalog
sentence,sentence_cards,a personalized thank you card for each guest after the event,thecrossdesign.myshopify.com,The Cross Living,Pink Hydrangea Thank You Card Boxed Set,2000,2000,1,,,,https://www.thecrossliving.com/products/pink-hydrangea-thank-you-card-boxed-set?variant=45779044827193&_gsid=KYfFBJ6Y4Enm&utm_source=shopify&utm_medium=catalog
sentence,sentence_cards,a personalized thank you card for each guest after the event,thecrossdesign.myshopify.com,The Cross Living,Hydrangea Thank You Card Boxed Set,4500,4500,1,,,,https://www.thecrossliving.com/products/hydrangea-thank-you-card-boxed-set?variant=44686546862137&_gsid=KYfFBJ6Y4Enm&utm_source=shopify&utm_medium=catalog
sentence,sentence_cards,a personalized thank you card for each guest after the event,realtors-printing.myshopify.com,Lauprint,Thank you Cards For Wedding,5562,5562,1,Envelope color; Quantity,custom,,https://lauprint.com/products/thank-you-cards-for-wedding-copy-8?variant=44957180100769&_gsid=KYfFBJ6Y4Enm&utm_source=shopify&utm_medium=catalog
sentence,sentence_cards,a personalized thank you card for each guest after the event,48f667.myshopify.com,Shop Solid Society,Wedding Thank You Card Template | Boho Horizontal | Edit on Canva,700,700,1,,custom,,https://shopsolidsociety.com/products/wedding-thank-you-card-template-boho-14843?variant=45483213914413&_gsid=KYfFBJ6Y4Enm&utm_source=shopify&utm_medium=catalog
sentence,sentence_cards,a personalized thank you card for each guest after the event,psmgraphix-com.myshopify.com,PSMGraphix,Best Wishes - Bundle,4999,4999,1,,custom,,https://psmgraphix.com/products/copy-of-baby-on-board-bundle?variant=45354079387956&_gsid=KYfFBJ6Y4Enm&utm_source=shopify&utm_medium=catalog
sentence,sentence_cards,a personalized thank you card for each guest after the event,artisaire.myshopify.com,Artisaire,Maison Thank You Card,310,310,1,Paper; Color,custom,,https://artisaire.com/products/maison-thank-you-cards?variant=44879765274780&_gsid=KYfFBJ6Y4Enm&utm_source=shopify&utm_medium=catalog
sentence,sentence_cards,a personalized thank you card for each guest after the event,realtors-printing.myshopify.com,Lauprint,Thank you Cards For Wedding,5562,5562,1,Envelope color; Quantity,custom,,https://lauprint.com/products/thank-you-cards-for-wedding-copy-15?variant=44957223256225&_gsid=KYfFBJ6Y4Enm&utm_source=shopify&utm_medium=catalog
sentence,sentence_cards,a personalized thank you card for each guest after the event,goprintplus.myshopify.com,Go Print Plus,Rustic Roses Thank You Card,6200,6200,1,Flat or folded - by size; Paper type; Quantity,,,https://goprintplus.com/products/rustic-roses-thank-you-card?variant=45716989051066&_gsid=KYfFBJ6Y4Enm&utm_source=shopify&utm_medium=catalog
